/*
 * ix_program.c — image mémoire de `program` pour le moteur IMAGEXCEL
 * (générée par tools/ix_scripts.py ; ne pas modifier).
 *
 * Chaque hunk est placé à l'adresse virtuelle IX_VM_BASE + somme des
 * tailles allouées des hunks précédents ; ix_vm_load() copie les données,
 * met le reste (BSS) à zéro et applique les relocations.
 */

#include "ix_data.h"

static const uint8_t ix_program_h0[4688] = {
    0x23, 0xC9, 0x00, 0x00, 0x02, 0x02, 0x23, 0xC1, 0x00, 0x00, 0x02, 0x06, 0x23, 0xC8, 0x00, 0x00,
    0x02, 0x0A, 0x23, 0xC0, 0x00, 0x00, 0x02, 0x0E, 0x4E, 0xB9, 0x00, 0x00, 0x00, 0x40, 0x33, 0xF9,
    0x00, 0x00, 0x03, 0xE0, 0x00, 0x00, 0x01, 0x90, 0x4E, 0xB9, 0x00, 0x00, 0x00, 0x00, 0x4E, 0xB9,
    0x00, 0x00, 0x00, 0x00, 0x4E, 0xB9, 0x00, 0x00, 0x01, 0x94, 0x4E, 0xB9, 0x00, 0x00, 0x0F, 0xCE,
    0x4E, 0xB9, 0x00, 0x00, 0x00, 0x00, 0x41, 0xF9, 0x00, 0x00, 0x00, 0x1E, 0x4E, 0xB9, 0x00, 0x00,
    0x00, 0x00, 0x41, 0xF9, 0x00, 0x00, 0x00, 0x28, 0x20, 0xBC, 0x00, 0x00, 0x02, 0xCC, 0x4E, 0xB9,
    0x00, 0x00, 0x11, 0x76, 0x30, 0x39, 0x00, 0x00, 0x01, 0x90, 0x02, 0x40, 0x00, 0x80, 0xB0, 0x7C,
    0x00, 0x80, 0x67, 0x00, 0x00, 0xAC, 0x23, 0xFC, 0x00, 0x00, 0x00, 0x00, 0x00, 0x00, 0x00, 0x88,
    0x23, 0xFC, 0x00, 0x00, 0x00, 0x00, 0x00, 0x00, 0x00, 0x9A, 0x23, 0xFC, 0x00, 0x00, 0x00, 0x02,
    0x00, 0x00, 0x02, 0x3E, 0x4E, 0xB9, 0x00, 0x00, 0x0C, 0x50, 0x4E, 0xB9, 0x00, 0x00, 0x01, 0x36,
    0x4A, 0x79, 0x00, 0x00, 0x0F, 0x60, 0x66, 0x00, 0x00, 0x6C, 0x4E, 0xB9, 0x00, 0x00, 0x05, 0xAA,
    0x23, 0xFC, 0x00, 0x00, 0x00, 0x04, 0x00, 0x00, 0x00, 0x9A, 0x4E, 0xB9, 0x00, 0x00, 0x03, 0xF0,
    0x4E, 0xB9, 0x00, 0x00, 0x04, 0x38, 0x4E, 0xB9, 0x00, 0x00, 0x00, 0x8E, 0x4E, 0xB9, 0x00, 0x00,
    0x03, 0x66, 0x4E, 0xB9, 0x00, 0x00, 0x06, 0x10, 0x4E, 0xB9, 0x00, 0x00, 0x06, 0xBE, 0x4E, 0xB9,
    0x00, 0x00, 0x07, 0x92, 0x4E, 0xB9, 0x00, 0x00, 0x07, 0x38, 0x4E, 0xB9, 0x00, 0x00, 0x0C, 0x50,
    0x41, 0xF9, 0x00, 0x00, 0x00, 0x78, 0x4E, 0xB9, 0x00, 0x00, 0x11, 0xCA, 0x20, 0x3C, 0x00, 0x00,
    0x01, 0xA4, 0x4E, 0xB9, 0x00, 0x00, 0x06, 0x58, 0x4E, 0xB9, 0x00, 0x00, 0x0C, 0x50, 0x4E, 0xB9,
    0x00, 0x00, 0x00, 0x34, 0x41, 0xF9, 0x00, 0x00, 0x01, 0x8C, 0x4E, 0xF9, 0x00, 0x00, 0x00, 0x00,
    0x41, 0xF9, 0x00, 0x00, 0x00, 0x04, 0x4E, 0xB9, 0x00, 0x00, 0x11, 0xCA, 0x4E, 0xB9, 0x00, 0x00,
    0x05, 0x00, 0x23, 0xFC, 0x00, 0x00, 0x00, 0x02, 0x00, 0x00, 0x00, 0x9A, 0x4E, 0xB9, 0x00, 0x00,
    0x09, 0x38, 0x4E, 0xB9, 0x00, 0x00, 0x0A, 0xBA, 0x4E, 0xB9, 0x00, 0x00, 0x0B, 0xD8, 0x4E, 0xB9,
    0x00, 0x00, 0x0D, 0x2E, 0x41, 0xF9, 0x00, 0x00, 0x01, 0x76, 0x4E, 0xB9, 0x00, 0x00, 0x11, 0xCA,
    0x20, 0x3C, 0x00, 0x00, 0x00, 0x19, 0x4E, 0xB9, 0x00, 0x00, 0x06, 0x58, 0x4E, 0xB9, 0x00, 0x00,
    0x0C, 0x50, 0x60, 0x00, 0xFF, 0xA0, 0x00, 0x00, 0x01, 0x84, 0x00, 0x00, 0x00, 0x5F, 0x00, 0x01,
    0x00, 0x00, 0x00, 0x00, 0x54, 0x68, 0x65, 0x20, 0x45, 0x6E, 0x64, 0x00, 0x4D, 0x6F, 0x67, 0x00,
    0x00, 0x00, 0x00, 0x00, 0x7E, 0x05, 0x4E, 0xB9, 0x00, 0x00, 0x00, 0x00, 0x30, 0x3C, 0x00, 0x00,
    0x32, 0x3C, 0x00, 0x00, 0x34, 0x3C, 0x00, 0x28, 0x36, 0x3C, 0x00, 0xC8, 0x4E, 0xB9, 0x00, 0x00,
    0x00, 0x38, 0x4E, 0xB9, 0x00, 0x00, 0x0C, 0x92, 0x4E, 0x75, 0x4E, 0xB9, 0x00, 0x00, 0x03, 0x30,
    0x4E, 0xB9, 0x00, 0x00, 0x02, 0xBE, 0x4A, 0x79, 0x00, 0x00, 0x00, 0x8E, 0x67, 0x02, 0x4E, 0x75,
    0x4E, 0xB9, 0x00, 0x00, 0x03, 0x2A, 0x4A, 0x79, 0x00, 0x00, 0x02, 0x46, 0x67, 0x06, 0x4E, 0xB9,
    0x00, 0x00, 0x0E, 0x1C, 0x4E, 0xB9, 0x00, 0x00, 0x0C, 0x92, 0x4E, 0xB9, 0x00, 0x00, 0x0A, 0x18,
    0x4A, 0x79, 0x00, 0x00, 0x00, 0x8A, 0x66, 0x04, 0x61, 0x00, 0x00, 0x60, 0x61, 0x00, 0x01, 0x3E,
    0x4E, 0xF9, 0x00, 0x00, 0x01, 0xBA, 0x61, 0x00, 0x01, 0x28, 0x4E, 0xB9, 0x00, 0x00, 0x02, 0xBE,
    0x4E, 0xB9, 0x00, 0x00, 0x03, 0x2A, 0x4A, 0x79, 0x00, 0x00, 0x02, 0x46, 0x67, 0x06, 0x4E, 0xB9,
    0x00, 0x00, 0x0E, 0x1C, 0x4E, 0xB9, 0x00, 0x00, 0x0C, 0x92, 0x4E, 0xB9, 0x00, 0x00, 0x0A, 0x18,
    0x4A, 0x79, 0x00, 0x00, 0x00, 0x8A, 0x66, 0x04, 0x61, 0x00, 0x00, 0x20, 0x61, 0x00, 0x00, 0xFE,
    0x06, 0x79, 0x00, 0x01, 0x00, 0x00, 0x06, 0x04, 0x0C, 0x79, 0x00, 0x10, 0x00, 0x00, 0x06, 0x04,
    0x66, 0x02, 0x4E, 0x75, 0x4E, 0xF9, 0x00, 0x00, 0x02, 0x06, 0x33, 0xFC, 0x00, 0x01, 0x00, 0x00,
    0x00, 0x8A, 0x0C, 0x79, 0x00, 0x02, 0x00, 0x00, 0x00, 0x88, 0x67, 0x00, 0x00, 0x40, 0x0C, 0x79,
    0x00, 0x04, 0x00, 0x00, 0x00, 0x88, 0x67, 0x00, 0x00, 0x1A, 0x0C, 0x79, 0x00, 0x05, 0x00, 0x00,
    0x00, 0x88, 0x67, 0x00, 0x00, 0x38, 0x0C, 0x79, 0x00, 0x03, 0x00, 0x00, 0x00, 0x88, 0x67, 0x00,
    0x00, 0x34, 0x20, 0x79, 0x00, 0x00, 0x00, 0x84, 0x4E, 0xB9, 0x00, 0x00, 0x07, 0x88, 0x20, 0x79,
    0x00, 0x00, 0x00, 0x84, 0x4E, 0xB9, 0x00, 0x00, 0x0C, 0x40, 0x4E, 0x75, 0x20, 0x79, 0x00, 0x00,
    0x00, 0x84, 0x70, 0x02, 0x4E, 0xB9, 0x00, 0x00, 0x00, 0x1A, 0x4E, 0x75, 0x4E, 0xB9, 0x00, 0x00,
    0x0B, 0xF8, 0x4E, 0x75, 0x4E, 0xB9, 0x00, 0x00, 0x0C, 0x1C, 0x4E, 0x75, 0x33, 0xFC, 0x00, 0x01,
    0x00, 0x00, 0x00, 0x8E, 0x20, 0x7C, 0x00, 0x00, 0x00, 0x00, 0x4E, 0x75, 0x20, 0x7C, 0x00, 0x00,
    0x00, 0x00, 0x4E, 0x75, 0x24, 0x7C, 0x00, 0x00, 0x00, 0xDE, 0x30, 0x3C, 0x00, 0xA0, 0x32, 0x3C,
    0x00, 0x00, 0x34, 0x3C, 0x00, 0x64, 0xD4, 0x79, 0x00, 0x00, 0x2D, 0xC6, 0x36, 0x3C, 0x00, 0x01,
    0x7A, 0x00, 0x4E, 0xB9, 0x00, 0x00, 0x01, 0x98, 0x4E, 0x75, 0x24, 0x7C, 0x00, 0x00, 0x00, 0xDE,
    0x30, 0x3C, 0x00, 0x78, 0x32, 0x3C, 0x00, 0x00, 0x34, 0x3C, 0x00, 0x64, 0xD4, 0x79, 0x00, 0x00,
    0x2D, 0xC8, 0x36, 0x3C, 0x00, 0x03, 0x7A, 0x00, 0x4E, 0xB9, 0x00, 0x00, 0x01, 0x98, 0x4E, 0x75,
    0x23, 0xF9, 0x00, 0x00, 0x00, 0x0A, 0x00, 0x00, 0x00, 0x96, 0x4E, 0x75, 0x20, 0x39, 0x00, 0x00,
    0x00, 0x0A, 0x22, 0x39, 0x00, 0x00, 0x00, 0x96, 0x90, 0x81, 0x22, 0x39, 0x00, 0x00, 0x02, 0x3E,
    0xD2, 0xB9, 0x00, 0x00, 0x00, 0x9A, 0x92, 0x80, 0x6A, 0x02, 0x72, 0x00, 0x20, 0x01, 0x4E, 0xB9,
    0x00, 0x00, 0x06, 0x58, 0x4E, 0x75, 0x4E, 0xB9, 0x00, 0x00, 0x02, 0x64, 0x4E, 0xB9, 0x00, 0x00,
    0x0B, 0xF8, 0x4E, 0xB9, 0x00, 0x00, 0x0C, 0x92, 0x23, 0xF9, 0x00, 0x00, 0x02, 0x22, 0x00, 0x00,
    0x02, 0x12, 0x4E, 0xB9, 0x00, 0x00, 0x0C, 0xC4, 0x33, 0xFC, 0x00, 0x00, 0x00, 0x00, 0x00, 0x8A,
    0x33, 0xFC, 0x00, 0x04, 0x00, 0x00, 0x00, 0x88, 0x23, 0xFC, 0x00, 0x00, 0x00, 0x86, 0x00, 0x00,
    0x00, 0x84, 0x33, 0xFC, 0x00, 0x00, 0x00, 0x00, 0x00, 0x8E, 0x61, 0x00, 0x04, 0x6C, 0x33, 0xFC,
    0x00, 0x00, 0x00, 0x00, 0x06, 0x02, 0x23, 0xFC, 0x00, 0x00, 0x05, 0x60, 0x00, 0x00, 0x06, 0x0A,
    0x33, 0xFC, 0x00, 0x04, 0x00, 0x00, 0x06, 0x08, 0x33, 0xFC, 0x00, 0x00, 0x00, 0x00, 0x06, 0x0E,
    0x61, 0x00, 0x01, 0x36, 0x41, 0xF9, 0x00, 0x00, 0x20, 0x78, 0x61, 0x00, 0xFF, 0x08, 0x4E, 0xB9,
    0x00, 0x00, 0x01, 0xBA, 0x23, 0xF9, 0x00, 0x00, 0x02, 0x16, 0x00, 0x00, 0x02, 0x12, 0x4E, 0x75,
    0x4E, 0xB9, 0x00, 0x00, 0x02, 0x64, 0x33, 0xFC, 0x00, 0x04, 0x00, 0x00, 0x06, 0x0E, 0x33, 0xFC,
    0x00, 0x01, 0x00, 0x00, 0x00, 0x8A, 0x33, 0xFC, 0x00, 0x00, 0x00, 0x00, 0x00, 0x8E, 0x33, 0xFC,
    0x00, 0x00, 0x00, 0x00, 0x06, 0x02, 0x23, 0xFC, 0x00, 0x00, 0x05, 0x70, 0x00, 0x00, 0x06, 0x0A,
    0x33, 0xFC, 0x00, 0x05, 0x00, 0x00, 0x06, 0x08, 0x23, 0xFC, 0x00, 0x00, 0x00, 0x08, 0x00, 0x00,
    0x02, 0x3E, 0x61, 0x00, 0x00, 0x94, 0x4E, 0x75, 0x4E, 0xB9, 0x00, 0x00, 0x0B, 0xF8, 0x4E, 0xB9,
    0x00, 0x00, 0x02, 0x64, 0x20, 0x79, 0x00, 0x00, 0x02, 0x32, 0x22, 0x79, 0x00, 0x00, 0x02, 0x12,
    0x4E, 0xB9, 0x00, 0x00, 0x0D, 0x6A, 0x4E, 0xB9, 0x00, 0x00, 0x0C, 0xC4, 0x33, 0xFC, 0x00, 0x00,
    0x00, 0x00, 0x00, 0x8A, 0x33, 0xFC, 0x00, 0x04, 0x00, 0x00, 0x00, 0x88, 0x23, 0xFC, 0x00, 0x00,
    0x01, 0x86, 0x00, 0x00, 0x00, 0x84, 0x33, 0xFC, 0x00, 0x00, 0x00, 0x00, 0x00, 0x8A, 0x33, 0xFC,
    0x00, 0x00, 0x00, 0x00, 0x00, 0x8E, 0x33, 0xFC, 0x00, 0x00, 0x00, 0x00, 0x06, 0x02, 0x23, 0xFC,
    0x00, 0x00, 0x05, 0xC0, 0x00, 0x00, 0x06, 0x0A, 0x33, 0xFC, 0x00, 0x05, 0x00, 0x00, 0x06, 0x08,
    0x33, 0xFC, 0x00, 0x08, 0x00, 0x00, 0x06, 0x0E, 0x33, 0xFC, 0x00, 0x01, 0x00, 0x00, 0x02, 0x46,
    0x61, 0x00, 0x00, 0x16, 0x33, 0xFC, 0x00, 0x00, 0x00, 0x00, 0x02, 0x46, 0x23, 0xFC, 0x00, 0x00,
    0x00, 0x06, 0x00, 0x00, 0x02, 0x3E, 0x4E, 0x75, 0x33, 0xF9, 0x00, 0x00, 0x06, 0x0E, 0x00, 0x00,
    0x06, 0x04, 0x30, 0x39, 0x00, 0x00, 0x06, 0x02, 0xE5, 0x48, 0x22, 0x79, 0x00, 0x00, 0x06, 0x0A,
    0x20, 0x71, 0x00, 0x00, 0x61, 0x00, 0xFD, 0xFE, 0x4E, 0xB9, 0x00, 0x00, 0x02, 0x06, 0x06, 0x79,
    0x00, 0x01, 0x00, 0x00, 0x06, 0x02, 0x30, 0x39, 0x00, 0x00, 0x06, 0x08, 0xB0, 0x79, 0x00, 0x00,
    0x06, 0x02, 0x67, 0x02, 0x60, 0xC2, 0x4E, 0x75, 0x33, 0xFC, 0x00, 0x00, 0x00, 0x00, 0x06, 0x04,
    0x30, 0x39, 0x00, 0x00, 0x06, 0x02, 0xE5, 0x48, 0x22, 0x79, 0x00, 0x00, 0x06, 0x0A, 0x20, 0x71,
    0x00, 0x00, 0x0A, 0x79, 0x00, 0x01, 0x00, 0x00, 0x06, 0x00, 0x67, 0x00, 0x00, 0x26, 0x61, 0x00,
    0xFD, 0xB4, 0x4E, 0xB9, 0x00, 0x00, 0x02, 0x06, 0x06, 0x79, 0x00, 0x01, 0x00, 0x00, 0x06, 0x02,
    0x30, 0x39, 0x00, 0x00, 0x06, 0x08, 0xB0, 0x79, 0x00, 0x00, 0x06, 0x02, 0x67, 0x02, 0x60, 0xB8,
    0x4E, 0x75, 0x61, 0x00, 0xFD, 0xB6, 0x4E, 0xB9, 0x00, 0x00, 0x02, 0x06, 0x60, 0x00, 0xFF, 0xDA,
    0x00, 0x00, 0x1B, 0xA6, 0x00, 0x00, 0x1B, 0xA6, 0x00, 0x00, 0x1D, 0xA8, 0x00, 0x00, 0x1D, 0xA8,
    0x00, 0x00, 0x16, 0x04, 0x00, 0x00, 0x16, 0x04, 0x00, 0x00, 0x16, 0x04, 0x00, 0x00, 0x16, 0x04,
    0x00, 0x00, 0x16, 0x04, 0x00, 0x00, 0x16, 0x04, 0x00, 0x00, 0x16, 0x04, 0x00, 0x00, 0x16, 0x04,
    0x00, 0x00, 0x16, 0x04, 0x00, 0x00, 0x16, 0x04, 0x00, 0x00, 0x16, 0x04, 0x00, 0x00, 0x16, 0x04,
    0x00, 0x00, 0x16, 0x04, 0x00, 0x00, 0x16, 0x04, 0x00, 0x00, 0x16, 0x04, 0x00, 0x00, 0x16, 0x04,
    0x00, 0x00, 0x16, 0x04, 0x00, 0x00, 0x16, 0x04, 0x00, 0x00, 0x16, 0x04, 0x00, 0x00, 0x16, 0x04,
    0x00, 0x00, 0x13, 0xC0, 0x00, 0x00, 0x13, 0xC0, 0x00, 0x00, 0x13, 0xC0, 0x00, 0x00, 0x13, 0xC0,
    0x00, 0x00, 0x13, 0xC0, 0x00, 0x00, 0x13, 0xC0, 0x00, 0x00, 0x13, 0xC0, 0x00, 0x00, 0x13, 0xC0,
    0x00, 0x00, 0x13, 0xC0, 0x00, 0x00, 0x13, 0xC0, 0x00, 0x00, 0x13, 0xC0, 0x00, 0x00, 0x13, 0xC0,
    0x00, 0x00, 0x13, 0xC0, 0x00, 0x00, 0x13, 0xC0, 0x00, 0x00, 0x13, 0xC0, 0x00, 0x00, 0x13, 0xC0,
    0x00, 0x00, 0x00, 0x00, 0x00, 0x00, 0x00, 0x00, 0x00, 0x00, 0x00, 0x00, 0x00, 0x00, 0x00, 0x00,
    0x4E, 0xB9, 0x00, 0x00, 0x0B, 0xF8, 0x4E, 0xB9, 0x00, 0x00, 0x0C, 0x92, 0x33, 0xFC, 0x00, 0x00,
    0x00, 0x00, 0x00, 0x8A, 0x4E, 0xB9, 0x00, 0x00, 0x02, 0x64, 0x20, 0x7C, 0x00, 0x00, 0x02, 0x48,
    0x61, 0x00, 0xFC, 0xB2, 0x23, 0xF9, 0x00, 0x00, 0x02, 0x1A, 0x00, 0x00, 0x02, 0x12, 0x4E, 0xB9,
    0x00, 0x00, 0x0C, 0xC4, 0x23, 0xFC, 0x00, 0x00, 0x00, 0x06, 0x00, 0x00, 0x00, 0x84, 0x33, 0xFC,
    0x00, 0x04, 0x00, 0x00, 0x00, 0x88, 0x33, 0xFC, 0x00, 0x00, 0x00, 0x00, 0x00, 0x8E, 0x4E, 0xB9,
    0x00, 0x00, 0x01, 0xBA, 0x4E, 0xB9, 0x00, 0x00, 0x0B, 0xF8, 0x4E, 0xB9, 0x00, 0x00, 0x02, 0x64,
    0x33, 0xFC, 0x00, 0x00, 0x00, 0x00, 0x00, 0x8A, 0x20, 0x7C, 0x00, 0x00, 0x0A, 0xF4, 0x61, 0x00,
    0xFC, 0x64, 0x23, 0xF9, 0x00, 0x00, 0x02, 0x1E, 0x00, 0x00, 0x02, 0x12, 0x4E, 0xB9, 0x00, 0x00,
    0x0C, 0xC4, 0x23, 0xFC, 0x00, 0x00, 0x00, 0x46, 0x00, 0x00, 0x00, 0x84, 0x33, 0xFC, 0x00, 0x00,
    0x00, 0x00, 0x00, 0x8E, 0x33, 0xFC, 0x00, 0x04, 0x00, 0x00, 0x00, 0x88, 0x4E, 0xB9, 0x00, 0x00,
    0x01, 0xBA, 0x23, 0xF9, 0x00, 0x00, 0x02, 0x16, 0x00, 0x00, 0x02, 0x12, 0x4E, 0x75, 0x33, 0xFC,
    0x00, 0x01, 0x00, 0x00, 0x02, 0x46, 0x33, 0xFC, 0x00, 0x02, 0x00, 0x00, 0x0E, 0xC2, 0x4E, 0xB9,
    0x00, 0x00, 0x02, 0x64, 0x4E, 0xB9, 0x00, 0x00, 0x0B, 0xF8, 0x20, 0x79, 0x00, 0x00, 0x02, 0x36,
    0x22, 0x79, 0x00, 0x00, 0x02, 0x12, 0x4E, 0xB9, 0x00, 0x00, 0x0D, 0x6A, 0x4E, 0xB9, 0x00, 0x00,
    0x0C, 0xC4, 0x23, 0xFC, 0x00, 0x00, 0x01, 0xC6, 0x00, 0x00, 0x00, 0x84, 0x33, 0xFC, 0x00, 0x00,
    0x00, 0x00, 0x00, 0x8E, 0x33, 0xFC, 0x00, 0x00, 0x00, 0x00, 0x00, 0x8A, 0x33, 0xFC, 0x00, 0x04,
    0x00, 0x00, 0x00, 0x88, 0x20, 0x7C, 0x00, 0x00, 0x13, 0x44, 0x4E, 0xB9, 0x00, 0x00, 0x02, 0xE4,
    0x4E, 0xB9, 0x00, 0x00, 0x01, 0xBA, 0x33, 0xFC, 0x00, 0x00, 0x00, 0x00, 0x02, 0x46, 0x33, 0xFC,
    0x00, 0x00, 0x00, 0x00, 0x0E, 0xC2, 0x4E, 0x75, 0x4E, 0xB9, 0x00, 0x00, 0x02, 0x64, 0x4E, 0xB9,
    0x00, 0x00, 0x0B, 0xF8, 0x20, 0x79, 0x00, 0x00, 0x02, 0x2A, 0x22, 0x79, 0x00, 0x00, 0x02, 0x12,
    0x4E, 0xB9, 0x00, 0x00, 0x0D, 0x6A, 0x4E, 0xB9, 0x00, 0x00, 0x0C, 0xC4, 0x23, 0xFC, 0x00, 0x00,
    0x01, 0x06, 0x00, 0x00, 0x00, 0x84, 0x33, 0xFC, 0x00, 0x00, 0x00, 0x00, 0x00, 0x8E, 0x33, 0xFC,
    0x00, 0x00, 0x00, 0x00, 0x00, 0x8A, 0x33, 0xFC, 0x00, 0x04, 0x00, 0x00, 0x00, 0x88, 0x20, 0x7C,
    0x00, 0x00, 0x03, 0xFE, 0x4E, 0xB9, 0x00, 0x00, 0x02, 0xE4, 0x4E, 0xB9, 0x00, 0x00, 0x01, 0xBA,
    0x4E, 0x75, 0x4E, 0xB9, 0x00, 0x00, 0x02, 0x64, 0x4E, 0xB9, 0x00, 0x00, 0x0B, 0xF8, 0x4E, 0xB9,
    0x00, 0x00, 0x0C, 0x92, 0x23, 0xF9, 0x00, 0x00, 0x02, 0x22, 0x00, 0x00, 0x02, 0x12, 0x4E, 0xB9,
    0x00, 0x00, 0x0C, 0xC4, 0x23, 0xFC, 0x00, 0x00, 0x00, 0x86, 0x00, 0x00, 0x00, 0x84, 0x33, 0xFC,
    0x00, 0x00, 0x00, 0x00, 0x00, 0x8E, 0x33, 0xFC, 0x00, 0x00, 0x00, 0x00, 0x00, 0x8A, 0x33, 0xFC,
    0x00, 0x04, 0x00, 0x00, 0x00, 0x88, 0x61, 0x00, 0x00, 0x8A, 0x20, 0x7C, 0x00, 0x00, 0x21, 0x78,
    0x4E, 0xB9, 0x00, 0x00, 0x02, 0xE4, 0x20, 0x7C, 0x00, 0x00, 0x21, 0x86, 0x4E, 0xB9, 0x00, 0x00,
    0x02, 0xE4, 0x23, 0xFC, 0x00, 0x00, 0x00, 0x08, 0x00, 0x00, 0x02, 0x3E, 0x4E, 0xB9, 0x00, 0x00,
    0x01, 0xBA, 0x23, 0xFC, 0x00, 0x00, 0x00, 0x06, 0x00, 0x00, 0x02, 0x3E, 0x23, 0xF9, 0x00, 0x00,
    0x02, 0x16, 0x00, 0x00, 0x02, 0x12, 0x4E, 0x75, 0x20, 0x7C, 0x00, 0x00, 0x1B, 0x54, 0x4E, 0xB9,
    0x00, 0x00, 0x02, 0xE4, 0x20, 0x7C, 0x00, 0x00, 0x1B, 0x7A, 0x4E, 0xB9, 0x00, 0x00, 0x02, 0xE4,
    0x20, 0x7C, 0x00, 0x00, 0x1A, 0xA2, 0x4E, 0xB9, 0x00, 0x00, 0x02, 0xE4, 0x20, 0x7C, 0x00, 0x00,
    0x1B, 0x54, 0x4E, 0xB9, 0x00, 0x00, 0x03, 0x0A, 0x20, 0x7C, 0x00, 0x00, 0x1B, 0x7A, 0x4E, 0xB9,
    0x00, 0x00, 0x03, 0x0A, 0x20, 0x7C, 0x00, 0x00, 0x19, 0xC2, 0x4E, 0xB9, 0x00, 0x00, 0x03, 0x0A,
    0x4E, 0x75, 0x20, 0x7C, 0x00, 0x00, 0x1B, 0x54, 0x4E, 0xB9, 0x00, 0x00, 0x02, 0xE4, 0x20, 0x7C,
    0x00, 0x00, 0x1B, 0x7A, 0x4E, 0xB9, 0x00, 0x00, 0x02, 0xE4, 0x20, 0x7C, 0x00, 0x00, 0x1B, 0x2E,
    0x4E, 0xB9, 0x00, 0x00, 0x02, 0xE4, 0x20, 0x7C, 0x00, 0x00, 0x1D, 0x82, 0x4E, 0xB9, 0x00, 0x00,
    0x02, 0xE4, 0x20, 0x7C, 0x00, 0x00, 0x1F, 0x06, 0x4E, 0xB9, 0x00, 0x00, 0x02, 0xE4, 0x20, 0x7C,
    0x00, 0x00, 0x1B, 0x54, 0x4E, 0xB9, 0x00, 0x00, 0x03, 0x0A, 0x20, 0x7C, 0x00, 0x00, 0x1B, 0x7A,
    0x4E, 0xB9, 0x00, 0x00, 0x03, 0x0A, 0x20, 0x7C, 0x00, 0x00, 0x1B, 0x2E, 0x4E, 0xB9, 0x00, 0x00,
    0x03, 0x0A, 0x20, 0x7C, 0x00, 0x00, 0x1D, 0x82, 0x4E, 0xB9, 0x00, 0x00, 0x03, 0x0A, 0x20, 0x7C,
    0x00, 0x00, 0x1F, 0x06, 0x4E, 0xB9, 0x00, 0x00, 0x03, 0x0A, 0x4E, 0x75, 0x70, 0x0C, 0x32, 0x39,
    0x00, 0x00, 0x00, 0x00, 0x34, 0x3C, 0x00, 0x05, 0x76, 0x00, 0x4E, 0xB9, 0x00, 0x00, 0x00, 0x60,
    0x23, 0xC0, 0x00, 0x00, 0x09, 0x2C, 0x70, 0x0F, 0x32, 0x39, 0x00, 0x00, 0x00, 0x02, 0x34, 0x3C,
    0x00, 0x05, 0x76, 0x00, 0x4E, 0xB9, 0x00, 0x00, 0x00, 0x60, 0x23, 0xC0, 0x00, 0x00, 0x09, 0x30,
    0x70, 0x17, 0x32, 0x39, 0x00, 0x00, 0x00, 0x04, 0x34, 0x3C, 0x00, 0x05, 0x76, 0x00, 0x4E, 0xB9,
    0x00, 0x00, 0x00, 0x60, 0x23, 0xC0, 0x00, 0x00, 0x09, 0x34, 0x4E, 0x75, 0x00, 0x00, 0x00, 0x00,
    0x00, 0x00, 0x00, 0x00, 0x00, 0x00, 0x00, 0x00, 0x33, 0xFC, 0x00, 0x01, 0x00, 0x00, 0x02, 0x46,
    0x33, 0xFC, 0x00, 0x02, 0x00, 0x00, 0x0E, 0xC2, 0x4E, 0xB9, 0x00, 0x00, 0x02, 0x64, 0x4E, 0xB9,
    0x00, 0x00, 0x0C, 0x50, 0x4E, 0xB9, 0x00, 0x00, 0x0C, 0x92, 0x20, 0x79, 0x00, 0x00, 0x02, 0x36,
    0x22, 0x79, 0x00, 0x00, 0x02, 0x12, 0x4E, 0xB9, 0x00, 0x00, 0x0D, 0x6A, 0x4E, 0xB9, 0x00, 0x00,
    0x0C, 0xC4, 0x23, 0xFC, 0x00, 0x00, 0x01, 0xC6, 0x00, 0x00, 0x00, 0x84, 0x33, 0xFC, 0x00, 0x00,
    0x00, 0x00, 0x00, 0x8E, 0x33, 0xFC, 0x00, 0x00, 0x00, 0x00, 0x00, 0x8A, 0x33, 0xFC, 0x00, 0x02,
    0x00, 0x00, 0x00, 0x88, 0x23, 0xFC, 0x00, 0x00, 0x00, 0x06, 0x00, 0x00, 0x02, 0x3E, 0x20, 0x7C,
    0x00, 0x00, 0x22, 0x1C, 0x4E, 0xB9, 0x00, 0x00, 0x02, 0xE4, 0x4E, 0xB9, 0x00, 0x00, 0x00, 0x00,
    0x4E, 0xB9, 0x00, 0x00, 0x01, 0xBA, 0x20, 0x39, 0x00, 0x00, 0x09, 0x2C, 0x4E, 0xB9, 0x00, 0x00,
    0x00, 0x5A, 0x20, 0x39, 0x00, 0x00, 0x09, 0x30, 0x4E, 0xB9, 0x00, 0x00, 0x00, 0x5A, 0x20, 0x39,
    0x00, 0x00, 0x09, 0x34, 0x4E, 0xB9, 0x00, 0x00, 0x00, 0x5A, 0x4E, 0xB9, 0x00, 0x00, 0x0C, 0x50,
    0x33, 0xFC, 0x00, 0x00, 0x00, 0x00, 0x02, 0x46, 0x33, 0xFC, 0x00, 0x00, 0x00, 0x00, 0x0E, 0xC2,
    0x23, 0xFC, 0x00, 0x00, 0x00, 0x04, 0x00, 0x00, 0x00, 0x9A, 0x4E, 0xB9, 0x00, 0x00, 0x02, 0x64,
    0x4E, 0xB9, 0x00, 0x00, 0x0C, 0x92, 0x20, 0x79, 0x00, 0x00, 0x02, 0x2E, 0x22, 0x79, 0x00, 0x00,
    0x02, 0x12, 0x4E, 0xB9, 0x00, 0x00, 0x0D, 0x6A, 0x4E, 0xB9, 0x00, 0x00, 0x0C, 0xC4, 0x23, 0xFC,
    0x00, 0x00, 0x01, 0x46, 0x00, 0x00, 0x00, 0x84, 0x33, 0xFC, 0x00, 0x00, 0x00, 0x00, 0x00, 0x8E,
    0x33, 0xFC, 0x00, 0x00, 0x00, 0x00, 0x00, 0x8A, 0x33, 0xFC, 0x00, 0x02, 0x00, 0x00, 0x00, 0x88,
    0x23, 0xFC, 0x00, 0x00, 0x00, 0x08, 0x00, 0x00, 0x02, 0x3E, 0x4E, 0xB9, 0x00, 0x00, 0x08, 0x62,
    0x20, 0x7C, 0x00, 0x00, 0x29, 0xDE, 0x4E, 0xB9, 0x00, 0x00, 0x02, 0xE4, 0x4E, 0xB9, 0x00, 0x00,
    0x01, 0xBA, 0x23, 0xFC, 0x00, 0x00, 0x00, 0x06, 0x00, 0x00, 0x02, 0x3E, 0x4E, 0x75, 0x4E, 0xB9,
    0x00, 0x00, 0x02, 0x64, 0x4E, 0xB9, 0x00, 0x00, 0x0C, 0x50, 0x20, 0x79, 0x00, 0x00, 0x02, 0x2E,
    0x22, 0x79, 0x00, 0x00, 0x02, 0x12, 0x4E, 0xB9, 0x00, 0x00, 0x0D, 0x6A, 0x4E, 0xB9, 0x00, 0x00,
    0x0C, 0xC4, 0x23, 0xFC, 0x00, 0x00, 0x01, 0x46, 0x00, 0x00, 0x00, 0x84, 0x33, 0xFC, 0x00, 0x00,
    0x00, 0x00, 0x00, 0x8E, 0x33, 0xFC, 0x00, 0x00, 0x00, 0x00, 0x00, 0x8A, 0x33, 0xFC, 0x00, 0x02,
    0x00, 0x00, 0x00, 0x88, 0x4E, 0xB9, 0x00, 0x00, 0x08, 0x62, 0x23, 0xFC, 0x00, 0x00, 0x00, 0x00,
    0x00, 0x00, 0x00, 0x9A, 0x4E, 0xB9, 0x00, 0x00, 0x02, 0x64, 0x4E, 0xB9, 0x00, 0x00, 0x0B, 0xF8,
    0x20, 0x79, 0x00, 0x00, 0x02, 0x26, 0x22, 0x79, 0x00, 0x00, 0x02, 0x12, 0x4E, 0xB9, 0x00, 0x00,
    0x0D, 0x6A, 0x4E, 0xB9, 0x00, 0x00, 0x0C, 0xC4, 0x23, 0xFC, 0x00, 0x00, 0x00, 0xC6, 0x00, 0x00,
    0x00, 0x84, 0x33, 0xFC, 0x00, 0x00, 0x00, 0x00, 0x00, 0x8E, 0x33, 0xFC, 0x00, 0x00, 0x00, 0x00,
    0x00, 0x8A, 0x33, 0xFC, 0x00, 0x04, 0x00, 0x00, 0x00, 0x88, 0x20, 0x7C, 0x00, 0x00, 0x27, 0x38,
    0x4E, 0xB9, 0x00, 0x00, 0x02, 0xE4, 0x20, 0x7C, 0x00, 0x00, 0x27, 0xF8, 0x4E, 0xB9, 0x00, 0x00,
    0x02, 0xE4, 0x33, 0xFC, 0x00, 0x00, 0x00, 0x00, 0x06, 0x02, 0x23, 0xFC, 0x00, 0x00, 0x0D, 0x06,
    0x00, 0x00, 0x06, 0x0A, 0x33, 0xFC, 0x00, 0x05, 0x00, 0x00, 0x06, 0x08, 0x33, 0xFC, 0x00, 0x00,
    0x00, 0x00, 0x06, 0x0E, 0x23, 0xFC, 0x00, 0x00, 0x00, 0x06, 0x00, 0x00, 0x02, 0x3E, 0x33, 0xFC,
    0x00, 0x05, 0x00, 0x00, 0x2D, 0xC6, 0x33, 0xFC, 0x00, 0x0F, 0x00, 0x00, 0x2D, 0xC8, 0x61, 0x00,
    0xF9, 0xA8, 0x70, 0x28, 0x2F, 0x00, 0x4E, 0xB9, 0x00, 0x00, 0x03, 0x30, 0x4E, 0xB9, 0x00, 0x00,
    0x02, 0xBE, 0x4E, 0xB9, 0x00, 0x00, 0x03, 0x2A, 0x4E, 0xB9, 0x00, 0x00, 0x0C, 0x92, 0x4E, 0xB9,
    0x00, 0x00, 0x0A, 0x18, 0x4E, 0xB9, 0x00, 0x00, 0x03, 0x3C, 0x20, 0x1F, 0x51, 0xC8, 0xFF, 0xD6,
    0x33, 0xFC, 0x00, 0x00, 0x00, 0x00, 0x2D, 0xC6, 0x33, 0xFC, 0x00, 0x00, 0x00, 0x00, 0x2D, 0xC8,
    0x23, 0xFC, 0x00, 0x00, 0x00, 0x08, 0x00, 0x00, 0x02, 0x3E, 0x4E, 0xB9, 0x00, 0x00, 0x02, 0x64,
    0x33, 0xFC, 0x00, 0x00, 0x00, 0x00, 0x00, 0x8E, 0x20, 0x7C, 0x00, 0x00, 0x27, 0x38, 0x4E, 0xB9,
    0x00, 0x00, 0x02, 0xE4, 0x20, 0x7C, 0x00, 0x00, 0x26, 0x2C, 0x4E, 0xB9, 0x00, 0x00, 0x02, 0xE4,
    0x4E, 0xB9, 0x00, 0x00, 0x01, 0xBA, 0x4E, 0x75, 0x4E, 0xB9, 0x00, 0x00, 0x02, 0x64, 0x4E, 0xB9,
    0x00, 0x00, 0x0B, 0xF8, 0x20, 0x79, 0x00, 0x00, 0x02, 0x2A, 0x22, 0x79, 0x00, 0x00, 0x02, 0x12,
    0x4E, 0xB9, 0x00, 0x00, 0x0D, 0x6A, 0x4E, 0xB9, 0x00, 0x00, 0x0C, 0xC4, 0x23, 0xFC, 0x00, 0x00,
    0x01, 0x06, 0x00, 0x00, 0x00, 0x84, 0x33, 0xFC, 0x00, 0x00, 0x00, 0x00, 0x00, 0x8E, 0x33, 0xFC,
    0x00, 0x00, 0x00, 0x00, 0x00, 0x8A, 0x33, 0xFC, 0x00, 0x04, 0x00, 0x00, 0x00, 0x88, 0x20, 0x7C,
    0x00, 0x00, 0x10, 0x24, 0x4E, 0xB9, 0x00, 0x00, 0x02, 0xE4, 0x4E, 0xB9, 0x00, 0x00, 0x01, 0xBA,
    0x4E, 0xB9, 0x00, 0x00, 0x02, 0x64, 0x4E, 0xB9, 0x00, 0x00, 0x0B, 0xF8, 0x20, 0x79, 0x00, 0x00,
    0x02, 0x26, 0x22, 0x79, 0x00, 0x00, 0x02, 0x12, 0x4E, 0xB9, 0x00, 0x00, 0x0D, 0x6A, 0x4E, 0xB9,
    0x00, 0x00, 0x0C, 0xC4, 0x23, 0xFC, 0x00, 0x00, 0x00, 0xC6, 0x00, 0x00, 0x00, 0x84, 0x33, 0xFC,
    0x00, 0x00, 0x00, 0x00, 0x00, 0x8E, 0x33, 0xFC, 0x00, 0x00, 0x00, 0x00, 0x00, 0x8A, 0x33, 0xFC,
    0x00, 0x04, 0x00, 0x00, 0x00, 0x88, 0x20, 0x7C, 0x00, 0x00, 0x27, 0x38, 0x4E, 0xB9, 0x00, 0x00,
    0x02, 0xE4, 0x20, 0x7C, 0x00, 0x00, 0x28, 0x12, 0x4E, 0xB9, 0x00, 0x00, 0x02, 0xE4, 0x4E, 0xB9,
    0x00, 0x00, 0x01, 0xBA, 0x4E, 0xB9, 0x00, 0x00, 0x02, 0x64, 0x4E, 0xB9, 0x00, 0x00, 0x0B, 0xF8,
    0x20, 0x79, 0x00, 0x00, 0x02, 0x2A, 0x22, 0x79, 0x00, 0x00, 0x02, 0x12, 0x4E, 0xB9, 0x00, 0x00,
    0x0D, 0x6A, 0x4E, 0xB9, 0x00, 0x00, 0x0C, 0xC4, 0x23, 0xFC, 0x00, 0x00, 0x01, 0x06, 0x00, 0x00,
    0x00, 0x84, 0x33, 0xFC, 0x00, 0x00, 0x00, 0x00, 0x00, 0x8E, 0x33, 0xFC, 0x00, 0x00, 0x00, 0x00,
    0x00, 0x8A, 0x33, 0xFC, 0x00, 0x04, 0x00, 0x00, 0x00, 0x88, 0x20, 0x7C, 0x00, 0x00, 0x29, 0x68,
    0x4E, 0xB9, 0x00, 0x00, 0x02, 0xE4, 0x4E, 0xB9, 0x00, 0x00, 0x01, 0xBA, 0x20, 0x79, 0x00, 0x00,
    0x02, 0x12, 0x4E, 0xB9, 0x00, 0x00, 0x05, 0xE0, 0x20, 0x79, 0x00, 0x00, 0x00, 0x04, 0x4E, 0xB9,
    0x00, 0x00, 0x05, 0xE0, 0x4E, 0x75, 0x00, 0x00, 0x22, 0xBE, 0x00, 0x00, 0x22, 0xBE, 0x00, 0x00,
    0x22, 0xBE, 0x00, 0x00, 0x22, 0xBE, 0x00, 0x00, 0x22, 0xBE, 0x00, 0x00, 0x22, 0xBE, 0x00, 0x00,
    0x22, 0xBE, 0x00, 0x00, 0x22, 0xBE, 0x00, 0x00, 0x22, 0xBE, 0x00, 0x00, 0x22, 0xBE, 0x4E, 0xB9,
    0x00, 0x00, 0x0B, 0xF8, 0x4E, 0xB9, 0x00, 0x00, 0x02, 0x64, 0x23, 0xF9, 0x00, 0x00, 0x02, 0x16,
    0x00, 0x00, 0x02, 0x12, 0x4E, 0xB9, 0x00, 0x00, 0x06, 0x8A, 0x23, 0xFC, 0x00, 0x00, 0x00, 0x06,
    0x00, 0x00, 0x00, 0x84, 0x4E, 0xB9, 0x00, 0x00, 0x02, 0x92, 0x20, 0x3C, 0x00, 0x00, 0x00, 0x0F,
    0x4E, 0xB9, 0x00, 0x00, 0x06, 0x58, 0x33, 0xFC, 0x00, 0x00, 0x00, 0x00, 0x00, 0x8E, 0x33, 0xFC,
    0x00, 0x00, 0x00, 0x00, 0x00, 0x8A, 0x33, 0xFC, 0x00, 0x04, 0x00, 0x00, 0x00, 0x88, 0x23, 0xFC,
    0x00, 0x00, 0x00, 0x00, 0x00, 0x00, 0x00, 0x9A, 0x23, 0xFC, 0x00, 0x00, 0x00, 0x06, 0x00, 0x00,
    0x02, 0x3E, 0x20, 0x7C, 0x00, 0x00, 0x2A, 0xCE, 0x4E, 0xB9, 0x00, 0x00, 0x02, 0xE4, 0x4E, 0xB9,
    0x00, 0x00, 0x07, 0x1C, 0x4E, 0xB9, 0x00, 0x00, 0x01, 0xBA, 0x4E, 0xB9, 0x00, 0x00, 0x0C, 0x50,
    0x4E, 0xB9, 0x00, 0x00, 0x02, 0x64, 0x23, 0xF9, 0x00, 0x00, 0x02, 0x1E, 0x00, 0x00, 0x02, 0x12,
    0x4E, 0xB9, 0x00, 0x00, 0x0C, 0xC4, 0x41, 0xF9, 0x00, 0x00, 0x00, 0x46, 0x4E, 0xB9, 0x00, 0x00,
    0x0C, 0x70, 0x70, 0x64, 0x4E, 0xB9, 0x00, 0x00, 0x06, 0x58, 0x20, 0x39, 0x00, 0x00, 0x00, 0x04,
    0x4E, 0xB9, 0x00, 0x00, 0x0D, 0x9A, 0x41, 0xF9, 0x00, 0x00, 0x00, 0xCC, 0x4E, 0xB9, 0x00, 0x00,
    0x01, 0x32, 0x4E, 0xB9, 0x00, 0x00, 0x0C, 0x92, 0x20, 0x3C, 0x00, 0x00, 0x01, 0xF4, 0x4E, 0xB9,
    0x00, 0x00, 0x06, 0x58, 0x41, 0xF9, 0x00, 0x00, 0x0D, 0xCA, 0x70, 0x06, 0x4E, 0xB9, 0x00, 0x00,
    0x00, 0x1A, 0x70, 0x5A, 0x4E, 0xB9, 0x00, 0x00, 0x06, 0x58, 0x4E, 0x75, 0x33, 0xFC, 0x00, 0x01,
    0x00, 0x00, 0x00, 0x18, 0x20, 0x79, 0x00, 0x00, 0x00, 0x92, 0x30, 0x3C, 0x00, 0x00, 0x74, 0x00,
    0x14, 0x3C, 0x00, 0xD4, 0x06, 0x02, 0x00, 0x64, 0x32, 0x3C, 0xFF, 0x60, 0x06, 0x41, 0x00, 0xA0,
    0x4E, 0xB9, 0x00, 0x00, 0x02, 0x2C, 0x20, 0x79, 0x00, 0x00, 0x00, 0x92, 0x30, 0x3C, 0x00, 0x03,
    0x74, 0x00, 0x14, 0x3C, 0x00, 0x22, 0x06, 0x02, 0x00, 0x64, 0x32, 0x3C, 0xFF, 0x93, 0x06, 0x41,
    0x00, 0xA0, 0x4E, 0xB9, 0x00, 0x00, 0x02, 0x2C, 0x0C, 0x79, 0x00, 0x02, 0x00, 0x00, 0x0E, 0xC2,
    0x67, 0x00, 0x00, 0x46, 0x20, 0x79, 0x00, 0x00, 0x00, 0x92, 0x30, 0x3C, 0x00, 0x01, 0x74, 0x00,
    0x14, 0x3C, 0x00, 0x04, 0x06, 0x02, 0x00, 0x64, 0x32, 0x3C, 0xFF, 0xFD, 0x06, 0x41, 0x00, 0xA0,
    0x4E, 0xB9, 0x00, 0x00, 0x02, 0x2C, 0x20, 0x79, 0x00, 0x00, 0x00, 0x92, 0x30, 0x3C, 0x00, 0x02,
    0x74, 0x00, 0x14, 0x3C, 0x00, 0xEE, 0x06, 0x02, 0x00, 0x64, 0x32, 0x3C, 0x00, 0x89, 0x06, 0x41,
    0x00, 0xA0, 0x4E, 0xB9, 0x00, 0x00, 0x02, 0x2C, 0x33, 0xFC, 0x00, 0x00, 0x00, 0x00, 0x00, 0x18,
    0x4E, 0x75, 0x00, 0x00, 0x41, 0xF9, 0x00, 0x00, 0x0F, 0x4E, 0x4E, 0xB9, 0x00, 0x00, 0x07, 0x88,
    0x70, 0x08, 0x4E, 0xB9, 0x00, 0x00, 0x06, 0x58, 0x20, 0x79, 0x00, 0x00, 0x00, 0x0A, 0x4E, 0xB9,
    0x00, 0x00, 0x07, 0x88, 0x4E, 0x75, 0x70, 0x14, 0x4E, 0xB9, 0x00, 0x00, 0x06, 0x58, 0x61, 0x3C,
    0x70, 0x02, 0x4E, 0xB9, 0x00, 0x00, 0x06, 0x58, 0x61, 0x32, 0x70, 0x14, 0x4E, 0xB9, 0x00, 0x00,
    0x06, 0x58, 0x61, 0x28, 0x70, 0x05, 0x4E, 0xB9, 0x00, 0x00, 0x06, 0x58, 0x61, 0x1E, 0x70, 0x0A,
    0x4E, 0xB9, 0x00, 0x00, 0x06, 0x58, 0x61, 0x14, 0x70, 0x05, 0x4E, 0xB9, 0x00, 0x00, 0x06, 0x58,
    0x61, 0x0A, 0x70, 0x32, 0x4E, 0xB9, 0x00, 0x00, 0x06, 0x58, 0x4E, 0x75, 0x41, 0xF9, 0x00, 0x00,
    0x0F, 0x8E, 0x4E, 0xB9, 0x00, 0x00, 0x07, 0x88, 0x70, 0x02, 0x4E, 0xB9, 0x00, 0x00, 0x06, 0x58,
    0x20, 0x79, 0x00, 0x00, 0x00, 0x0A, 0x4E, 0xB9, 0x00, 0x00, 0x07, 0x88, 0x4E, 0x75, 0x00, 0x00,
    0x0F, 0xFF, 0x0F, 0xFF, 0x00, 0x00, 0x00, 0x00, 0x00, 0x00, 0x00, 0x00, 0x00, 0x00, 0x0F, 0xFF,
    0x0F, 0xFF, 0x00, 0x00, 0x00, 0x00, 0x0F, 0xFF, 0x0F, 0xFF, 0x00, 0x00, 0x0F, 0xFF, 0x00, 0x00,
    0x00, 0x00, 0x00, 0x00, 0x00, 0x00, 0x00, 0x00, 0x0F, 0xFF, 0x00, 0x00, 0x0F, 0xFF, 0x0F, 0xFF,
    0x0F, 0xFF, 0x0F, 0xFF, 0x00, 0x00, 0x0F, 0xFF, 0x03, 0x10, 0x03, 0x10, 0x03, 0x10, 0x00, 0x00,
    0x0F, 0xFF, 0x0F, 0xFF, 0x00, 0x00, 0x00, 0x00, 0x00, 0x00, 0x00, 0x00, 0x00, 0x00, 0x0F, 0xFF,
    0x0F, 0xFF, 0x00, 0x00, 0x00, 0x00, 0x00, 0x00, 0x00, 0x00, 0x00, 0x00, 0x00, 0x00, 0x00, 0x00,
    0x0F, 0xFF, 0x00, 0x00, 0x00, 0x00, 0x0F, 0xFF, 0x00, 0x00, 0x0F, 0xFF, 0x00, 0x00, 0x00, 0x00,
    0x0F, 0xFF, 0x0F, 0xFF, 0x00, 0x00, 0x00, 0x00, 0x00, 0x00, 0x00, 0x00, 0x00, 0x00, 0x20, 0x39,
    0x00, 0x00, 0x02, 0x02, 0x06, 0xB9, 0x00, 0x04, 0x53, 0x6C, 0x00, 0x00, 0x02, 0x02, 0x41, 0xF9,
    0x00, 0x00, 0x00, 0x00, 0x21, 0x40, 0x00, 0x00, 0x23, 0xC0, 0x00, 0x00, 0x02, 0x12, 0x23, 0xC0,
    0x00, 0x00, 0x02, 0x16, 0x06, 0x80, 0x00, 0x00, 0x9C, 0x40, 0x21, 0x40, 0x00, 0x04, 0x23, 0xC0,
    0x00, 0x00, 0x02, 0x1A, 0x06, 0x80, 0x00, 0x00, 0x9C, 0x40, 0x21, 0x40, 0x00, 0x08, 0x23, 0xC0,
    0x00, 0x00, 0x02, 0x1E, 0x06, 0x80, 0x00, 0x00, 0x9C, 0x40, 0x21, 0x40, 0x00, 0x08, 0x23, 0xC0,
    0x00, 0x00, 0x02, 0x22, 0x06, 0x80, 0x00, 0x00, 0x9C, 0x40, 0x23, 0xC0, 0x00, 0x00, 0x00, 0x9E,
    0x20, 0x39, 0x00, 0x00, 0x02, 0x0A, 0x06, 0xB9, 0x00, 0x05, 0x81, 0x16, 0x00, 0x00, 0x02, 0x0A,
    0x41, 0xF9, 0x00, 0x00, 0x00, 0x10, 0x23, 0xC0, 0x00, 0x00, 0x10, 0xB8, 0x06, 0x80, 0x00, 0x00,
    0x75, 0x30, 0x21, 0x40, 0x00, 0x00, 0x06, 0x80, 0x00, 0x00, 0x9C, 0x40, 0x21, 0x40, 0x00, 0x04,
    0x06, 0x80, 0x00, 0x00, 0x9C, 0x40, 0x21, 0x40, 0x00, 0x14, 0x06, 0x80, 0x00, 0x00, 0x10, 0xE6,
    0x21, 0x40, 0x00, 0x10, 0x06, 0x80, 0x00, 0x00, 0x5F, 0x50, 0x23, 0xC0, 0x00, 0x00, 0x02, 0x26,
    0x06, 0x80, 0x00, 0x00, 0x9C, 0x40, 0x23, 0xC0, 0x00, 0x00, 0x02, 0x2A, 0x06, 0x80, 0x00, 0x00,
    0x9C, 0x40, 0x23, 0xC0, 0x00, 0x00, 0x02, 0x2E, 0x06, 0x80, 0x00, 0x00, 0x9C, 0x40, 0x23, 0xC0,
    0x00, 0x00, 0x02, 0x32, 0x06, 0x80, 0x00, 0x00, 0x9C, 0x40, 0x23, 0xC0, 0x00, 0x00, 0x02, 0x36,
    0x06, 0x80, 0x00, 0x00, 0x9C, 0x40, 0x4E, 0x75, 0x00, 0x00, 0x00, 0x00, 0x61, 0x00, 0x00, 0x26,
    0x4A, 0x41, 0x66, 0xF8, 0x70, 0x02, 0x4E, 0xB9, 0x00, 0x00, 0x06, 0x58, 0x4E, 0x75, 0x61, 0x00,
    0x00, 0x14, 0x08, 0x01, 0x00, 0x04, 0x67, 0xF6, 0x61, 0x00, 0x00, 0x0A, 0x08, 0x01, 0x00, 0x04,
    0x66, 0xF6, 0x4E, 0x75, 0x48, 0xE7, 0xE0, 0x00, 0x30, 0x39, 0x00, 0xDF, 0xF0, 0x0C, 0x72, 0x00,
    0x4E, 0xB9, 0x00, 0x00, 0x11, 0x3E, 0x08, 0x39, 0x00, 0x07, 0x00, 0xBF, 0xE0, 0x01, 0x66, 0x04,
    0x00, 0x41, 0x00, 0x10, 0x33, 0xC1, 0x00, 0x00, 0x02, 0x00, 0x72, 0x00, 0x30, 0x39, 0x00, 0xDF,
    0xF0, 0x0A, 0x4E, 0xB9, 0x00, 0x00, 0x11, 0x3E, 0x08, 0x39, 0x00, 0x06, 0x00, 0xBF, 0xE0, 0x01,
    0x66, 0x04, 0x00, 0x41, 0x00, 0x10, 0x33, 0xC1, 0x00, 0x00, 0x01, 0xFE, 0x4C, 0xDF, 0x00, 0x07,
    0x30, 0x39, 0x00, 0x00, 0x01, 0xFE, 0x32, 0x39, 0x00, 0x00, 0x02, 0x00, 0x4E, 0x75, 0x08, 0x00,
    0x00, 0x01, 0x67, 0x00, 0x00, 0x06, 0x00, 0x41, 0x00, 0x01, 0x08, 0x00, 0x00, 0x09, 0x67, 0x00,
    0x00, 0x06, 0x00, 0x41, 0x00, 0x02, 0x34, 0x00, 0xE3, 0x4A, 0xB1, 0x42, 0x08, 0x02, 0x00, 0x01,
    0x67, 0x00, 0x00, 0x06, 0x00, 0x41, 0x00, 0x04, 0x08, 0x02, 0x00, 0x09, 0x67, 0x00, 0x00, 0x06,
    0x00, 0x41, 0x00, 0x08, 0x4E, 0x75, 0x41, 0xF9, 0x00, 0x00, 0x00, 0x10, 0x22, 0x68, 0x00, 0x10,
    0x41, 0xF9, 0x00, 0x00, 0x11, 0xC2, 0x4E, 0xB9, 0x00, 0x00, 0x06, 0xFC, 0x41, 0xF9, 0x00, 0x00,
    0x11, 0xB6, 0x4E, 0xB9, 0x00, 0x00, 0x00, 0x8C, 0x41, 0xF9, 0x00, 0x00, 0x00, 0x10, 0x20, 0x68,
    0x00, 0x14, 0x20, 0x3C, 0x00, 0x00, 0x10, 0xE6, 0x4E, 0xB9, 0x00, 0x00, 0x03, 0x98, 0x4E, 0xB9,
    0x00, 0x00, 0x07, 0x7E, 0x4E, 0x75, 0x6D, 0x65, 0x73, 0x73, 0x61, 0x67, 0x65, 0x2E, 0x70, 0x69,
    0x76, 0x00, 0x62, 0x6F, 0x6C, 0x64, 0x2E, 0x66, 0x00, 0x00, 0x23, 0xC8, 0x00, 0x00, 0x00, 0x00,
    0x4E, 0xB9, 0x00, 0x00, 0x0B, 0xF8, 0x20, 0x79, 0x00, 0x00, 0x00, 0x00, 0x4E, 0xB9, 0x00, 0x00,
    0x05, 0xE0, 0x20, 0x39, 0x00, 0x00, 0x00, 0x00, 0x4E, 0xB9, 0x00, 0x00, 0x0D, 0x9A, 0x41, 0xF9,
    0x00, 0x00, 0x00, 0x10, 0x20, 0x68, 0x00, 0x14, 0x22, 0x79, 0x00, 0x00, 0x00, 0x04, 0x20, 0x3C,
    0x00, 0x00, 0x10, 0xE6, 0x12, 0xD8, 0x51, 0xC8, 0xFF, 0xFC, 0x20, 0x79, 0x00, 0x00, 0x00, 0x04,
    0x4E, 0xB9, 0x00, 0x00, 0x01, 0x2C, 0x20, 0x79, 0x00, 0x00, 0x00, 0x00, 0x4E, 0xB9, 0x00, 0x00,
    0x01, 0x32, 0x41, 0xF9, 0x00, 0x00, 0x01, 0x46, 0xD1, 0xFC, 0x00, 0x00, 0x00, 0x02, 0x30, 0xFC,
    0x08, 0x00, 0x30, 0xFC, 0x06, 0x00, 0x30, 0xFC, 0x04, 0x00, 0x30, 0xFC, 0x00, 0x00, 0x30, 0xBC,
    0x02, 0x00, 0x41, 0xF9, 0x00, 0x00, 0x01, 0x46, 0x4E, 0xB9, 0x00, 0x00, 0x0C, 0x70, 0x4E, 0x75,
};
static const IxReloc ix_program_h0_rel[597] = {
    { 0x00002, 2 },
    { 0x00008, 2 },
    { 0x0000E, 2 },
    { 0x00014, 2 },
    { 0x0001A, 18 },
    { 0x00024, 0 },
    { 0x0002A, 29 },
    { 0x00030, 25 },
    { 0x00036, 0 },
    { 0x0003C, 0 },
    { 0x00042, 10 },
    { 0x00048, 11 },
    { 0x0004E, 31 },
    { 0x00054, 3 },
    { 0x0005A, 0 },
    { 0x00060, 0 },
    { 0x00066, 0 },
    { 0x0007C, 1 },
    { 0x00086, 3 },
    { 0x00090, 2 },
    { 0x00096, 10 },
    { 0x0009C, 8 },
    { 0x000A2, 33 },
    { 0x000AC, 31 },
    { 0x000B6, 3 },
    { 0x000BC, 0 },
    { 0x000C2, 0 },
    { 0x000C8, 8 },
    { 0x000CE, 0 },
    { 0x000D4, 0 },
    { 0x000DA, 0 },
    { 0x000E0, 0 },
    { 0x000E6, 0 },
    { 0x000EC, 10 },
    { 0x000F2, 2 },
    { 0x000F8, 0 },
    { 0x00104, 29 },
    { 0x0010A, 10 },
    { 0x00110, 1 },
    { 0x00116, 0 },
    { 0x0011C, 4 },
    { 0x00122, 2 },
    { 0x00128, 0 },
    { 0x0012E, 8 },
    { 0x00138, 3 },
    { 0x0013E, 0 },
    { 0x00144, 0 },
    { 0x0014A, 0 },
    { 0x00150, 0 },
    { 0x00156, 0 },
    { 0x0015C, 0 },
    { 0x00168, 29 },
    { 0x0016E, 10 },
    { 0x00176, 0 },
    { 0x00198, 23 },
    { 0x001AE, 23 },
    { 0x001B4, 10 },
    { 0x001BC, 0 },
    { 0x001C2, 10 },
    { 0x001C8, 3 },
    { 0x001D2, 10 },
    { 0x001D8, 2 },
    { 0x001E0, 0 },
    { 0x001E6, 10 },
    { 0x001EC, 10 },
    { 0x001F2, 3 },
    { 0x00202, 0 },
    { 0x0020C, 10 },
    { 0x00212, 10 },
    { 0x00218, 2 },
    { 0x00220, 0 },
    { 0x00226, 10 },
    { 0x0022C, 10 },
    { 0x00232, 3 },
    { 0x00244, 0 },
    { 0x0024C, 0 },
    { 0x00256, 0 },
    { 0x0025E, 3 },
    { 0x00266, 3 },
    { 0x00272, 3 },
    { 0x0027E, 3 },
    { 0x0028A, 3 },
    { 0x00294, 3 },
    { 0x0029A, 29 },
    { 0x002A0, 3 },
    { 0x002A6, 10 },
    { 0x002AE, 3 },
    { 0x002B6, 31 },
    { 0x002BE, 10 },
    { 0x002C6, 10 },
    { 0x002D0, 3 },
    { 0x002E6, 11 },
    { 0x002F8, 2 },
    { 0x00304, 10 },
    { 0x0030C, 11 },
    { 0x0031E, 2 },
    { 0x0032A, 10 },
    { 0x00332, 17 },
    { 0x00336, 3 },
    { 0x0033E, 17 },
    { 0x00344, 3 },
    { 0x0034C, 2 },
    { 0x00352, 3 },
    { 0x00360, 29 },
    { 0x00368, 10 },
    { 0x0036E, 10 },
    { 0x00374, 10 },
    { 0x0037A, 2 },
    { 0x0037E, 2 },
    { 0x00384, 10 },
    { 0x0038C, 3 },
    { 0x00394, 3 },
    { 0x0039A, 9 },
    { 0x0039E, 3 },
    { 0x003A6, 3 },
    { 0x003B2, 0 },
    { 0x003B8, 0 },
    { 0x003BC, 0 },
    { 0x003C4, 0 },
    { 0x003CC, 0 },
    { 0x003D6, 2 },
    { 0x003E0, 0 },
    { 0x003E6, 2 },
    { 0x003EA, 2 },
    { 0x003F2, 10 },
    { 0x003FA, 0 },
    { 0x00402, 3 },
    { 0x0040A, 3 },
    { 0x00412, 0 },
    { 0x00418, 0 },
    { 0x0041C, 0 },
    { 0x00424, 0 },
    { 0x0042E, 2 },
    { 0x0043A, 10 },
    { 0x00440, 10 },
    { 0x00446, 2 },
    { 0x0044C, 2 },
    { 0x00452, 10 },
    { 0x00458, 10 },
    { 0x00460, 3 },
    { 0x00468, 3 },
    { 0x0046E, 9 },
    { 0x00472, 3 },
    { 0x0047A, 3 },
    { 0x00482, 3 },
    { 0x0048A, 0 },
    { 0x00490, 0 },
    { 0x00494, 0 },
    { 0x0049C, 0 },
    { 0x004A4, 0 },
    { 0x004AC, 2 },
    { 0x004B8, 2 },
    { 0x004C2, 2 },
    { 0x004CA, 0 },
    { 0x004CE, 0 },
    { 0x004D4, 0 },
    { 0x004DC, 0 },
    { 0x004EA, 0 },
    { 0x004F2, 0 },
    { 0x004F8, 0 },
    { 0x004FE, 0 },
    { 0x0050C, 0 },
    { 0x00512, 0 },
    { 0x0051A, 0 },
    { 0x00526, 0 },
    { 0x00534, 0 },
    { 0x0053C, 0 },
    { 0x00542, 0 },
    { 0x00548, 0 },
    { 0x00558, 0 },
    { 0x00560, 2 },
    { 0x00564, 2 },
    { 0x00568, 2 },
    { 0x0056C, 2 },
    { 0x00570, 2 },
    { 0x00574, 2 },
    { 0x00578, 2 },
    { 0x0057C, 2 },
    { 0x00580, 2 },
    { 0x00584, 2 },
    { 0x00588, 2 },
    { 0x0058C, 2 },
    { 0x00590, 2 },
    { 0x00594, 2 },
    { 0x00598, 2 },
    { 0x0059C, 2 },
    { 0x005A0, 2 },
    { 0x005A4, 2 },
    { 0x005A8, 2 },
    { 0x005AC, 2 },
    { 0x005B0, 2 },
    { 0x005B4, 2 },
    { 0x005B8, 2 },
    { 0x005BC, 2 },
    { 0x005C0, 2 },
    { 0x005C4, 2 },
    { 0x005C8, 2 },
    { 0x005CC, 2 },
    { 0x005D0, 2 },
    { 0x005D4, 2 },
    { 0x005D8, 2 },
    { 0x005DC, 2 },
    { 0x005E0, 2 },
    { 0x005E4, 2 },
    { 0x005E8, 2 },
    { 0x005EC, 2 },
    { 0x005F0, 2 },
    { 0x005F4, 2 },
    { 0x005F8, 2 },
    { 0x005FC, 2 },
    { 0x00612, 10 },
    { 0x00618, 10 },
    { 0x00620, 3 },
    { 0x00626, 10 },
    { 0x0062C, 2 },
    { 0x00636, 2 },
    { 0x0063A, 2 },
    { 0x00640, 10 },
    { 0x00646, 9 },
    { 0x0064A, 3 },
    { 0x00652, 3 },
    { 0x0065A, 3 },
    { 0x00660, 0 },
    { 0x00666, 10 },
    { 0x0066C, 10 },
    { 0x00674, 3 },
    { 0x0067A, 2 },
    { 0x00684, 2 },
    { 0x00688, 2 },
    { 0x0068E, 10 },
    { 0x00694, 9 },
    { 0x00698, 3 },
    { 0x006A0, 3 },
    { 0x006A8, 3 },
    { 0x006AE, 0 },
    { 0x006B4, 2 },
    { 0x006B8, 2 },
    { 0x006C2, 2 },
    { 0x006CA, 0 },
    { 0x006D0, 10 },
    { 0x006D6, 10 },
    { 0x006DC, 2 },
    { 0x006E2, 2 },
    { 0x006E8, 10 },
    { 0x006EE, 10 },
    { 0x006F4, 9 },
    { 0x006F8, 3 },
    { 0x00700, 3 },
    { 0x00708, 3 },
    { 0x00710, 3 },
    { 0x00716, 2 },
    { 0x0071C, 0 },
    { 0x00722, 0 },
    { 0x0072A, 2 },
    { 0x00732, 0 },
    { 0x0073A, 10 },
    { 0x00740, 10 },
    { 0x00746, 2 },
    { 0x0074C, 2 },
    { 0x00752, 10 },
    { 0x00758, 10 },
    { 0x0075E, 9 },
    { 0x00762, 3 },
    { 0x0076A, 3 },
    { 0x00772, 3 },
    { 0x0077A, 3 },
    { 0x00780, 2 },
    { 0x00786, 0 },
    { 0x0078C, 0 },
    { 0x00794, 10 },
    { 0x0079A, 10 },
    { 0x007A0, 10 },
    { 0x007A6, 2 },
    { 0x007AA, 2 },
    { 0x007B0, 10 },
    { 0x007B6, 9 },
    { 0x007BA, 3 },
    { 0x007C2, 3 },
    { 0x007CA, 3 },
    { 0x007D2, 3 },
    { 0x007DC, 2 },
    { 0x007E2, 0 },
    { 0x007E8, 2 },
    { 0x007EE, 0 },
    { 0x007F8, 2 },
    { 0x007FE, 0 },
    { 0x00808, 2 },
    { 0x0080E, 2 },
    { 0x00812, 2 },
    { 0x0081A, 2 },
    { 0x00820, 0 },
    { 0x00826, 2 },
    { 0x0082C, 0 },
    { 0x00832, 2 },
    { 0x00838, 0 },
    { 0x0083E, 2 },
    { 0x00844, 0 },
    { 0x0084A, 2 },
    { 0x00850, 0 },
    { 0x00856, 2 },
    { 0x0085C, 0 },
    { 0x00864, 2 },
    { 0x0086A, 0 },
    { 0x00870, 2 },
    { 0x00876, 0 },
    { 0x0087C, 2 },
    { 0x00882, 0 },
    { 0x00888, 2 },
    { 0x0088E, 0 },
    { 0x00894, 2 },
    { 0x0089A, 0 },
    { 0x008A0, 2 },
    { 0x008A6, 0 },
    { 0x008AC, 2 },
    { 0x008B2, 0 },
    { 0x008B8, 2 },
    { 0x008BE, 0 },
    { 0x008C4, 2 },
    { 0x008CA, 0 },
    { 0x008D0, 2 },
    { 0x008D6, 0 },
    { 0x008E0, 9 },
    { 0x008EC, 31 },
    { 0x008F2, 0 },
    { 0x008FA, 9 },
    { 0x00906, 31 },
    { 0x0090C, 0 },
    { 0x00914, 9 },
    { 0x00920, 31 },
    { 0x00926, 0 },
    { 0x0093C, 2 },
    { 0x00944, 0 },
    { 0x0094A, 10 },
    { 0x00950, 10 },
    { 0x00956, 10 },
    { 0x0095C, 2 },
    { 0x00962, 2 },
    { 0x00968, 10 },
    { 0x0096E, 10 },
    { 0x00974, 9 },
    { 0x00978, 3 },
    { 0x00980, 3 },
    { 0x00988, 3 },
    { 0x00990, 3 },
    { 0x0099A, 2 },
    { 0x009A0, 2 },
    { 0x009A6, 0 },
    { 0x009AC, 1 },
    { 0x009B2, 0 },
    { 0x009B8, 0 },
    { 0x009BE, 31 },
    { 0x009C4, 0 },
    { 0x009CA, 31 },
    { 0x009D0, 0 },
    { 0x009D6, 31 },
    { 0x009DC, 10 },
    { 0x009E4, 2 },
    { 0x009EC, 0 },
    { 0x009F6, 3 },
    { 0x009FC, 10 },
    { 0x00A02, 10 },
    { 0x00A08, 2 },
    { 0x00A0E, 2 },
    { 0x00A14, 10 },
    { 0x00A1A, 10 },
    { 0x00A20, 9 },
    { 0x00A24, 3 },
    { 0x00A2C, 3 },
    { 0x00A34, 3 },
    { 0x00A3C, 3 },
    { 0x00A46, 2 },
    { 0x00A4C, 0 },
    { 0x00A52, 2 },
    { 0x00A58, 0 },
    { 0x00A5E, 0 },
    { 0x00A68, 2 },
    { 0x00A70, 10 },
    { 0x00A76, 10 },
    { 0x00A7C, 2 },
    { 0x00A82, 2 },
    { 0x00A88, 10 },
    { 0x00A8E, 10 },
    { 0x00A94, 9 },
    { 0x00A98, 3 },
    { 0x00AA0, 3 },
    { 0x00AA8, 3 },
    { 0x00AB0, 3 },
    { 0x00AB6, 0 },
    { 0x00AC0, 3 },
    { 0x00AC6, 10 },
    { 0x00ACC, 10 },
    { 0x00AD2, 2 },
    { 0x00AD8, 2 },
    { 0x00ADE, 10 },
    { 0x00AE4, 10 },
    { 0x00AEA, 9 },
    { 0x00AEE, 3 },
    { 0x00AF6, 3 },
    { 0x00AFE, 3 },
    { 0x00B06, 3 },
    { 0x00B0C, 2 },
    { 0x00B12, 0 },
    { 0x00B18, 2 },
    { 0x00B1E, 0 },
    { 0x00B26, 0 },
    { 0x00B2C, 0 },
    { 0x00B30, 0 },
    { 0x00B38, 0 },
    { 0x00B40, 0 },
    { 0x00B4A, 2 },
    { 0x00B52, 2 },
    { 0x00B5A, 2 },
    { 0x00B68, 0 },
    { 0x00B6E, 10 },
    { 0x00B74, 10 },
    { 0x00B7A, 10 },
    { 0x00B80, 10 },
    { 0x00B86, 0 },
    { 0x00B94, 2 },
    { 0x00B9C, 2 },
    { 0x00BA6, 2 },
    { 0x00BAC, 10 },
    { 0x00BB4, 3 },
    { 0x00BBA, 2 },
    { 0x00BC0, 0 },
    { 0x00BC6, 2 },
    { 0x00BCC, 0 },
    { 0x00BD2, 0 },
    { 0x00BDA, 10 },
    { 0x00BE0, 10 },
    { 0x00BE6, 2 },
    { 0x00BEC, 2 },
    { 0x00BF2, 10 },
    { 0x00BF8, 10 },
    { 0x00BFE, 9 },
    { 0x00C02, 3 },
    { 0x00C0A, 3 },
    { 0x00C12, 3 },
    { 0x00C1A, 3 },
    { 0x00C20, 2 },
    { 0x00C26, 0 },
    { 0x00C2C, 0 },
    { 0x00C32, 10 },
    { 0x00C38, 10 },
    { 0x00C3E, 2 },
    { 0x00C44, 2 },
    { 0x00C4A, 10 },
    { 0x00C50, 10 },
    { 0x00C56, 9 },
    { 0x00C5A, 3 },
    { 0x00C62, 3 },
    { 0x00C6A, 3 },
    { 0x00C72, 3 },
    { 0x00C78, 2 },
    { 0x00C7E, 0 },
    { 0x00C84, 2 },
    { 0x00C8A, 0 },
    { 0x00C90, 0 },
    { 0x00C96, 10 },
    { 0x00C9C, 10 },
    { 0x00CA2, 2 },
    { 0x00CA8, 2 },
    { 0x00CAE, 10 },
    { 0x00CB4, 10 },
    { 0x00CBA, 9 },
    { 0x00CBE, 3 },
    { 0x00CC6, 3 },
    { 0x00CCE, 3 },
    { 0x00CD6, 3 },
    { 0x00CDC, 2 },
    { 0x00CE2, 0 },
    { 0x00CE8, 0 },
    { 0x00CEE, 2 },
    { 0x00CF4, 29 },
    { 0x00CFA, 30 },
    { 0x00D00, 29 },
    { 0x00D06, 2 },
    { 0x00D0A, 2 },
    { 0x00D0E, 2 },
    { 0x00D12, 2 },
    { 0x00D16, 2 },
    { 0x00D1A, 2 },
    { 0x00D1E, 2 },
    { 0x00D22, 2 },
    { 0x00D26, 2 },
    { 0x00D2A, 2 },
    { 0x00D30, 10 },
    { 0x00D36, 10 },
    { 0x00D3C, 2 },
    { 0x00D40, 2 },
    { 0x00D46, 31 },
    { 0x00D4C, 9 },
    { 0x00D50, 3 },
    { 0x00D56, 0 },
    { 0x00D62, 29 },
    { 0x00D6A, 3 },
    { 0x00D72, 3 },
    { 0x00D7A, 3 },
    { 0x00D84, 3 },
    { 0x00D8E, 2 },
    { 0x00D94, 2 },
    { 0x00D9A, 0 },
    { 0x00DA0, 31 },
    { 0x00DA6, 0 },
    { 0x00DAC, 10 },
    { 0x00DB2, 10 },
    { 0x00DB8, 2 },
    { 0x00DBC, 2 },
    { 0x00DC2, 10 },
    { 0x00DC8, 9 },
    { 0x00DCE, 10 },
    { 0x00DD6, 29 },
    { 0x00DDC, 30 },
    { 0x00DE2, 10 },
    { 0x00DE8, 2 },
    { 0x00DEE, 12 },
    { 0x00DF4, 10 },
    { 0x00E00, 29 },
    { 0x00E06, 10 },
    { 0x00E0E, 31 },
    { 0x00E16, 29 },
    { 0x00E20, 24 },
    { 0x00E26, 3 },
    { 0x00E42, 23 },
    { 0x00E48, 3 },
    { 0x00E64, 23 },
    { 0x00E6C, 0 },
    { 0x00E76, 3 },
    { 0x00E92, 23 },
    { 0x00E98, 3 },
    { 0x00EB4, 23 },
    { 0x00EBC, 24 },
    { 0x00EC6, 0 },
    { 0x00ECC, 29 },
    { 0x00ED4, 29 },
    { 0x00EDA, 32 },
    { 0x00EE0, 29 },
    { 0x00EEA, 29 },
    { 0x00EF4, 29 },
    { 0x00EFE, 29 },
    { 0x00F08, 29 },
    { 0x00F12, 29 },
    { 0x00F1C, 29 },
    { 0x00F26, 29 },
    { 0x00F2E, 0 },
    { 0x00F34, 29 },
    { 0x00F3C, 29 },
    { 0x00F42, 32 },
    { 0x00F48, 29 },
    { 0x00FD0, 2 },
    { 0x00FDA, 2 },
    { 0x00FE0, 3 },
    { 0x00FEA, 2 },
    { 0x00FF0, 2 },
    { 0x01000, 2 },
    { 0x01010, 2 },
    { 0x01020, 2 },
    { 0x0102C, 3 },
    { 0x01032, 2 },
    { 0x0103C, 2 },
    { 0x01042, 3 },
    { 0x01048, 0 },
    { 0x0107C, 2 },
    { 0x01088, 2 },
    { 0x01094, 2 },
    { 0x010A0, 2 },
    { 0x010AC, 2 },
    { 0x010C8, 29 },
    { 0x010F2, 0 },
    { 0x01106, 2 },
    { 0x01114, 0 },
    { 0x01128, 2 },
    { 0x01132, 2 },
    { 0x01138, 2 },
    { 0x01178, 3 },
    { 0x01182, 0 },
    { 0x01188, 21 },
    { 0x0118E, 0 },
    { 0x01194, 18 },
    { 0x0119A, 3 },
    { 0x011AA, 18 },
    { 0x011B0, 18 },
    { 0x011CC, 2 },
    { 0x011D2, 10 },
    { 0x011D8, 30 },
    { 0x011DE, 29 },
    { 0x011E4, 30 },
    { 0x011EA, 10 },
    { 0x011F0, 3 },
    { 0x011FA, 30 },
    { 0x0120C, 30 },
    { 0x01212, 20 },
    { 0x01218, 2 },
    { 0x0121E, 12 },
    { 0x01224, 26 },
    { 0x01244, 26 },
    { 0x0124A, 10 },
};

static const uint8_t ix_program_h1[1940] = {
    0x4A, 0xB9, 0x00, 0x00, 0x00, 0x88, 0x66, 0x2A, 0x4E, 0xB9, 0x00, 0x00, 0x00, 0x8C, 0x41, 0xF9,
    0x00, 0x00, 0x00, 0x40, 0x43, 0xF9, 0x00, 0x00, 0x01, 0x22, 0x4A, 0x99, 0x66, 0xFC, 0x23, 0x7C,
    0x00, 0x00, 0x00, 0x40, 0xFF, 0xFC, 0x93, 0xFC, 0x00, 0x00, 0x00, 0x04, 0x23, 0xC9, 0x00, 0x00,
    0x00, 0x88, 0x4E, 0x75, 0x20, 0x79, 0x00, 0x00, 0x00, 0x88, 0x42, 0x90, 0x4E, 0x75, 0x4E, 0x75,
    0x48, 0xE7, 0xFF, 0xFE, 0x33, 0xFC, 0x00, 0x10, 0x00, 0xDF, 0xF0, 0x9C, 0x4E, 0xB9, 0x00, 0x00,
    0x01, 0x30, 0x08, 0x39, 0x00, 0x0A, 0x00, 0xDF, 0xF0, 0x16, 0x67, 0x00, 0x00, 0x22, 0x53, 0x39,
    0x00, 0x00, 0x00, 0x84, 0x66, 0x18, 0x13, 0xFC, 0x00, 0x02, 0x00, 0x00, 0x00, 0x84, 0x53, 0x39,
    0x00, 0x00, 0x00, 0x86, 0x66, 0x08, 0x13, 0xFC, 0x00, 0x08, 0x00, 0x00, 0x00, 0x86, 0x4C, 0xDF,
    0x7F, 0xFF, 0x4E, 0x75, 0x01, 0x00, 0x01, 0x00, 0x00, 0x00, 0x00, 0x00, 0x20, 0x79, 0x00, 0x00,
    0x00, 0x9E, 0x22, 0x48, 0xD3, 0xFC, 0x00, 0x00, 0x03, 0xB8, 0x70, 0x7F, 0x72, 0x00, 0x24, 0x01,
    0x53, 0x40, 0x12, 0x19, 0xB2, 0x02, 0x6E, 0xF6, 0x51, 0xC8, 0xFF, 0xF8, 0x52, 0x02, 0x43, 0xFA,
    0x05, 0xF6, 0xE1, 0x82, 0xE5, 0x82, 0x06, 0x82, 0x00, 0x00, 0x04, 0x3C, 0xD4, 0x88, 0x24, 0x42,
    0x70, 0x1E, 0x42, 0x92, 0x22, 0xCA, 0x72, 0x00, 0x32, 0x28, 0x00, 0x2A, 0xE3, 0x81, 0xD5, 0xC1,
    0xD1, 0xFC, 0x00, 0x00, 0x00, 0x1E, 0x51, 0xC8, 0xFF, 0xEA, 0x13, 0xFC, 0x00, 0x06, 0x00, 0x00,
    0x06, 0x9E, 0x42, 0x79, 0x00, 0xDF, 0xF0, 0xA8, 0x42, 0x79, 0x00, 0xDF, 0xF0, 0xB8, 0x42, 0x79,
    0x00, 0xDF, 0xF0, 0xC8, 0x42, 0x79, 0x00, 0xDF, 0xF0, 0xD8, 0x42, 0x39, 0x00, 0x00, 0x06, 0x9F,
    0x42, 0x39, 0x00, 0x00, 0x06, 0xA2, 0x42, 0x79, 0x00, 0x00, 0x06, 0xA0, 0x4E, 0x75, 0x42, 0x79,
    0x00, 0xDF, 0xF0, 0xA8, 0x42, 0x79, 0x00, 0xDF, 0xF0, 0xB8, 0x42, 0x79, 0x00, 0xDF, 0xF0, 0xC8,
    0x42, 0x79, 0x00, 0xDF, 0xF0, 0xD8, 0x33, 0xFC, 0x00, 0x0F, 0x00, 0xDF, 0xF0, 0x96, 0x4E, 0x75,
    0x48, 0xE7, 0xF8, 0xF6, 0x20, 0x79, 0x00, 0x00, 0x00, 0x9E, 0x52, 0x39, 0x00, 0x00, 0x06, 0xA2,
    0x10, 0x39, 0x00, 0x00, 0x06, 0xA2, 0xB0, 0x39, 0x00, 0x00, 0x06, 0x9E, 0x6D, 0x0A, 0x42, 0x39,
    0x00, 0x00, 0x06, 0xA2, 0x60, 0x00, 0x00, 0x98, 0x4D, 0xFA, 0x05, 0xC8, 0x4B, 0xF9, 0x00, 0xDF,
    0xF0, 0xA0, 0x61, 0x00, 0x03, 0x70, 0x4D, 0xFA, 0x05, 0xD6, 0x4B, 0xF9, 0x00, 0xDF, 0xF0, 0xB0,
    0x61, 0x00, 0x03, 0x62, 0x4D, 0xFA, 0x05, 0xE4, 0x4B, 0xF9, 0x00, 0xDF, 0xF0, 0xC0, 0x61, 0x00,
    0x03, 0x54, 0x4D, 0xFA, 0x05, 0xF2, 0x4B, 0xF9, 0x00, 0xDF, 0xF0, 0xD0, 0x61, 0x00, 0x03, 0x46,
    0x60, 0x00, 0x02, 0x58, 0x70, 0x00, 0x10, 0x39, 0x00, 0x00, 0x06, 0xA2, 0x81, 0xFC, 0x00, 0x03,
    0x48, 0x40, 0xB0, 0x7C, 0x00, 0x00, 0x67, 0x1C, 0xB0, 0x7C, 0x00, 0x02, 0x67, 0x0A, 0x70, 0x00,
    0x10, 0x2E, 0x00, 0x03, 0xE8, 0x08, 0x60, 0x12, 0x70, 0x00, 0x10, 0x2E, 0x00, 0x03, 0x02, 0x00,
    0x00, 0x0F, 0x60, 0x06, 0x34, 0x2E, 0x00, 0x10, 0x60, 0x1E, 0xE3, 0x40, 0x72, 0x00, 0x32, 0x2E,
    0x00, 0x10, 0x41, 0xFA, 0x04, 0x7E, 0x7E, 0x24, 0x34, 0x30, 0x00, 0x00, 0xB2, 0x50, 0x6C, 0x08,
    0x54, 0x88, 0x51, 0xCF, 0xFF, 0xF4, 0x4E, 0x75, 0x3B, 0x42, 0x00, 0x06, 0x4E, 0x75, 0x20, 0x79,
    0x00, 0x00, 0x00, 0x9E, 0x26, 0x48, 0x24, 0x48, 0xD7, 0xFC, 0x00, 0x00, 0x00, 0x0C, 0xD5, 0xFC,
    0x00, 0x00, 0x03, 0xB8, 0xD1, 0xFC, 0x00, 0x00, 0x04, 0x3C, 0x70, 0x00, 0x22, 0x00, 0x10, 0x39,
    0x00, 0x00, 0x06, 0x9F, 0x12, 0x32, 0x00, 0x00, 0xE1, 0x81, 0xE5, 0x81, 0xD2, 0x79, 0x00, 0x00,
    0x06, 0xA0, 0x42, 0x79, 0x00, 0x00, 0x06, 0xA4, 0x4B, 0xF9, 0x00, 0xDF, 0xF0, 0xA0, 0x4D, 0xFA,
    0x04, 0xF2, 0x61, 0x28, 0x4B, 0xF9, 0x00, 0xDF, 0xF0, 0xB0, 0x4D, 0xFA, 0x05, 0x02, 0x61, 0x1C,
    0x4B, 0xF9, 0x00, 0xDF, 0xF0, 0xC0, 0x4D, 0xFA, 0x05, 0x12, 0x61, 0x10, 0x4B, 0xF9, 0x00, 0xDF,
    0xF0, 0xD0, 0x4D, 0xFA, 0x05, 0x22, 0x61, 0x04, 0x60, 0x00, 0x00, 0xE2, 0x2C, 0xB0, 0x18, 0x00,
    0x58, 0x81, 0x74, 0x00, 0x14, 0x2E, 0x00, 0x02, 0x02, 0x02, 0x00, 0xF0, 0xE8, 0x0A, 0x10, 0x16,
    0x02, 0x00, 0x00, 0xF0, 0x84, 0x00, 0x4A, 0x02, 0x67, 0x66, 0x76, 0x00, 0x43, 0xFA, 0x04, 0x28,
    0x28, 0x02, 0x53, 0x82, 0xE5, 0x82, 0xC8, 0xFC, 0x00, 0x1E, 0x2D, 0x71, 0x28, 0x00, 0x00, 0x04,
    0x3D, 0x73, 0x48, 0x00, 0x00, 0x08, 0x3D, 0x73, 0x48, 0x02, 0x00, 0x12, 0x36, 0x33, 0x48, 0x04,
    0x4A, 0x43, 0x67, 0x26, 0x24, 0x2E, 0x00, 0x04, 0xE3, 0x43, 0xD4, 0x83, 0x2D, 0x42, 0x00, 0x0A,
    0x30, 0x33, 0x48, 0x04, 0xD0, 0x73, 0x48, 0x06, 0x3D, 0x40, 0x00, 0x08, 0x3D, 0x73, 0x48, 0x06,
    0x00, 0x0E, 0x3B, 0x6E, 0x00, 0x12, 0x00, 0x08, 0x60, 0x16, 0x24, 0x2E, 0x00, 0x04, 0xD4, 0x83,
    0x2D, 0x42, 0x00, 0x0A, 0x3D, 0x73, 0x48, 0x06, 0x00, 0x0E, 0x3B, 0x6E, 0x00, 0x12, 0x00, 0x08,
    0x30, 0x16, 0x02, 0x40, 0x0F, 0xFF, 0x67, 0x00, 0x02, 0xD6, 0x10, 0x2E, 0x00, 0x02, 0x02, 0x00,
    0x00, 0x0F, 0xB0, 0x3C, 0x00, 0x03, 0x66, 0x08, 0x61, 0x00, 0x00, 0xFE, 0x60, 0x00, 0x02, 0xC0,
    0x3D, 0x56, 0x00, 0x10, 0x02, 0x6E, 0x0F, 0xFF, 0x00, 0x10, 0x30, 0x2E, 0x00, 0x14, 0x33, 0xC0,
    0x00, 0xDF, 0xF0, 0x96, 0x42, 0x2E, 0x00, 0x1B, 0x2A, 0xAE, 0x00, 0x04, 0x3B, 0x6E, 0x00, 0x08,
    0x00, 0x04, 0x30, 0x2E, 0x00, 0x10, 0x02, 0x40, 0x0F, 0xFF, 0x3B, 0x40, 0x00, 0x06, 0x30, 0x2E,
    0x00, 0x14, 0x81, 0x79, 0x00, 0x00, 0x06, 0xA4, 0x60, 0x00, 0x02, 0x84, 0x30, 0x3C, 0x01, 0x2C,
    0x51, 0xC8, 0xFF, 0xFE, 0x30, 0x39, 0x00, 0x00, 0x06, 0xA4, 0x00, 0x40, 0x80, 0x00, 0x33, 0xC0,
    0x00, 0xDF, 0xF0, 0x96, 0x30, 0x3C, 0x01, 0x2C, 0x51, 0xC8, 0xFF, 0xFE, 0x4B, 0xF9, 0x00, 0xDF,
    0xF0, 0x00, 0x4D, 0xFA, 0x04, 0x12, 0x2B, 0x6E, 0x00, 0x0A, 0x00, 0xD0, 0x3B, 0x6E, 0x00, 0x0E,
    0x00, 0xD4, 0x4D, 0xFA, 0x03, 0xE6, 0x2B, 0x6E, 0x00, 0x0A, 0x00, 0xC0, 0x3B, 0x6E, 0x00, 0x0E,
    0x00, 0xC4, 0x4D, 0xFA, 0x03, 0xBA, 0x2B, 0x6E, 0x00, 0x0A, 0x00, 0xB0, 0x3B, 0x6E, 0x00, 0x0E,
    0x00, 0xB4, 0x4D, 0xFA, 0x03, 0x8E, 0x2B, 0x6E, 0x00, 0x0A, 0x00, 0xA0, 0x3B, 0x6E, 0x00, 0x0E,
    0x00, 0xA4, 0x06, 0x79, 0x00, 0x10, 0x00, 0x00, 0x06, 0xA0, 0x0C, 0x79, 0x04, 0x00, 0x00, 0x00,
    0x06, 0xA0, 0x66, 0x36, 0x42, 0x79, 0x00, 0x00, 0x06, 0xA0, 0x42, 0x39, 0x00, 0x00, 0x06, 0xA3,
    0x52, 0x39, 0x00, 0x00, 0x06, 0x9F, 0x02, 0x39, 0x00, 0x7F, 0x00, 0x00, 0x06, 0x9F, 0x12, 0x39,
    0x00, 0x00, 0x06, 0x9F, 0x20, 0x79, 0x00, 0x00, 0x00, 0x9E, 0xD1, 0xFC, 0x00, 0x00, 0x03, 0xB6,
    0xB2, 0x10, 0x66, 0x06, 0x42, 0x39, 0x00, 0x00, 0x06, 0x9F, 0x4A, 0x39, 0x00, 0x00, 0x06, 0xA3,
    0x66, 0xC2, 0x4C, 0xDF, 0x6F, 0x1F, 0x4E, 0x75, 0x34, 0x16, 0x02, 0x42, 0x0F, 0xFF, 0x3D, 0x42,
    0x00, 0x18, 0x30, 0x2E, 0x00, 0x10, 0x42, 0x2E, 0x00, 0x16, 0xB4, 0x40, 0x67, 0x0A, 0x6C, 0x0C,
    0x1D, 0x7C, 0x00, 0x01, 0x00, 0x16, 0x4E, 0x75, 0x42, 0x6E, 0x00, 0x18, 0x4E, 0x75, 0x10, 0x2E,
    0x00, 0x03, 0x67, 0x08, 0x1D, 0x40, 0x00, 0x17, 0x42, 0x2E, 0x00, 0x03, 0x4A, 0x6E, 0x00, 0x18,
    0x67, 0xEA, 0x70, 0x00, 0x10, 0x2E, 0x00, 0x17, 0x4A, 0x2E, 0x00, 0x16, 0x66, 0x20, 0xD1, 0x6E,
    0x00, 0x10, 0x30, 0x2E, 0x00, 0x18, 0xB0, 0x6E, 0x00, 0x10, 0x6E, 0x0A, 0x3D, 0x6E, 0x00, 0x18,
    0x00, 0x10, 0x42, 0x6E, 0x00, 0x18, 0x3B, 0x6E, 0x00, 0x10, 0x00, 0x06, 0x4E, 0x75, 0x91, 0x6E,
    0x00, 0x10, 0x30, 0x2E, 0x00, 0x18, 0xB0, 0x6E, 0x00, 0x10, 0x6D, 0xEA, 0x3D, 0x6E, 0x00, 0x18,
    0x00, 0x10, 0x42, 0x6E, 0x00, 0x18, 0x3B, 0x6E, 0x00, 0x10, 0x00, 0x06, 0x4E, 0x75, 0x10, 0x2E,
    0x00, 0x03, 0x67, 0x04, 0x1D, 0x40, 0x00, 0x1A, 0x10, 0x2E, 0x00, 0x1B, 0x49, 0xFA, 0x01, 0xA4,
    0xE4, 0x48, 0x02, 0x40, 0x00, 0x1F, 0x74, 0x00, 0x14, 0x34, 0x00, 0x00, 0x10, 0x2E, 0x00, 0x1A,
    0x02, 0x40, 0x00, 0x0F, 0xC4, 0xC0, 0xEC, 0x4A, 0x30, 0x2E, 0x00, 0x10, 0x4A, 0x2E, 0x00, 0x1B,
    0x6B, 0x04, 0xD0, 0x42, 0x60, 0x02, 0x90, 0x42, 0x3B, 0x40, 0x00, 0x06, 0x10, 0x2E, 0x00, 0x1A,
    0xE4, 0x48, 0x02, 0x40, 0x00, 0x3C, 0xD1, 0x2E, 0x00, 0x1B, 0x4E, 0x75, 0x3B, 0x6E, 0x00, 0x10,
    0x00, 0x06, 0x4E, 0x75, 0x30, 0x2E, 0x00, 0x02, 0x02, 0x40, 0x0F, 0xFF, 0x67, 0xEE, 0x10, 0x2E,
    0x00, 0x02, 0x02, 0x00, 0x00, 0x0F, 0x4A, 0x00, 0x67, 0x00, 0xFC, 0xAA, 0xB0, 0x3C, 0x00, 0x01,
    0x67, 0x68, 0xB0, 0x3C, 0x00, 0x02, 0x67, 0x00, 0x00, 0x94, 0xB0, 0x3C, 0x00, 0x03, 0x67, 0x00,
    0xFF, 0x1E, 0xB0, 0x3C, 0x00, 0x04, 0x67, 0x00, 0xFF, 0x76, 0x3B, 0x6E, 0x00, 0x10, 0x00, 0x06,
    0xB0, 0x3C, 0x00, 0x0A, 0x67, 0x02, 0x4E, 0x75, 0x70, 0x00, 0x10, 0x2E, 0x00, 0x03, 0xE8, 0x08,
    0x4A, 0x00, 0x67, 0x1A, 0xD1, 0x6E, 0x00, 0x12, 0x0C, 0x6E, 0x00, 0x40, 0x00, 0x12, 0x6B, 0x06,
    0x3D, 0x7C, 0x00, 0x40, 0x00, 0x12, 0x3B, 0x6E, 0x00, 0x12, 0x00, 0x08, 0x4E, 0x75, 0x70, 0x00,
    0x10, 0x2E, 0x00, 0x03, 0x02, 0x00, 0x00, 0x0F, 0x91, 0x6E, 0x00, 0x12, 0x6A, 0x04, 0x42, 0x6E,
    0x00, 0x12, 0x3B, 0x6E, 0x00, 0x12, 0x00, 0x08, 0x4E, 0x75, 0x70, 0x00, 0x10, 0x2E, 0x00, 0x03,
    0x91, 0x6E, 0x00, 0x10, 0x30, 0x2E, 0x00, 0x10, 0x02, 0x40, 0x0F, 0xFF, 0xB0, 0x7C, 0x00, 0x71,
    0x6A, 0x0C, 0x02, 0x6E, 0xF0, 0x00, 0x00, 0x10, 0x00, 0x6E, 0x00, 0x71, 0x00, 0x10, 0x30, 0x2E,
    0x00, 0x10, 0x02, 0x40, 0x0F, 0xFF, 0x3B, 0x40, 0x00, 0x06, 0x4E, 0x75, 0x42, 0x40, 0x10, 0x2E,
    0x00, 0x03, 0xD1, 0x6E, 0x00, 0x10, 0x30, 0x2E, 0x00, 0x10, 0x02, 0x40, 0x0F, 0xFF, 0xB0, 0x7C,
    0x03, 0x58, 0x6B, 0x0C, 0x02, 0x6E, 0xF0, 0x00, 0x00, 0x10, 0x00, 0x6E, 0x03, 0x58, 0x00, 0x10,
    0x30, 0x2E, 0x00, 0x10, 0x02, 0x40, 0x0F, 0xFF, 0x3B, 0x40, 0x00, 0x06, 0x4E, 0x75, 0x10, 0x2E,
    0x00, 0x02, 0x02, 0x00, 0x00, 0x0F, 0xB0, 0x3C, 0x00, 0x0E, 0x67, 0x1A, 0xB0, 0x3C, 0x00, 0x0D,
    0x67, 0x16, 0xB0, 0x3C, 0x00, 0x0B, 0x67, 0x18, 0xB0, 0x3C, 0x00, 0x0C, 0x67, 0x26, 0xB0, 0x3C,
    0x00, 0x0F, 0x67, 0x36, 0x4E, 0x75, 0x4E, 0x75, 0x46, 0x39, 0x00, 0x00, 0x06, 0xA3, 0x4E, 0x75,
    0x10, 0x2E, 0x00, 0x03, 0x53, 0x00, 0x13, 0xC0, 0x00, 0x00, 0x06, 0x9F, 0x46, 0x39, 0x00, 0x00,
    0x06, 0xA3, 0x4E, 0x75, 0x0C, 0x2E, 0x00, 0x40, 0x00, 0x03, 0x6F, 0x06, 0x1D, 0x7C, 0x00, 0x40,
    0x00, 0x03, 0x1B, 0x6E, 0x00, 0x03, 0x00, 0x08, 0x4E, 0x75, 0x10, 0x2E, 0x00, 0x03, 0x02, 0x40,
    0x00, 0x1F, 0x67, 0x0C, 0x42, 0x39, 0x00, 0x00, 0x06, 0xA2, 0x13, 0xC0, 0x00, 0x00, 0x06, 0x9E,
    0x4E, 0x75, 0x00, 0x18, 0x31, 0x4A, 0x61, 0x78, 0x8D, 0xA1, 0xB4, 0xC5, 0xD4, 0xE0, 0xEB, 0xF4,
    0xFA, 0xFD, 0xFF, 0xFD, 0xFA, 0xF4, 0xEB, 0xE0, 0xD4, 0xC5, 0xB4, 0xA1, 0x8D, 0x78, 0x61, 0x4A,
    0x31, 0x18, 0x03, 0x58, 0x03, 0x28, 0x02, 0xFA, 0x02, 0xD0, 0x02, 0xA6, 0x02, 0x80, 0x02, 0x5C,
    0x02, 0x3A, 0x02, 0x1A, 0x01, 0xFC, 0x01, 0xE0, 0x01, 0xC5, 0x01, 0xAC, 0x01, 0x94, 0x01, 0x7D,
    0x01, 0x68, 0x01, 0x53, 0x01, 0x40, 0x01, 0x2E, 0x01, 0x1D, 0x01, 0x0D, 0x00, 0xFE, 0x00, 0xF0,
    0x00, 0xE2, 0x00, 0xD6, 0x00, 0xCA, 0x00, 0xBE, 0x00, 0xB4, 0x00, 0xAA, 0x00, 0xA0, 0x00, 0x97,
    0x00, 0x8F, 0x00, 0x87, 0x00, 0x7F, 0x00, 0x78, 0x00, 0x71, 0x00, 0x00, 0x00, 0x00, 0x06, 0x00,
    0x00, 0x00, 0x00, 0x00, 0x00, 0x00, 0x00, 0x00, 0x00, 0x00, 0x00, 0x00, 0x00, 0x00, 0x00, 0x00,
    0x00, 0x00, 0x00, 0x00, 0x00, 0x00, 0x00, 0x00, 0x00, 0x00, 0x00, 0x00, 0x00, 0x00, 0x00, 0x00,
    0x00, 0x00, 0x00, 0x00, 0x00, 0x00, 0x00, 0x00, 0x00, 0x00, 0x00, 0x00, 0x00, 0x00, 0x00, 0x00,
    0x00, 0x00, 0x00, 0x00, 0x00, 0x00, 0x00, 0x00, 0x00, 0x00, 0x00, 0x00, 0x00, 0x00, 0x00, 0x00,
    0x00, 0x00, 0x00, 0x00, 0x00, 0x00, 0x00, 0x00, 0x00, 0x00, 0x00, 0x00, 0x00, 0x00, 0x00, 0x00,
    0x00, 0x00, 0x00, 0x00, 0x00, 0x00, 0x00, 0x00, 0x00, 0x00, 0x00, 0x00, 0x00, 0x00, 0x00, 0x00,
    0x00, 0x00, 0x00, 0x00, 0x00, 0x00, 0x00, 0x00, 0x00, 0x00, 0x00, 0x00, 0x00, 0x00, 0x00, 0x00,
    0x00, 0x00, 0x00, 0x00, 0x00, 0x00, 0x00, 0x00, 0x00, 0x00, 0x00, 0x00, 0x00, 0x00, 0x00, 0x00,
    0x00, 0x00, 0x00, 0x00, 0x00, 0x00, 0x00, 0x00, 0x00, 0x00, 0x00, 0x00, 0x00, 0x00, 0x00, 0x00,
    0x00, 0x00, 0x00, 0x00, 0x00, 0x00, 0x00, 0x01, 0x00, 0x00, 0x00, 0x00, 0x00, 0x00, 0x00, 0x00,
    0x00, 0x00, 0x00, 0x00, 0x00, 0x00, 0x00, 0x00, 0x00, 0x00, 0x00, 0x00, 0x00, 0x00, 0x00, 0x00,
    0x00, 0x00, 0x00, 0x02, 0x00, 0x00, 0x00, 0x00, 0x00, 0x00, 0x00, 0x00, 0x00, 0x00, 0x00, 0x00,
    0x00, 0x00, 0x00, 0x00, 0x00, 0x00, 0x00, 0x00, 0x00, 0x00, 0x00, 0x00, 0x00, 0x00, 0x00, 0x04,
    0x00, 0x00, 0x00, 0x00, 0x00, 0x00, 0x00, 0x00, 0x00, 0x00, 0x00, 0x00, 0x00, 0x00, 0x00, 0x00,
    0x00, 0x00, 0x00, 0x00, 0x00, 0x00, 0x00, 0x00, 0x00, 0x00, 0x00, 0x08, 0x00, 0x00, 0x00, 0x00,
    0x00, 0x00, 0x00, 0x00,
};
static const IxReloc ix_program_h1_rel[44] = {
    { 0x00002, 1 },
    { 0x0000A, 1 },
    { 0x00010, 1 },
    { 0x00016, 16 },
    { 0x00020, 1 },
    { 0x0002E, 1 },
    { 0x00036, 1 },
    { 0x0004E, 1 },
    { 0x00060, 1 },
    { 0x0006A, 1 },
    { 0x00070, 1 },
    { 0x0007A, 1 },
    { 0x0008E, 3 },
    { 0x000DE, 1 },
    { 0x000FC, 1 },
    { 0x00102, 1 },
    { 0x00108, 1 },
    { 0x00136, 3 },
    { 0x0013C, 1 },
    { 0x00142, 1 },
    { 0x00148, 1 },
    { 0x00150, 1 },
    { 0x00198, 1 },
    { 0x001F0, 3 },
    { 0x00210, 1 },
    { 0x0021E, 1 },
    { 0x00224, 1 },
    { 0x00334, 1 },
    { 0x00346, 1 },
    { 0x003A6, 1 },
    { 0x003AE, 1 },
    { 0x003B6, 1 },
    { 0x003BC, 1 },
    { 0x003C2, 1 },
    { 0x003CA, 1 },
    { 0x003D0, 1 },
    { 0x003D6, 3 },
    { 0x003E6, 1 },
    { 0x003EC, 1 },
    { 0x005EA, 1 },
    { 0x005F8, 1 },
    { 0x005FE, 1 },
    { 0x00626, 1 },
    { 0x0062C, 1 },
};

static const uint8_t ix_program_h2[12288] = {
    0x00, 0x00, 0x00, 0x00, 0x00, 0x00, 0x00, 0x3C, 0x00, 0x00, 0x00, 0x4B, 0x00, 0x01, 0x00, 0x00,
    0x00, 0x12, 0x00, 0x00, 0x00, 0x50, 0x00, 0x00, 0x00, 0x5F, 0x00, 0x01, 0x00, 0x00, 0x00, 0x20,
    0x00, 0x00, 0x00, 0x5A, 0x00, 0x00, 0x00, 0x73, 0x00, 0x01, 0x00, 0x00, 0x00, 0x2E, 0x00, 0x00,
    0x00, 0x6C, 0x00, 0x00, 0x00, 0xB4, 0x00, 0x01, 0x00, 0x00, 0x00, 0x00, 0x54, 0x68, 0x65, 0x20,
    0x63, 0x65, 0x72, 0x65, 0x6D, 0x6F, 0x6E, 0x79, 0x20, 0x6F, 0x66, 0x20, 0x74, 0x68, 0x65, 0x00,
    0x4D, 0x6F, 0x6F, 0x6E, 0x73, 0x74, 0x6F, 0x6E, 0x65, 0x00, 0x69, 0x73, 0x20, 0x61, 0x62, 0x6F,
    0x75, 0x74, 0x20, 0x74, 0x6F, 0x20, 0x62, 0x65, 0x67, 0x69, 0x6E, 0x00, 0x4C, 0x6F, 0x61, 0x64,
    0x69, 0x6E, 0x67, 0x20, 0x2E, 0x2E, 0x2E, 0x00, 0x00, 0x00, 0x01, 0x12, 0x00, 0x00, 0x00, 0x37,
    0x00, 0x01, 0x00, 0x00, 0x00, 0x86, 0x00, 0x00, 0x01, 0x28, 0x00, 0x00, 0x00, 0x4B, 0x00, 0x01,
    0x00, 0x00, 0x00, 0x94, 0x00, 0x00, 0x01, 0x43, 0x00, 0x00, 0x00, 0x5F, 0x00, 0x01, 0x00, 0x00,
    0x00, 0xA2, 0x00, 0x00, 0x01, 0x59, 0x00, 0x00, 0x00, 0x73, 0x00, 0x01, 0x00, 0x00, 0x00, 0xB0,
    0x00, 0x00, 0x01, 0x62, 0x00, 0x00, 0x00, 0x87, 0x00, 0x01, 0x00, 0x00, 0x00, 0xBE, 0x00, 0x00,
    0x01, 0x71, 0x00, 0x00, 0x00, 0xAF, 0x00, 0x01, 0x00, 0x00, 0x00, 0x00, 0x00, 0x00, 0x01, 0x7B,
    0x00, 0x00, 0x00, 0x37, 0x00, 0x01, 0x00, 0x00, 0x00, 0xDA, 0x00, 0x00, 0x01, 0x93, 0x00, 0x00,
    0x00, 0x4B, 0x00, 0x01, 0x00, 0x00, 0x00, 0xE8, 0x00, 0x00, 0x01, 0xAD, 0x00, 0x00, 0x00, 0x5F,
    0x00, 0x01, 0x00, 0x00, 0x00, 0xF6, 0x00, 0x00, 0x01, 0xC8, 0x00, 0x00, 0x00, 0x73, 0x00, 0x01,
    0x00, 0x00, 0x01, 0x04, 0x00, 0x00, 0x01, 0xE1, 0x00, 0x00, 0x00, 0x87, 0x00, 0x01, 0x00, 0x00,
    0x00, 0x00, 0x54, 0x68, 0x65, 0x20, 0x64, 0x72, 0x75, 0x69, 0x64, 0x73, 0x20, 0x73, 0x65, 0x6E,
    0x74, 0x20, 0x74, 0x68, 0x65, 0x69, 0x72, 0x00, 0x62, 0x65, 0x73, 0x74, 0x20, 0x6B, 0x6E, 0x69,
    0x67, 0x68, 0x74, 0x73, 0x20, 0x74, 0x6F, 0x20, 0x53, 0x74, 0x6F, 0x6E, 0x65, 0x68, 0x65, 0x6E,
    0x67, 0x65, 0x00, 0x73, 0x6F, 0x20, 0x74, 0x68, 0x65, 0x79, 0x20, 0x6D, 0x61, 0x79, 0x20, 0x62,
    0x65, 0x20, 0x64, 0x75, 0x62, 0x62, 0x65, 0x64, 0x00, 0x69, 0x6E, 0x74, 0x6F, 0x20, 0x74, 0x68,
    0x65, 0x00, 0x51, 0x75, 0x65, 0x73, 0x74, 0x20, 0x66, 0x6F, 0x72, 0x20, 0x74, 0x68, 0x65, 0x20,
    0x00, 0x4D, 0x4F, 0x4F, 0x4E, 0x53, 0x54, 0x4F, 0x4E, 0x45, 0x00, 0x41, 0x6E, 0x64, 0x20, 0x73,
    0x6F, 0x2C, 0x20, 0x74, 0x68, 0x65, 0x20, 0x74, 0x61, 0x6C, 0x65, 0x20, 0x6F, 0x66, 0x20, 0x74,
    0x68, 0x65, 0x00, 0x4D, 0x6F, 0x6F, 0x6E, 0x73, 0x74, 0x6F, 0x6E, 0x65, 0x20, 0x61, 0x6E, 0x64,
    0x20, 0x74, 0x68, 0x65, 0x20, 0x63, 0x6F, 0x75, 0x72, 0x61, 0x67, 0x65, 0x00, 0x6F, 0x66, 0x20,
    0x74, 0x68, 0x65, 0x20, 0x6B, 0x6E, 0x69, 0x67, 0x68, 0x74, 0x73, 0x20, 0x74, 0x68, 0x61, 0x74,
    0x20, 0x66, 0x6F, 0x75, 0x67, 0x68, 0x74, 0x00, 0x66, 0x6F, 0x72, 0x20, 0x69, 0x74, 0x20, 0x69,
    0x73, 0x20, 0x70, 0x61, 0x73, 0x73, 0x65, 0x64, 0x20, 0x6F, 0x6E, 0x20, 0x66, 0x72, 0x6F, 0x6D,
    0x00, 0x6F, 0x6E, 0x65, 0x20, 0x67, 0x65, 0x6E, 0x65, 0x72, 0x61, 0x74, 0x69, 0x6F, 0x6E, 0x20,
    0x74, 0x6F, 0x20, 0x74, 0x68, 0x65, 0x20, 0x6E, 0x65, 0x78, 0x74, 0x2E, 0x00, 0x00, 0x00, 0x00,
    0x00, 0x00, 0x00, 0x00, 0x00, 0x00, 0x00, 0x00, 0x00, 0x00, 0x00, 0x00, 0x00, 0x00, 0x00, 0x00,
    0x00, 0x00, 0x00, 0x00, 0x00, 0x00, 0x00, 0x00, 0x00, 0x00, 0x00, 0x00, 0x00, 0x00, 0x00, 0x00,
    0x00, 0x00, 0x00, 0x00, 0x00, 0x00, 0x00, 0x00, 0x00, 0x00, 0x00, 0x00, 0x00, 0x00, 0x00, 0x00,
    0x00, 0x00, 0x00, 0x00, 0x00, 0x00, 0x00, 0x00, 0x00, 0x00, 0x00, 0x00, 0x00, 0x00, 0x00, 0x00,
    0x00, 0x04, 0x00, 0x00, 0x00, 0x00, 0x00, 0x00, 0x88, 0x0A, 0x00, 0x00, 0xD1, 0x00, 0xFF, 0xE4,
    0x00, 0x01, 0xEF, 0x00, 0xFF, 0xDA, 0x00, 0x02, 0xFD, 0x00, 0xFF, 0xCD, 0x00, 0x03, 0xEF, 0x00,
    0x00, 0x06, 0x00, 0x04, 0xFF, 0x00, 0x00, 0x1A, 0x00, 0x05, 0x12, 0x00, 0x00, 0x2C, 0xFF, 0x00,
    0x88, 0x02, 0x00, 0x00, 0xD1, 0x00, 0xFF, 0xE4, 0x00, 0x06, 0xF0, 0x00, 0xFF, 0xD1, 0x00, 0x07,
    0x03, 0x00, 0xFF, 0xC1, 0x00, 0x08, 0x19, 0x00, 0xFF, 0xC4, 0x00, 0x09, 0xF1, 0x00, 0x00, 0x07,
    0x00, 0x0A, 0xFD, 0x00, 0x00, 0x1B, 0x00, 0x0B, 0x08, 0x00, 0x00, 0x1B, 0x00, 0x0C, 0x0D, 0x00,
    0x00, 0x1C, 0xFF, 0x00, 0x88, 0x01, 0x00, 0x00, 0xD1, 0x00, 0xFF, 0xE4, 0x00, 0x0D, 0x00, 0x00,
    0xFF, 0xB4, 0x00, 0x0E, 0xF5, 0x00, 0xFF, 0xC4, 0x00, 0x0F, 0xEF, 0x00, 0xFF, 0xDA, 0x00, 0x10,
    0xF1, 0x00, 0x00, 0x07, 0x00, 0x11, 0xF6, 0x00, 0x00, 0x16, 0x00, 0x12, 0xFB, 0x00, 0x00, 0x2F,
    0xFF, 0x00, 0x88, 0x01, 0x00, 0x00, 0xD1, 0x00, 0xFF, 0xE4, 0x00, 0x13, 0xE9, 0x00, 0xFF, 0x9A,
    0x00, 0x14, 0x02, 0x00, 0xFF, 0xA3, 0x00, 0x15, 0xEE, 0x00, 0xFF, 0xB1, 0x00, 0x16, 0x02, 0x00,
    0xFF, 0xB2, 0x00, 0x17, 0xEE, 0x00, 0x00, 0x07, 0x00, 0x18, 0xDA, 0x00, 0x00, 0x4B, 0x00, 0x19,
    0xEA, 0x00, 0x00, 0x3E, 0x00, 0x1A, 0x02, 0x00, 0x00, 0x1F, 0xFF, 0x00, 0x00, 0x00, 0xD1, 0x00,
    0xFF, 0xE4, 0x00, 0x1B, 0xD0, 0x00, 0xFF, 0x96, 0x00, 0x1C, 0xDF, 0x00, 0xFF, 0x9B, 0x00, 0x1D,
    0xDF, 0x00, 0xFF, 0xA2, 0x00, 0x1E, 0xDF, 0x00, 0xFF, 0xB1, 0x00, 0x1F, 0xE1, 0x00, 0xFF, 0xB9,
    0x00, 0x20, 0x04, 0x00, 0xFF, 0xBC, 0x00, 0x21, 0xEE, 0x00, 0xFF, 0xD8, 0x00, 0x22, 0xEC, 0x00,
    0x00, 0x07, 0x00, 0x23, 0xDF, 0x00, 0x00, 0x19, 0x00, 0x24, 0xD7, 0x00, 0x00, 0x35, 0x00, 0x25,
    0xC2, 0x00, 0x00, 0x42, 0x00, 0x26, 0xCC, 0x00, 0x00, 0x42, 0x00, 0x27, 0xED, 0x00, 0x00, 0x42,
    0xFF, 0x00, 0x00, 0x00, 0xD1, 0x00, 0xFF, 0xE4, 0x00, 0x28, 0xC7, 0x00, 0xFF, 0x97, 0x00, 0x29,
    0xD4, 0x00, 0xFF, 0x9C, 0x00, 0x2A, 0xD4, 0x00, 0xFF, 0xA4, 0x00, 0x2B, 0xDA, 0x00, 0x00, 0x18,
    0x00, 0x2D, 0xD6, 0x00, 0x00, 0x31, 0x00, 0x2E, 0xB7, 0x00, 0x00, 0x37, 0x00, 0x2F, 0xC2, 0x00,
    0x00, 0x3C, 0x00, 0x30, 0xC9, 0x00, 0x00, 0x39, 0x00, 0x31, 0xDD, 0x00, 0xFF, 0xA4, 0x00, 0x32,
    0xFC, 0x00, 0xFF, 0xBE, 0x00, 0x33, 0xEE, 0x00, 0xFF, 0xDD, 0x00, 0x34, 0xE9, 0x00, 0x00, 0x07,
    0x00, 0x35, 0xE2, 0x00, 0x00, 0x43, 0xFF, 0x00, 0x88, 0x08, 0x00, 0x00, 0xD1, 0x00, 0xFF, 0xE4,
    0x00, 0x36, 0xB5, 0x00, 0xFF, 0xA3, 0x00, 0x37, 0xE3, 0x00, 0xFF, 0xAF, 0x00, 0x38, 0xD4, 0x00,
    0xFF, 0xBA, 0x00, 0x39, 0xEB, 0x00, 0xFF, 0xD9, 0x00, 0x3A, 0xE5, 0x00, 0x00, 0x07, 0x00, 0x3B,
    0xD2, 0x00, 0x00, 0x18, 0x00, 0x3C, 0xA9, 0x00, 0x00, 0x22, 0x00, 0x3D, 0xB5, 0x00, 0x00, 0x2B,
    0x00, 0x3E, 0xBE, 0x00, 0x00, 0x30, 0x00, 0x3F, 0xE4, 0x00, 0x00, 0x45, 0xFF, 0xFF, 0x88, 0x06,
    0x00, 0x47, 0xF1, 0x00, 0xFF, 0x7D, 0x00, 0x48, 0x11, 0x00, 0xFF, 0x79, 0x00, 0x49, 0x11, 0x00,
    0xFF, 0xBD, 0x00, 0x4A, 0x11, 0x00, 0xFF, 0x88, 0x00, 0x4B, 0x1C, 0x00, 0xFF, 0xA2, 0x00, 0x4C,
    0x32, 0x00, 0xFF, 0xA2, 0x00, 0x4D, 0x51, 0x00, 0xFF, 0xA7, 0x00, 0x4E, 0xF2, 0x00, 0x00, 0x07,
    0x00, 0x4F, 0x01, 0x00, 0x00, 0x03, 0x00, 0x50, 0x0F, 0x00, 0xFF, 0xEC, 0x00, 0x51, 0x31, 0x00,
    0xFF, 0xE9, 0x00, 0x41, 0x0C, 0x00, 0x00, 0x0C, 0x00, 0x40, 0x03, 0x00, 0x00, 0x12, 0x00, 0x42,
    0x33, 0x00, 0x00, 0x49, 0x00, 0x43, 0x3E, 0x00, 0x00, 0x49, 0x00, 0x45, 0x47, 0x00, 0xFF, 0xF4,
    0x00, 0x46, 0x54, 0x00, 0x00, 0x84, 0x00, 0x44, 0x56, 0x00, 0xFF, 0xEA, 0xFF, 0x00, 0x00, 0x52,
    0xFA, 0x00, 0x00, 0x20, 0x00, 0x53, 0x14, 0x00, 0xFF, 0xFE, 0x00, 0x54, 0x24, 0x00, 0xFF, 0xE9,
    0x00, 0x47, 0xF1, 0x00, 0xFF, 0x7D, 0x00, 0x48, 0x11, 0x00, 0xFF, 0x79, 0x00, 0x49, 0x11, 0x00,
    0xFF, 0xBD, 0x00, 0x4A, 0x11, 0x00, 0xFF, 0x88, 0x00, 0x4B, 0x1C, 0x00, 0xFF, 0xA2, 0x00, 0x4C,
    0x32, 0x00, 0xFF, 0xA2, 0x00, 0x4D, 0x51, 0x00, 0xFF, 0xA7, 0x00, 0x41, 0x0C, 0x00, 0x00, 0x0C,
    0x00, 0x40, 0x03, 0x00, 0x00, 0x12, 0x00, 0x42, 0x33, 0x00, 0x00, 0x49, 0x00, 0x43, 0x3E, 0x00,
    0x00, 0x49, 0x00, 0x45, 0x47, 0x00, 0xFF, 0xF4, 0x00, 0x46, 0x54, 0x00, 0x00, 0x84, 0x00, 0x44,
    0x56, 0x00, 0xFF, 0xEA, 0xFF, 0x00, 0x00, 0x55, 0x06, 0x00, 0x00, 0x3E, 0x00, 0x56, 0x2B, 0x00,
    0xFF, 0xE9, 0x00, 0x47, 0xF1, 0x00, 0xFF, 0x7D, 0x00, 0x48, 0x11, 0x00, 0xFF, 0x79, 0x00, 0x49,
    0x11, 0x00, 0xFF, 0xBD, 0x00, 0x4A, 0x11, 0x00, 0xFF, 0x88, 0x00, 0x4B, 0x1C, 0x00, 0xFF, 0xA2,
    0x00, 0x4C, 0x32, 0x00, 0xFF, 0xA2, 0x00, 0x4D, 0x51, 0x00, 0xFF, 0xA7, 0x00, 0x41, 0x0C, 0x00,
    0x00, 0x0C, 0x00, 0x40, 0x03, 0x00, 0x00, 0x12, 0x00, 0x42, 0x33, 0x00, 0x00, 0x49, 0x00, 0x43,
    0x3E, 0x00, 0x00, 0x49, 0x00, 0x45, 0x47, 0x00, 0xFF, 0xF4, 0x00, 0x46, 0x54, 0x00, 0x00, 0x84,
    0x00, 0x44, 0x56, 0x00, 0xFF, 0xEA, 0xFF, 0x00, 0x00, 0x57, 0x22, 0x00, 0x00, 0x50, 0x00, 0x58,
    0x34, 0x00, 0xFF, 0xE9, 0x00, 0x47, 0xF1, 0x00, 0xFF, 0x7D, 0x00, 0x48, 0x11, 0x00, 0xFF, 0x79,
    0x00, 0x49, 0x11, 0x00, 0xFF, 0xBD, 0x00, 0x4A, 0x11, 0x00, 0xFF, 0x88, 0x00, 0x4B, 0x1C, 0x00,
    0xFF, 0xA2, 0x00, 0x4C, 0x32, 0x00, 0xFF, 0xA2, 0x00, 0x4D, 0x51, 0x00, 0xFF, 0xA7, 0x00, 0x41,
    0x0C, 0x00, 0x00, 0x0C, 0x00, 0x40, 0x03, 0x00, 0x00, 0x12, 0x00, 0x42, 0x33, 0x00, 0x00, 0x49,
    0x00, 0x43, 0x3E, 0x00, 0x00, 0x49, 0x00, 0x45, 0x47, 0x00, 0xFF, 0xF4, 0x00, 0x46, 0x54, 0x00,
    0x00, 0x84, 0x00, 0x44, 0x56, 0x00, 0xFF, 0xEA, 0xFF, 0x00, 0x04, 0x03, 0xBA, 0x00, 0xFF, 0xEC,
    0x04, 0x08, 0xBA, 0x00, 0x00, 0x0A, 0x04, 0x09, 0xCD, 0x00, 0x00, 0x29, 0x04, 0x0A, 0xCE, 0x00,
    0x00, 0x40, 0x04, 0x06, 0xC7, 0x00, 0xFF, 0xDE, 0x04, 0x07, 0xD4, 0x00, 0xFF, 0xEC, 0x04, 0x05,
    0xD3, 0x00, 0xFF, 0xC7, 0x04, 0x04, 0xDB, 0x00, 0xFF, 0xAC, 0x04, 0x01, 0xA0, 0x00, 0xFF, 0xC8,
    0x04, 0x00, 0xA3, 0x00, 0xFF, 0xF6, 0x04, 0x02, 0xAF, 0x00, 0x00, 0x17, 0x00, 0x59, 0x35, 0x00,
    0xFF, 0xE9, 0x00, 0x5B, 0x38, 0x00, 0x00, 0x70, 0x00, 0x5A, 0x42, 0x00, 0x00, 0x5E, 0x00, 0x47,
    0xF1, 0x00, 0xFF, 0x7D, 0x00, 0x48, 0x11, 0x00, 0xFF, 0x79, 0x00, 0x49, 0x11, 0x00, 0xFF, 0xBD,
    0x00, 0x4A, 0x11, 0x00, 0xFF, 0x88, 0x00, 0x4B, 0x1C, 0x00, 0xFF, 0xA2, 0x00, 0x4C, 0x32, 0x00,
    0xFF, 0xA2, 0x00, 0x4D, 0x51, 0x00, 0xFF, 0xA7, 0x00, 0x41, 0x0C, 0x00, 0x00, 0x0C, 0x00, 0x40,
    0x03, 0x00, 0x00, 0x12, 0x00, 0x59, 0x35, 0x00, 0xFF, 0xE9, 0x00, 0x5B, 0x38, 0x00, 0x00, 0x70,
    0x00, 0x5A, 0x42, 0x00, 0x00, 0x5E, 0x00, 0x47, 0xF1, 0x00, 0xFF, 0x7D, 0x00, 0x48, 0x11, 0x00,
    0xFF, 0x79, 0x00, 0x49, 0x11, 0x00, 0xFF, 0xBD, 0x00, 0x4A, 0x11, 0x00, 0xFF, 0x88, 0x00, 0x4B,
    0x1C, 0x00, 0xFF, 0xA2, 0x00, 0x4C, 0x32, 0x00, 0xFF, 0xA2, 0x00, 0x4D, 0x51, 0x00, 0xFF, 0xA7,
    0x00, 0x41, 0x0C, 0x00, 0x00, 0x0C, 0x00, 0x40, 0x03, 0x00, 0x00, 0x12, 0x00, 0x42, 0x33, 0x00,
    0x00, 0x49, 0x00, 0x43, 0x3E, 0x00, 0x00, 0x49, 0x00, 0x45, 0x47, 0x00, 0xFF, 0xF4, 0x00, 0x46,
    0x54, 0x00, 0x00, 0x84, 0x00, 0x44, 0x56, 0x00, 0xFF, 0xEA, 0xFF, 0x00, 0x00, 0x59, 0x35, 0x00,
    0xFF, 0xE9, 0x00, 0x5B, 0x38, 0x00, 0x00, 0x70, 0x00, 0x5A, 0x42, 0x00, 0x00, 0x5E, 0x00, 0x47,
    0xF1, 0x00, 0xFF, 0x7D, 0x00, 0x48, 0x11, 0x00, 0xFF, 0x79, 0x00, 0x49, 0x11, 0x00, 0xFF, 0xBD,
    0x00, 0x4A, 0x11, 0x00, 0xFF, 0x88, 0x00, 0x4B, 0x1C, 0x00, 0xFF, 0xA2, 0x00, 0x4C, 0x32, 0x00,
    0xFF, 0xA2, 0x00, 0x4D, 0x51, 0x00, 0xFF, 0xA7, 0x00, 0x41, 0x0C, 0x00, 0x00, 0x0C, 0x00, 0x40,
    0x03, 0x00, 0x00, 0x12, 0x00, 0x42, 0x33, 0x00, 0x00, 0x49, 0x00, 0x43, 0x3E, 0x00, 0x00, 0x49,
    0x00, 0x45, 0x47, 0x00, 0xFF, 0xF4, 0x00, 0x46, 0x54, 0x00, 0x00, 0x84, 0x00, 0x44, 0x56, 0x00,
    0xFF, 0xEA, 0xFF, 0x00, 0xB4, 0x00, 0x00, 0x00, 0x0E, 0xC4, 0x04, 0x03, 0xBA, 0x00, 0xFF, 0xEC,
    0x04, 0x08, 0xBA, 0x00, 0x00, 0x0A, 0x04, 0x09, 0xCD, 0x00, 0x00, 0x29, 0x04, 0x0A, 0xCE, 0x00,
    0x00, 0x40, 0x04, 0x06, 0xC7, 0x00, 0xFF, 0xDE, 0x04, 0x07, 0xD4, 0x00, 0xFF, 0xEC, 0x04, 0x05,
    0xD3, 0x00, 0xFF, 0xC7, 0x04, 0x04, 0xDB, 0x00, 0xFF, 0xAC, 0x04, 0x01, 0xA0, 0x00, 0xFF, 0xC8,
    0x04, 0x00, 0xA3, 0x00, 0xFF, 0xF6, 0x04, 0x02, 0xAF, 0x00, 0x00, 0x17, 0x00, 0x59, 0x35, 0x00,
    0xFF, 0xE9, 0x00, 0x5B, 0x38, 0x00, 0x00, 0x70, 0x00, 0x5A, 0x42, 0x00, 0x00, 0x5E, 0x00, 0x47,
    0xF1, 0x00, 0xFF, 0x7D, 0x00, 0x48, 0x11, 0x00, 0xFF, 0x79, 0x00, 0x49, 0x11, 0x00, 0xFF, 0xBD,
    0x00, 0x4A, 0x11, 0x00, 0xFF, 0x88, 0x00, 0x4B, 0x1C, 0x00, 0xFF, 0xA2, 0x00, 0x4C, 0x32, 0x00,
    0xFF, 0xA2, 0x00, 0x4D, 0x51, 0x00, 0xFF, 0xA7, 0x00, 0x41, 0x0C, 0x00, 0x00, 0x0C, 0x00, 0x40,
    0x03, 0x00, 0x00, 0x12, 0x00, 0x59, 0x35, 0x00, 0xFF, 0xE9, 0x00, 0x5B, 0x38, 0x00, 0x00, 0x70,
    0x00, 0x5A, 0x42, 0x00, 0x00, 0x5E, 0x00, 0x47, 0xF1, 0x00, 0xFF, 0x7D, 0x00, 0x48, 0x11, 0x00,
    0xFF, 0x79, 0x00, 0x49, 0x11, 0x00, 0xFF, 0xBD, 0x00, 0x4A, 0x11, 0x00, 0xFF, 0x88, 0x00, 0x4B,
    0x1C, 0x00, 0xFF, 0xA2, 0x00, 0x4C, 0x32, 0x00, 0xFF, 0xA2, 0x00, 0x4D, 0x51, 0x00, 0xFF, 0xA7,
    0x00, 0x41, 0x0C, 0x00, 0x00, 0x0C, 0x00, 0x40, 0x03, 0x00, 0x00, 0x12, 0x00, 0x42, 0x33, 0x00,
    0x00, 0x49, 0x00, 0x43, 0x3E, 0x00, 0x00, 0x49, 0x00, 0x45, 0x47, 0x00, 0xFF, 0xF4, 0x00, 0x46,
    0x54, 0x00, 0x00, 0x84, 0x00, 0x44, 0x56, 0x00, 0xFF, 0xEA, 0xFF, 0x00, 0x00, 0x59, 0x35, 0x00,
    0xFF, 0xE9, 0x00, 0x5B, 0x38, 0x00, 0x00, 0x70, 0x00, 0x5A, 0x42, 0x00, 0x00, 0x5E, 0x00, 0x47,
    0xF1, 0x00, 0xFF, 0x7D, 0x00, 0x48, 0x11, 0x00, 0xFF, 0x79, 0x00, 0x49, 0x11, 0x00, 0xFF, 0xBD,
    0x00, 0x4A, 0x11, 0x00, 0xFF, 0x88, 0x00, 0x4B, 0x1C, 0x00, 0xFF, 0xA2, 0x00, 0x4C, 0x32, 0x00,
    0xFF, 0xA2, 0x00, 0x4D, 0x51, 0x00, 0xFF, 0xA7, 0x00, 0x41, 0x0C, 0x00, 0x00, 0x0C, 0x00, 0x40,
    0x03, 0x00, 0x00, 0x12, 0x00, 0x42, 0x33, 0x00, 0x00, 0x49, 0x00, 0x43, 0x3E, 0x00, 0x00, 0x49,
    0x00, 0x45, 0x47, 0x00, 0xFF, 0xF4, 0x00, 0x46, 0x54, 0x00, 0x00, 0x84, 0x00, 0x44, 0x56, 0x00,
    0xFF, 0xEA, 0xFF, 0x00, 0xB4, 0x00, 0x00, 0x00, 0x0E, 0xC4, 0x00, 0x59, 0x35, 0x00, 0xFF, 0xE9,
    0x00, 0x5B, 0x38, 0x00, 0x00, 0x70, 0x00, 0x5A, 0x42, 0x00, 0x00, 0x5E, 0x00, 0x47, 0xF1, 0x00,
    0xFF, 0x7D, 0x00, 0x48, 0x11, 0x00, 0xFF, 0x79, 0x00, 0x49, 0x11, 0x00, 0xFF, 0xBD, 0x00, 0x4A,
    0x11, 0x00, 0xFF, 0x88, 0x00, 0x4B, 0x1C, 0x00, 0xFF, 0xA2, 0x00, 0x4C, 0x32, 0x00, 0xFF, 0xA2,
    0x00, 0x4D, 0x51, 0x00, 0xFF, 0xA7, 0x00, 0x41, 0x0C, 0x00, 0x00, 0x0C, 0x00, 0x40, 0x03, 0x00,
    0x00, 0x12, 0x00, 0x42, 0x33, 0x00, 0x00, 0x49, 0x00, 0x43, 0x3E, 0x00, 0x00, 0x49, 0x00, 0x45,
    0x47, 0x00, 0xFF, 0xF4, 0x00, 0x46, 0x54, 0x00, 0x00, 0x84, 0x00, 0x44, 0x56, 0x00, 0xFF, 0xEA,
    0xFF, 0x00, 0x00, 0x59, 0x35, 0x00, 0xFF, 0xE9, 0x00, 0x5B, 0x38, 0x00, 0x00, 0x70, 0x00, 0x5A,
    0x42, 0x00, 0x00, 0x5E, 0x00, 0x47, 0xF1, 0x00, 0xFF, 0x7D, 0x00, 0x48, 0x11, 0x00, 0xFF, 0x79,
    0x00, 0x49, 0x11, 0x00, 0xFF, 0xBD, 0x00, 0x4A, 0x11, 0x00, 0xFF, 0x88, 0x00, 0x4B, 0x1C, 0x00,
    0xFF, 0xA2, 0x00, 0x4C, 0x32, 0x00, 0xFF, 0xA2, 0x00, 0x4D, 0x51, 0x00, 0xFF, 0xA7, 0x00, 0x41,
    0x0C, 0x00, 0x00, 0x0C, 0x00, 0x40, 0x03, 0x00, 0x00, 0x12, 0x00, 0x42, 0x33, 0x00, 0x00, 0x49,
    0x00, 0x43, 0x3E, 0x00, 0x00, 0x49, 0x00, 0x45, 0x47, 0x00, 0xFF, 0xF4, 0x00, 0x46, 0x54, 0x00,
    0x00, 0x84, 0x00, 0x44, 0x56, 0x00, 0xFF, 0xEA, 0xFF, 0x00, 0x04, 0x03, 0xBA, 0x00, 0xFF, 0xEC,
    0x04, 0x08, 0xBA, 0x00, 0x00, 0x0A, 0x04, 0x09, 0xCD, 0x00, 0x00, 0x29, 0x04, 0x0A, 0xCE, 0x00,
    0x00, 0x40, 0x04, 0x06, 0xC7, 0x00, 0xFF, 0xDE, 0x04, 0x07, 0xD4, 0x00, 0xFF, 0xEC, 0x04, 0x05,
    0xD3, 0x00, 0xFF, 0xC7, 0x04, 0x04, 0xDB, 0x00, 0xFF, 0xAC, 0x04, 0x01, 0xA0, 0x00, 0xFF, 0xC8,
    0x04, 0x00, 0xA3, 0x00, 0xFF, 0xF6, 0x04, 0x02, 0xAF, 0x00, 0x00, 0x17, 0x00, 0x59, 0x35, 0x00,
    0xFF, 0xE9, 0x00, 0x5B, 0x38, 0x00, 0x00, 0x70, 0x00, 0x5A, 0x42, 0x00, 0x00, 0x5E, 0x00, 0x47,
    0xF1, 0x00, 0xFF, 0x7D, 0x00, 0x48, 0x11, 0x00, 0xFF, 0x79, 0x00, 0x49, 0x11, 0x00, 0xFF, 0xBD,
    0x00, 0x4A, 0x11, 0x00, 0xFF, 0x88, 0x00, 0x4B, 0x1C, 0x00, 0xFF, 0xA2, 0x00, 0x4C, 0x32, 0x00,
    0xFF, 0xA2, 0x00, 0x4D, 0x51, 0x00, 0xFF, 0xA7, 0x00, 0x41, 0x0C, 0x00, 0x00, 0x0C, 0x00, 0x40,
    0x03, 0x00, 0x00, 0x12, 0x00, 0x59, 0x35, 0x00, 0xFF, 0xE9, 0x00, 0x5B, 0x38, 0x00, 0x00, 0x70,
    0x00, 0x5A, 0x42, 0x00, 0x00, 0x5E, 0x00, 0x47, 0xF1, 0x00, 0xFF, 0x7D, 0x00, 0x48, 0x11, 0x00,
    0xFF, 0x79, 0x00, 0x49, 0x11, 0x00, 0xFF, 0xBD, 0x00, 0x4A, 0x11, 0x00, 0xFF, 0x88, 0x00, 0x4B,
    0x1C, 0x00, 0xFF, 0xA2, 0x00, 0x4C, 0x32, 0x00, 0xFF, 0xA2, 0x00, 0x4D, 0x51, 0x00, 0xFF, 0xA7,
    0x00, 0x41, 0x0C, 0x00, 0x00, 0x0C, 0x00, 0x40, 0x03, 0x00, 0x00, 0x12, 0x00, 0x42, 0x33, 0x00,
    0x00, 0x49, 0x00, 0x43, 0x3E, 0x00, 0x00, 0x49, 0x00, 0x45, 0x47, 0x00, 0xFF, 0xF4, 0x00, 0x46,
    0x54, 0x00, 0x00, 0x84, 0x00, 0x44, 0x56, 0x00, 0xFF, 0xEA, 0xFF, 0x00, 0x00, 0x59, 0x35, 0x00,
    0xFF, 0xE9, 0x00, 0x5B, 0x38, 0x00, 0x00, 0x70, 0x00, 0x5A, 0x42, 0x00, 0x00, 0x5E, 0x00, 0x47,
    0xF1, 0x00, 0xFF, 0x7D, 0x00, 0x48, 0x11, 0x00, 0xFF, 0x79, 0x00, 0x49, 0x11, 0x00, 0xFF, 0xBD,
    0x00, 0x4A, 0x11, 0x00, 0xFF, 0x88, 0x00, 0x4B, 0x1C, 0x00, 0xFF, 0xA2, 0x00, 0x4C, 0x32, 0x00,
    0xFF, 0xA2, 0x00, 0x4D, 0x51, 0x00, 0xFF, 0xA7, 0x00, 0x41, 0x0C, 0x00, 0x00, 0x0C, 0x00, 0x40,
    0x03, 0x00, 0x00, 0x12, 0x00, 0x42, 0x33, 0x00, 0x00, 0x49, 0x00, 0x43, 0x3E, 0x00, 0x00, 0x49,
    0x00, 0x45, 0x47, 0x00, 0xFF, 0xF4, 0x00, 0x46, 0x54, 0x00, 0x00, 0x84, 0x00, 0x44, 0x56, 0x00,
    0xFF, 0xEA, 0xFF, 0x00, 0xB4, 0x00, 0x00, 0x00, 0x0E, 0xC4, 0x88, 0x0A, 0x00, 0x59, 0x35, 0x00,
    0xFF, 0xE9, 0x00, 0x5B, 0x38, 0x00, 0x00, 0x70, 0x00, 0x5A, 0x42, 0x00, 0x00, 0x5E, 0x00, 0x47,
    0xF1, 0x00, 0xFF, 0x7D, 0x00, 0x48, 0x11, 0x00, 0xFF, 0x79, 0x00, 0x49, 0x11, 0x00, 0xFF, 0xBD,
    0x00, 0x4A, 0x11, 0x00, 0xFF, 0x88, 0x00, 0x4B, 0x1C, 0x00, 0xFF, 0xA2, 0x00, 0x4C, 0x32, 0x00,
    0xFF, 0xA2, 0x00, 0x4D, 0x51, 0x00, 0xFF, 0xA7, 0x00, 0x41, 0x0C, 0x00, 0x00, 0x0C, 0x00, 0x40,
    0x03, 0x00, 0x00, 0x12, 0x00, 0x42, 0x33, 0x00, 0x00, 0x49, 0x00, 0x43, 0x3E, 0x00, 0x00, 0x49,
    0x00, 0x45, 0x47, 0x00, 0xFF, 0xF4, 0x00, 0x46, 0x54, 0x00, 0x00, 0x84, 0x00, 0x44, 0x56, 0x00,
    0xFF, 0xEA, 0xFF, 0xFF, 0x88, 0x04, 0x04, 0x0B, 0xFB, 0x00, 0xFF, 0x96, 0x04, 0x0C, 0xF0, 0x00,
    0xFF, 0xA8, 0x04, 0x0D, 0x13, 0x00, 0xFF, 0xC1, 0x04, 0x0E, 0x24, 0x00, 0xFF, 0xC1, 0x04, 0x0F,
    0x11, 0x00, 0xFF, 0xDD, 0x04, 0x10, 0xF9, 0x00, 0x00, 0x2D, 0x04, 0x11, 0x05, 0x00, 0x00, 0x33,
    0x04, 0x12, 0x10, 0x00, 0x00, 0x37, 0x04, 0x13, 0x10, 0x00, 0x00, 0x22, 0x04, 0x14, 0x20, 0x00,
    0x00, 0x11, 0x04, 0x15, 0x40, 0x00, 0xFF, 0xC2, 0x04, 0x16, 0x57, 0x00, 0xFF, 0xB4, 0xFF, 0x00,
    0x04, 0x03, 0xBA, 0x00, 0xFF, 0xEC, 0x04, 0x08, 0xBA, 0x00, 0x00, 0x0A, 0x04, 0x09, 0xCD, 0x00,
    0x00, 0x29, 0x04, 0x0A, 0xCE, 0x00, 0x00, 0x40, 0x04, 0x06, 0xC7, 0x00, 0xFF, 0xDE, 0x04, 0x07,
    0xD4, 0x00, 0xFF, 0xEC, 0x04, 0x05, 0xD3, 0x00, 0xFF, 0xC7, 0x04, 0x04, 0xDB, 0x00, 0xFF, 0xAC,
    0x04, 0x01, 0xA0, 0x00, 0xFF, 0xC8, 0x04, 0x00, 0xA3, 0x00, 0xFF, 0xF6, 0x04, 0x02, 0xAF, 0x00,
    0x00, 0x17, 0x04, 0x0B, 0xFB, 0x00, 0xFF, 0x96, 0x04, 0x0C, 0xF0, 0x00, 0xFF, 0xA8, 0x04, 0x0D,
    0x13, 0x00, 0xFF, 0xC1, 0x04, 0x0E, 0x24, 0x00, 0xFF, 0xC1, 0x04, 0x0F, 0x11, 0x00, 0xFF, 0xDD,
    0x04, 0x10, 0xF9, 0x00, 0x00, 0x2D, 0x04, 0x11, 0x05, 0x00, 0x00, 0x33, 0x04, 0x12, 0x10, 0x00,
    0x00, 0x37, 0x04, 0x13, 0x10, 0x00, 0x00, 0x22, 0x04, 0x14, 0x20, 0x00, 0x00, 0x11, 0x04, 0x15,
    0x40, 0x00, 0xFF, 0xC2, 0x04, 0x16, 0x57, 0x00, 0xFF, 0xB4, 0xFF, 0x00, 0x04, 0x0B, 0xFB, 0x00,
    0xFF, 0x96, 0x04, 0x0C, 0xF0, 0x00, 0xFF, 0xA8, 0x04, 0x0D, 0x13, 0x00, 0xFF, 0xC1, 0x04, 0x0E,
    0x24, 0x00, 0xFF, 0xC1, 0x04, 0x0F, 0x11, 0x00, 0xFF, 0xDD, 0x04, 0x10, 0xF9, 0x00, 0x00, 0x2D,
    0x04, 0x11, 0x05, 0x00, 0x00, 0x33, 0x04, 0x12, 0x10, 0x00, 0x00, 0x37, 0x04, 0x13, 0x10, 0x00,
    0x00, 0x22, 0x04, 0x14, 0x20, 0x00, 0x00, 0x11, 0x04, 0x15, 0x40, 0x00, 0xFF, 0xC2, 0x04, 0x16,
    0x57, 0x00, 0xFF, 0xB4, 0xFF, 0x00, 0xB4, 0x00, 0x00, 0x00, 0x0E, 0xC4, 0x04, 0x03, 0xBA, 0x00,
    0xFF, 0xEC, 0x04, 0x08, 0xBA, 0x00, 0x00, 0x0A, 0x04, 0x09, 0xCD, 0x00, 0x00, 0x29, 0x04, 0x0A,
    0xCE, 0x00, 0x00, 0x40, 0x04, 0x06, 0xC7, 0x00, 0xFF, 0xDE, 0x04, 0x07, 0xD4, 0x00, 0xFF, 0xEC,
    0x04, 0x05, 0xD3, 0x00, 0xFF, 0xC7, 0x04, 0x04, 0xDB, 0x00, 0xFF, 0xAC, 0x04, 0x01, 0xA0, 0x00,
    0xFF, 0xC8, 0x04, 0x00, 0xA3, 0x00, 0xFF, 0xF6, 0x04, 0x02, 0xAF, 0x00, 0x00, 0x17, 0x04, 0x0B,
    0xFB, 0x00, 0xFF, 0x96, 0x04, 0x0C, 0xF0, 0x00, 0xFF, 0xA8, 0x04, 0x0D, 0x13, 0x00, 0xFF, 0xC1,
    0x04, 0x0E, 0x24, 0x00, 0xFF, 0xC1, 0x04, 0x0F, 0x11, 0x00, 0xFF, 0xDD, 0x04, 0x10, 0xF9, 0x00,
    0x00, 0x2D, 0x04, 0x11, 0x05, 0x00, 0x00, 0x33, 0x04, 0x12, 0x10, 0x00, 0x00, 0x37, 0x04, 0x13,
    0x10, 0x00, 0x00, 0x22, 0x04, 0x14, 0x20, 0x00, 0x00, 0x11, 0x04, 0x15, 0x40, 0x00, 0xFF, 0xC2,
    0x04, 0x16, 0x57, 0x00, 0xFF, 0xB4, 0xFF, 0x00, 0x04, 0x0B, 0xFB, 0x00, 0xFF, 0x96, 0x04, 0x0C,
    0xF0, 0x00, 0xFF, 0xA8, 0x04, 0x0D, 0x13, 0x00, 0xFF, 0xC1, 0x04, 0x0E, 0x24, 0x00, 0xFF, 0xC1,
    0x04, 0x0F, 0x11, 0x00, 0xFF, 0xDD, 0x04, 0x10, 0xF9, 0x00, 0x00, 0x2D, 0x04, 0x11, 0x05, 0x00,
    0x00, 0x33, 0x04, 0x12, 0x10, 0x00, 0x00, 0x37, 0x04, 0x13, 0x10, 0x00, 0x00, 0x22, 0x04, 0x14,
    0x20, 0x00, 0x00, 0x11, 0x04, 0x15, 0x40, 0x00, 0xFF, 0xC2, 0x04, 0x16, 0x57, 0x00, 0xFF, 0xB4,
    0xFF, 0x00, 0xB4, 0x00, 0x00, 0x00, 0x0E, 0xC4, 0x04, 0x0B, 0xFB, 0x00, 0xFF, 0x96, 0x04, 0x0C,
    0xF0, 0x00, 0xFF, 0xA8, 0x04, 0x0D, 0x13, 0x00, 0xFF, 0xC1, 0x04, 0x0E, 0x24, 0x00, 0xFF, 0xC1,
    0x04, 0x0F, 0x11, 0x00, 0xFF, 0xDD, 0x04, 0x10, 0xF9, 0x00, 0x00, 0x2D, 0x04, 0x11, 0x05, 0x00,
    0x00, 0x33, 0x04, 0x12, 0x10, 0x00, 0x00, 0x37, 0x04, 0x13, 0x10, 0x00, 0x00, 0x22, 0x04, 0x14,
    0x20, 0x00, 0x00, 0x11, 0x04, 0x15, 0x40, 0x00, 0xFF, 0xC2, 0x04, 0x16, 0x57, 0x00, 0xFF, 0xB4,
    0xFF, 0x00, 0x04, 0x0B, 0xFB, 0x00, 0xFF, 0x96, 0x04, 0x0C, 0xF0, 0x00, 0xFF, 0xA8, 0x04, 0x0D,
    0x13, 0x00, 0xFF, 0xC1, 0x04, 0x0E, 0x24, 0x00, 0xFF, 0xC1, 0x04, 0x0F, 0x11, 0x00, 0xFF, 0xDD,
    0x04, 0x10, 0xF9, 0x00, 0x00, 0x2D, 0x04, 0x11, 0x05, 0x00, 0x00, 0x33, 0x04, 0x12, 0x10, 0x00,
    0x00, 0x37, 0x04, 0x13, 0x10, 0x00, 0x00, 0x22, 0x04, 0x14, 0x20, 0x00, 0x00, 0x11, 0x04, 0x15,
    0x40, 0x00, 0xFF, 0xC2, 0x04, 0x16, 0x57, 0x00, 0xFF, 0xB4, 0xFF, 0x00, 0x04, 0x0B, 0xFB, 0x00,
    0xFF, 0x96, 0x04, 0x0C, 0xF0, 0x00, 0xFF, 0xA8, 0x04, 0x0D, 0x13, 0x00, 0xFF, 0xC1, 0x04, 0x0E,
    0x24, 0x00, 0xFF, 0xC1, 0x04, 0x0F, 0x11, 0x00, 0xFF, 0xDD, 0x04, 0x10, 0xF9, 0x00, 0x00, 0x2D,
    0x04, 0x11, 0x05, 0x00, 0x00, 0x33, 0x04, 0x12, 0x10, 0x00, 0x00, 0x37, 0x04, 0x13, 0x10, 0x00,
    0x00, 0x22, 0x04, 0x14, 0x20, 0x00, 0x00, 0x11, 0x04, 0x15, 0x40, 0x00, 0xFF, 0xC2, 0x04, 0x16,
    0x57, 0x00, 0xFF, 0xB4, 0xFF, 0x00, 0x04, 0x03, 0xBA, 0x00, 0xFF, 0xEC, 0x04, 0x08, 0xBA, 0x00,
    0x00, 0x0A, 0x04, 0x09, 0xCD, 0x00, 0x00, 0x29, 0x04, 0x0A, 0xCE, 0x00, 0x00, 0x40, 0x04, 0x06,
    0xC7, 0x00, 0xFF, 0xDE, 0x04, 0x07, 0xD4, 0x00, 0xFF, 0xEC, 0x04, 0x05, 0xD3, 0x00, 0xFF, 0xC7,
    0x04, 0x04, 0xDB, 0x00, 0xFF, 0xAC, 0x04, 0x01, 0xA0, 0x00, 0xFF, 0xC8, 0x04, 0x00, 0xA3, 0x00,
    0xFF, 0xF6, 0x04, 0x02, 0xAF, 0x00, 0x00, 0x17, 0x04, 0x0B, 0xFB, 0x00, 0xFF, 0x96, 0x04, 0x0C,
    0xF0, 0x00, 0xFF, 0xA8, 0x04, 0x0D, 0x13, 0x00, 0xFF, 0xC1, 0x04, 0x0E, 0x24, 0x00, 0xFF, 0xC1,
    0x04, 0x0F, 0x11, 0x00, 0xFF, 0xDD, 0x04, 0x10, 0xF9, 0x00, 0x00, 0x2D, 0x04, 0x11, 0x05, 0x00,
    0x00, 0x33, 0x04, 0x12, 0x10, 0x00, 0x00, 0x37, 0x04, 0x13, 0x10, 0x00, 0x00, 0x22, 0x04, 0x14,
    0x20, 0x00, 0x00, 0x11, 0x04, 0x15, 0x40, 0x00, 0xFF, 0xC2, 0x04, 0x16, 0x57, 0x00, 0xFF, 0xB4,
    0xFF, 0x00, 0x04, 0x0B, 0xFB, 0x00, 0xFF, 0x96, 0x04, 0x0C, 0xF0, 0x00, 0xFF, 0xA8, 0x04, 0x0D,
    0x13, 0x00, 0xFF, 0xC1, 0x04, 0x0E, 0x24, 0x00, 0xFF, 0xC1, 0x04, 0x0F, 0x11, 0x00, 0xFF, 0xDD,
    0x04, 0x10, 0xF9, 0x00, 0x00, 0x2D, 0x04, 0x11, 0x05, 0x00, 0x00, 0x33, 0x04, 0x12, 0x10, 0x00,
    0x00, 0x37, 0x04, 0x13, 0x10, 0x00, 0x00, 0x22, 0x04, 0x14, 0x20, 0x00, 0x00, 0x11, 0x04, 0x15,
    0x40, 0x00, 0xFF, 0xC2, 0x04, 0x16, 0x57, 0x00, 0xFF, 0xB4, 0xFF, 0x00, 0xB4, 0x00, 0x00, 0x00,
    0x0E, 0xC4, 0x04, 0x0B, 0xFB, 0x00, 0xFF, 0x96, 0x04, 0x0C, 0xF0, 0x00, 0xFF, 0xA8, 0x04, 0x0D,
    0x13, 0x00, 0xFF, 0xC1, 0x04, 0x0E, 0x24, 0x00, 0xFF, 0xC1, 0x04, 0x0F, 0x11, 0x00, 0xFF, 0xDD,
    0x04, 0x10, 0xF9, 0x00, 0x00, 0x2D, 0x04, 0x11, 0x05, 0x00, 0x00, 0x33, 0x04, 0x12, 0x10, 0x00,
    0x00, 0x37, 0x04, 0x13, 0x10, 0x00, 0x00, 0x22, 0x04, 0x14, 0x20, 0x00, 0x00, 0x11, 0x04, 0x15,
    0x40, 0x00, 0xFF, 0xC2, 0x04, 0x16, 0x57, 0x00, 0xFF, 0xB4, 0xFF, 0x00, 0x04, 0x0B, 0xFB, 0x00,
    0xFF, 0x96, 0x04, 0x0C, 0xF0, 0x00, 0xFF, 0xA8, 0x04, 0x0D, 0x13, 0x00, 0xFF, 0xC1, 0x04, 0x0E,
    0x24, 0x00, 0xFF, 0xC1, 0x04, 0x0F, 0x11, 0x00, 0xFF, 0xDD, 0x04, 0x10, 0xF9, 0x00, 0x00, 0x2D,
    0x04, 0x11, 0x05, 0x00, 0x00, 0x33, 0x04, 0x12, 0x10, 0x00, 0x00, 0x37, 0x04, 0x13, 0x10, 0x00,
    0x00, 0x22, 0x04, 0x14, 0x20, 0x00, 0x00, 0x11, 0x04, 0x15, 0x40, 0x00, 0xFF, 0xC2, 0x04, 0x16,
    0x57, 0x00, 0xFF, 0xB4, 0xFF, 0x00, 0x04, 0x03, 0xBA, 0x00, 0xFF, 0xEC, 0x04, 0x08, 0xBA, 0x00,
    0x00, 0x0A, 0x04, 0x09, 0xCD, 0x00, 0x00, 0x29, 0x04, 0x0A, 0xCE, 0x00, 0x00, 0x40, 0x04, 0x06,
    0xC7, 0x00, 0xFF, 0xDE, 0x04, 0x07, 0xD4, 0x00, 0xFF, 0xEC, 0x04, 0x05, 0xD3, 0x00, 0xFF, 0xC7,
    0x04, 0x04, 0xDB, 0x00, 0xFF, 0xAC, 0x04, 0x01, 0xA0, 0x00, 0xFF, 0xC8, 0x04, 0x00, 0xA3, 0x00,
    0xFF, 0xF6, 0x04, 0x02, 0xAF, 0x00, 0x00, 0x17, 0x04, 0x0B, 0xFB, 0x00, 0xFF, 0x96, 0x04, 0x0C,
    0xF0, 0x00, 0xFF, 0xA8, 0x04, 0x0D, 0x13, 0x00, 0xFF, 0xC1, 0x04, 0x0E, 0x24, 0x00, 0xFF, 0xC1,
    0x04, 0x0F, 0x11, 0x00, 0xFF, 0xDD, 0x04, 0x10, 0xF9, 0x00, 0x00, 0x2D, 0x04, 0x11, 0x05, 0x00,
    0x00, 0x33, 0x04, 0x12, 0x10, 0x00, 0x00, 0x37, 0x04, 0x13, 0x10, 0x00, 0x00, 0x22, 0x04, 0x14,
    0x20, 0x00, 0x00, 0x11, 0x04, 0x15, 0x40, 0x00, 0xFF, 0xC2, 0x04, 0x16, 0x57, 0x00, 0xFF, 0xB4,
    0xFF, 0x00, 0xB4, 0x00, 0x00, 0x00, 0x0E, 0xC4, 0x88, 0x0F, 0x04, 0x0B, 0xFB, 0x00, 0xFF, 0x96,
    0x04, 0x0C, 0xF0, 0x00, 0xFF, 0xA8, 0x04, 0x0D, 0x13, 0x00, 0xFF, 0xC1, 0x04, 0x0E, 0x24, 0x00,
    0xFF, 0xC1, 0x04, 0x0F, 0x11, 0x00, 0xFF, 0xDD, 0x04, 0x10, 0xF9, 0x00, 0x00, 0x2D, 0x04, 0x11,
    0x05, 0x00, 0x00, 0x33, 0x04, 0x12, 0x10, 0x00, 0x00, 0x37, 0x04, 0x13, 0x10, 0x00, 0x00, 0x22,
    0x04, 0x14, 0x20, 0x00, 0x00, 0x11, 0x04, 0x15, 0x40, 0x00, 0xFF, 0xC2, 0x04, 0x16, 0x57, 0x00,
    0xFF, 0xB4, 0xFF, 0xFF, 0x88, 0x04, 0x04, 0x19, 0xFA, 0x00, 0x00, 0x04, 0x04, 0x1A, 0x08, 0x00,
    0x00, 0x15, 0x04, 0x1B, 0x0E, 0x00, 0xFF, 0xB9, 0x04, 0x1C, 0x3E, 0x00, 0xFF, 0xCB, 0x04, 0x1D,
    0x53, 0x00, 0xFF, 0xB6, 0x04, 0x18, 0xF9, 0x00, 0xFF, 0xDC, 0x04, 0x17, 0x07, 0x00, 0xFF, 0xCC,
    0xFF, 0x00, 0x04, 0x03, 0xBA, 0x00, 0xFF, 0xEC, 0x04, 0x08, 0xBA, 0x00, 0x00, 0x0A, 0x04, 0x09,
    0xCD, 0x00, 0x00, 0x29, 0x04, 0x0A, 0xCE, 0x00, 0x00, 0x40, 0x04, 0x06, 0xC7, 0x00, 0xFF, 0xDE,
    0x04, 0x07, 0xD4, 0x00, 0xFF, 0xEC, 0x04, 0x05, 0xD3, 0x00, 0xFF, 0xC7, 0x04, 0x04, 0xDB, 0x00,
    0xFF, 0xAC, 0x04, 0x01, 0xA0, 0x00, 0xFF, 0xC8, 0x04, 0x00, 0xA3, 0x00, 0xFF, 0xF6, 0x04, 0x02,
    0xAF, 0x00, 0x00, 0x17, 0x04, 0x19, 0xFA, 0x00, 0x00, 0x04, 0x04, 0x1A, 0x08, 0x00, 0x00, 0x15,
    0x04, 0x1B, 0x0E, 0x00, 0xFF, 0xB9, 0x04, 0x1C, 0x3E, 0x00, 0xFF, 0xCB, 0x04, 0x1D, 0x53, 0x00,
    0xFF, 0xB6, 0x04, 0x18, 0xF9, 0x00, 0xFF, 0xDC, 0x04, 0x17, 0x07, 0x00, 0xFF, 0xCC, 0xFF, 0x00,
    0xB4, 0x00, 0x00, 0x00, 0x0E, 0xC4, 0x04, 0x19, 0xFA, 0x00, 0x00, 0x04, 0x04, 0x1A, 0x08, 0x00,
    0x00, 0x15, 0x04, 0x1B, 0x0E, 0x00, 0xFF, 0xB9, 0x04, 0x1C, 0x3E, 0x00, 0xFF, 0xCB, 0x04, 0x1D,
    0x53, 0x00, 0xFF, 0xB6, 0x04, 0x18, 0xF9, 0x00, 0xFF, 0xDC, 0x04, 0x17, 0x07, 0x00, 0xFF, 0xCC,
    0xFF, 0x00, 0x04, 0x03, 0xBA, 0x00, 0xFF, 0xEC, 0x04, 0x08, 0xBA, 0x00, 0x00, 0x0A, 0x04, 0x09,
    0xCD, 0x00, 0x00, 0x29, 0x04, 0x0A, 0xCE, 0x00, 0x00, 0x40, 0x04, 0x06, 0xC7, 0x00, 0xFF, 0xDE,
    0x04, 0x07, 0xD4, 0x00, 0xFF, 0xEC, 0x04, 0x05, 0xD3, 0x00, 0xFF, 0xC7, 0x04, 0x04, 0xDB, 0x00,
    0xFF, 0xAC, 0x04, 0x01, 0xA0, 0x00, 0xFF, 0xC8, 0x04, 0x00, 0xA3, 0x00, 0xFF, 0xF6, 0x04, 0x02,
    0xAF, 0x00, 0x00, 0x17, 0x04, 0x19, 0xFA, 0x00, 0x00, 0x04, 0x04, 0x1A, 0x08, 0x00, 0x00, 0x15,
    0x04, 0x1B, 0x0E, 0x00, 0xFF, 0xB9, 0x04, 0x1C, 0x3E, 0x00, 0xFF, 0xCB, 0x04, 0x1D, 0x53, 0x00,
    0xFF, 0xB6, 0x04, 0x18, 0xF9, 0x00, 0xFF, 0xDC, 0x04, 0x17, 0x07, 0x00, 0xFF, 0xCC, 0xFF, 0x00,
    0xB4, 0x00, 0x00, 0x00, 0x0E, 0xC4, 0x04, 0x19, 0xFA, 0x00, 0x00, 0x04, 0x04, 0x1A, 0x08, 0x00,
    0x00, 0x15, 0x04, 0x1B, 0x0E, 0x00, 0xFF, 0xB9, 0x04, 0x1C, 0x3E, 0x00, 0xFF, 0xCB, 0x04, 0x1D,
    0x53, 0x00, 0xFF, 0xB6, 0x04, 0x18, 0xF9, 0x00, 0xFF, 0xDC, 0x04, 0x17, 0x07, 0x00, 0xFF, 0xCC,
    0xFF, 0x00, 0x88, 0x08, 0x04, 0x19, 0xFA, 0x00, 0x00, 0x04, 0x04, 0x1A, 0x08, 0x00, 0x00, 0x15,
    0x04, 0x1B, 0x0E, 0x00, 0xFF, 0xB9, 0x04, 0x1C, 0x3E, 0x00, 0xFF, 0xCB, 0x04, 0x1D, 0x53, 0x00,
    0xFF, 0xB6, 0x04, 0x18, 0xF9, 0x00, 0xFF, 0xDC, 0x04, 0x17, 0x07, 0x00, 0xFF, 0xCC, 0xFF, 0x00,
    0x04, 0x03, 0xBA, 0x00, 0xFF, 0xEC, 0x04, 0x08, 0xBA, 0x00, 0x00, 0x0A, 0x04, 0x09, 0xCD, 0x00,
    0x00, 0x29, 0x04, 0x0A, 0xCE, 0x00, 0x00, 0x40, 0x04, 0x06, 0xC7, 0x00, 0xFF, 0xDE, 0x04, 0x07,
    0xD4, 0x00, 0xFF, 0xEC, 0x04, 0x05, 0xD3, 0x00, 0xFF, 0xC7, 0x04, 0x04, 0xDB, 0x00, 0xFF, 0xAC,
    0x04, 0x01, 0xA0, 0x00, 0xFF, 0xC8, 0x04, 0x00, 0xA3, 0x00, 0xFF, 0xF6, 0x04, 0x02, 0xAF, 0x00,
    0x00, 0x17, 0x04, 0x19, 0xFA, 0x00, 0x00, 0x04, 0x04, 0x1A, 0x08, 0x00, 0x00, 0x15, 0x04, 0x1B,
    0x0E, 0x00, 0xFF, 0xB9, 0x04, 0x1C, 0x3E, 0x00, 0xFF, 0xCB, 0x04, 0x1D, 0x53, 0x00, 0xFF, 0xB6,
    0x04, 0x18, 0xF9, 0x00, 0xFF, 0xDC, 0x04, 0x17, 0x07, 0x00, 0xFF, 0xCC, 0xFF, 0x00, 0xB4, 0x00,
    0x00, 0x00, 0x0E, 0xC4, 0x88, 0x0A, 0x04, 0x19, 0xFA, 0x00, 0x00, 0x04, 0x04, 0x1A, 0x08, 0x00,
    0x00, 0x15, 0x04, 0x1B, 0x0E, 0x00, 0xFF, 0xB9, 0x04, 0x1C, 0x3E, 0x00, 0xFF, 0xCB, 0x04, 0x1D,
    0x53, 0x00, 0xFF, 0xB6, 0x04, 0x18, 0xF9, 0x00, 0xFF, 0xDC, 0x04, 0x17, 0x07, 0x00, 0xFF, 0xCC,
    0xFF, 0x00, 0x04, 0x03, 0xBA, 0x00, 0xFF, 0xEC, 0x04, 0x08, 0xBA, 0x00, 0x00, 0x0A, 0x04, 0x09,
    0xCD, 0x00, 0x00, 0x29, 0x04, 0x0A, 0xCE, 0x00, 0x00, 0x40, 0x04, 0x06, 0xC7, 0x00, 0xFF, 0xDE,
    0x04, 0x07, 0xD4, 0x00, 0xFF, 0xEC, 0x04, 0x05, 0xD3, 0x00, 0xFF, 0xC7, 0x04, 0x04, 0xDB, 0x00,
    0xFF, 0xAC, 0x04, 0x01, 0xA0, 0x00, 0xFF, 0xC8, 0x04, 0x00, 0xA3, 0x00, 0xFF, 0xF6, 0x04, 0x02,
    0xAF, 0x00, 0x00, 0x17, 0x04, 0x19, 0xFA, 0x00, 0x00, 0x04, 0x04, 0x1A, 0x08, 0x00, 0x00, 0x15,
    0x04, 0x1B, 0x0E, 0x00, 0xFF, 0xB9, 0x04, 0x1C, 0x3E, 0x00, 0xFF, 0xCB, 0x04, 0x1D, 0x53, 0x00,
    0xFF, 0xB6, 0x04, 0x18, 0xF9, 0x00, 0xFF, 0xDC, 0x04, 0x17, 0x07, 0x00, 0xFF, 0xCC, 0xFF, 0x00,
    0x04, 0x03, 0xBA, 0x00, 0xFF, 0xEC, 0x04, 0x08, 0xBA, 0x00, 0x00, 0x0A, 0x04, 0x09, 0xCD, 0x00,
    0x00, 0x29, 0x04, 0x0A, 0xCE, 0x00, 0x00, 0x40, 0x04, 0x06, 0xC7, 0x00, 0xFF, 0xDE, 0x04, 0x07,
    0xD4, 0x00, 0xFF, 0xEC, 0x04, 0x05, 0xD3, 0x00, 0xFF, 0xC7, 0x04, 0x04, 0xDB, 0x00, 0xFF, 0xAC,
    0x04, 0x01, 0xA0, 0x00, 0xFF, 0xC8, 0x04, 0x00, 0xA3, 0x00, 0xFF, 0xF6, 0x04, 0x02, 0xAF, 0x00,
    0x00, 0x17, 0x04, 0x19, 0xFA, 0x00, 0x00, 0x04, 0x04, 0x1A, 0x08, 0x00, 0x00, 0x15, 0x04, 0x1B,
    0x0E, 0x00, 0xFF, 0xB9, 0x04, 0x1C, 0x3E, 0x00, 0xFF, 0xCB, 0x04, 0x1D, 0x53, 0x00, 0xFF, 0xB6,
    0x04, 0x18, 0xF9, 0x00, 0xFF, 0xDC, 0x04, 0x17, 0x07, 0x00, 0xFF, 0xCC, 0xB4, 0x00, 0x00, 0x00,
    0x0E, 0xC4, 0xFF, 0xFF, 0x08, 0x00, 0x9C, 0x00, 0x00, 0x44, 0x08, 0x01, 0xEF, 0x00, 0x00, 0x37,
    0xFF, 0x00, 0xB4, 0x00, 0x00, 0x00, 0x0E, 0xE6, 0x88, 0x02, 0x08, 0x00, 0x9C, 0x00, 0x00, 0x44,
    0x08, 0x01, 0xF0, 0x00, 0x00, 0x37, 0xFF, 0x00, 0x88, 0x02, 0x08, 0x00, 0x9C, 0x00, 0x00, 0x44,
    0x08, 0x02, 0xEF, 0x00, 0x00, 0x38, 0xFF, 0x00, 0x08, 0x00, 0x9C, 0x00, 0x00, 0x44, 0x08, 0x03,
    0xEF, 0x00, 0x00, 0x34, 0x08, 0x04, 0x02, 0x00, 0x00, 0x28, 0xFF, 0x00, 0x88, 0x04, 0x08, 0x00,
    0x9C, 0x00, 0x00, 0x44, 0x08, 0x06, 0xEF, 0x00, 0x00, 0x31, 0x08, 0x05, 0x00, 0x00, 0x00, 0x1E,
    0xFF, 0x00, 0x08, 0x00, 0x9C, 0x00, 0x00, 0x44, 0x08, 0x02, 0xEF, 0x00, 0x00, 0x38, 0xFF, 0x00,
    0x88, 0x14, 0x08, 0x00, 0x9C, 0x00, 0x00, 0x44, 0x08, 0x01, 0xEF, 0x00, 0x00, 0x37, 0xFF, 0xFF,
    0x0C, 0x10, 0x23, 0x20, 0x00, 0x82, 0x0C, 0x0F, 0x02, 0x20, 0x00, 0x6D, 0x0C, 0x0E, 0xEE, 0x20,
    0x00, 0x87, 0x0C, 0x0D, 0xD4, 0x20, 0x00, 0x91, 0x0C, 0x14, 0xE8, 0x20, 0x00, 0x70, 0x0C, 0x13,
    0xBF, 0x20, 0x00, 0x68, 0x0C, 0x1A, 0xB6, 0x20, 0x00, 0x73, 0xFF, 0x00, 0x0C, 0x10, 0x23, 0x20,
    0x00, 0x6C, 0x0C, 0x0F, 0x02, 0x20, 0x00, 0x57, 0x0C, 0x0E, 0xEE, 0x20, 0x00, 0x72, 0x0C, 0x0D,
    0xD4, 0x20, 0x00, 0x7A, 0x0C, 0x14, 0xE7, 0x20, 0x00, 0x5A, 0x0C, 0x13, 0xBE, 0x20, 0x00, 0x52,
    0xFF, 0x00, 0x0C, 0x10, 0x26, 0x20, 0x00, 0x58, 0x0C, 0x0F, 0x05, 0x20, 0x00, 0x43, 0x0C, 0x0E,
    0xF1, 0x20, 0x00, 0x5E, 0x0C, 0x0D, 0xD7, 0x20, 0x00, 0x66, 0x0C, 0x14, 0xEA, 0x20, 0x00, 0x46,
    0x0C, 0x13, 0xC1, 0x20, 0x00, 0x3E, 0xFF, 0x00, 0x0C, 0x10, 0x2C, 0x20, 0x00, 0x40, 0x0C, 0x0F,
    0x0B, 0x20, 0x00, 0x2B, 0x0C, 0x0E, 0xF7, 0x20, 0x00, 0x46, 0x0C, 0x0D, 0xDD, 0x20, 0x00, 0x4E,
    0x0C, 0x14, 0xF0, 0x20, 0x00, 0x2E, 0x0C, 0x13, 0xC7, 0x20, 0x00, 0x26, 0xFF, 0x00, 0x0C, 0x18,
    0x3F, 0x20, 0x00, 0x32, 0x0C, 0x17, 0x23, 0x20, 0x00, 0x36, 0x0C, 0x16, 0x09, 0x20, 0x00, 0x24,
    0x0C, 0x15, 0xE0, 0x20, 0x00, 0x37, 0x0C, 0x14, 0xED, 0x20, 0x00, 0x27, 0x0C, 0x1B, 0xD4, 0x20,
    0x00, 0x21, 0x0C, 0x1A, 0xCB, 0x20, 0x00, 0x29, 0xFF, 0x00, 0x0C, 0x22, 0x28, 0x20, 0x00, 0x27,
    0x0C, 0x21, 0x1A, 0x20, 0x00, 0x2D, 0x0C, 0x20, 0x04, 0x20, 0x00, 0x1D, 0x0C, 0x1F, 0xE2, 0x20,
    0x00, 0x2E, 0x0C, 0x1E, 0xF0, 0x20, 0x00, 0x1D, 0x0C, 0x1D, 0xD2, 0x20, 0x00, 0x18, 0xFF, 0x00,
    0x0C, 0x22, 0x2B, 0x20, 0x00, 0x17, 0x0C, 0x21, 0x1D, 0x20, 0x00, 0x1D, 0x0C, 0x20, 0x07, 0x20,
    0x00, 0x0D, 0x0C, 0x1F, 0xE5, 0x20, 0x00, 0x1E, 0x0C, 0x1E, 0xF3, 0x20, 0x00, 0x0D, 0x0C, 0x1D,
    0xD5, 0x20, 0x00, 0x08, 0xFF, 0x00, 0x0C, 0x22, 0x2E, 0x20, 0x00, 0x07, 0x0C, 0x21, 0x20, 0x20,
    0x00, 0x0D, 0x0C, 0x20, 0x0A, 0x20, 0xFF, 0xFD, 0x0C, 0x1F, 0xE8, 0x20, 0x00, 0x0E, 0x0C, 0x1E,
    0xF6, 0x20, 0xFF, 0xFD, 0x0C, 0x1D, 0xD8, 0x20, 0xFF, 0xF8, 0xFF, 0x00, 0x0C, 0x29, 0x35, 0x20,
    0xFF, 0xFD, 0x0C, 0x28, 0x1B, 0x20, 0xFF, 0xFD, 0x0C, 0x27, 0x06, 0x20, 0xFF, 0xF3, 0x0C, 0x26,
    0xFB, 0x20, 0x00, 0x03, 0x0C, 0x25, 0xEB, 0x20, 0x00, 0x08, 0x0C, 0x24, 0xDB, 0x20, 0xFF, 0xF2,
    0xFF, 0x00, 0x0C, 0x29, 0x38, 0x20, 0xFF, 0xF1, 0x0C, 0x28, 0x1E, 0x20, 0xFF, 0xF1, 0x0C, 0x27,
    0x09, 0x20, 0xFF, 0xE7, 0x0C, 0x26, 0xFE, 0x20, 0xFF, 0xF7, 0x0C, 0x25, 0xEE, 0x20, 0xFF, 0xFC,
    0x0C, 0x24, 0xDE, 0x20, 0xFF, 0xE6, 0xFF, 0x00, 0x0C, 0x2C, 0x19, 0x20, 0xFF, 0xE4, 0x0C, 0x2B,
    0xF2, 0x20, 0xFF, 0xD9, 0x0C, 0x2A, 0xE2, 0x20, 0xFF, 0xD9, 0xFF, 0x00, 0x0C, 0x2C, 0x1C, 0x20,
    0xFF, 0xD6, 0x0C, 0x2B, 0xF5, 0x20, 0xFF, 0xCB, 0x0C, 0x2A, 0xE5, 0x20, 0xFF, 0xCB, 0xFF, 0x00,
    0x0C, 0x2F, 0x18, 0x20, 0xFF, 0xCC, 0x0C, 0x2E, 0xF7, 0x20, 0xFF, 0xC4, 0x0C, 0x2D, 0xEC, 0x20,
    0xFF, 0xC4, 0xFF, 0x00, 0x0C, 0x32, 0x14, 0x20, 0xFF, 0xC4, 0x0C, 0x31, 0xF9, 0x20, 0xFF, 0xBD,
    0x0C, 0x30, 0xEF, 0x20, 0xFF, 0xBD, 0xFF, 0x00, 0x0C, 0x32, 0x16, 0x20, 0xFF, 0xBA, 0x0C, 0x31,
    0xFB, 0x20, 0xFF, 0xB3, 0x0C, 0x30, 0xF1, 0x20, 0xFF, 0xB3, 0xFF, 0x00, 0x0C, 0x32, 0x17, 0x20,
    0xFF, 0xB0, 0x0C, 0x31, 0xFC, 0x20, 0xFF, 0xA9, 0x0C, 0x30, 0xF2, 0x20, 0xFF, 0xA9, 0xFF, 0x00,
    0x0C, 0x33, 0xF6, 0x20, 0xFF, 0xA7, 0xFF, 0x00, 0x0C, 0x33, 0xF7, 0x20, 0xFF, 0x9D, 0xFF, 0x00,
    0x0C, 0x34, 0xFB, 0x20, 0xFF, 0x99, 0xFF, 0x00, 0x0C, 0x34, 0xFC, 0x20, 0xFF, 0x8D, 0xFF, 0x00,
    0x0C, 0x34, 0xFE, 0x20, 0xFF, 0x84, 0xFF, 0x00, 0x0C, 0x34, 0x00, 0x20, 0xFF, 0x7A, 0xFF, 0x00,
    0x0C, 0x32, 0x0E, 0x20, 0xFF, 0x54, 0x0C, 0x31, 0xF3, 0x20, 0xFF, 0x4D, 0x0C, 0x30, 0xE9, 0x20,
    0xFF, 0x4D, 0xFF, 0xFF, 0x0C, 0x01, 0xFB, 0x20, 0x00, 0x91, 0x0C, 0x00, 0xDC, 0x20, 0x00, 0x94,
    0x0C, 0x0C, 0xC5, 0x20, 0x00, 0x92, 0xFF, 0x00, 0x0C, 0x02, 0xFB, 0x20, 0x00, 0x8E, 0x0C, 0x00,
    0xDD, 0x20, 0x00, 0x89, 0x0C, 0x0B, 0xC6, 0x20, 0x00, 0x86, 0xFF, 0x00, 0x0C, 0x03, 0xFB, 0x20,
    0x00, 0x8B, 0x0C, 0x00, 0xDD, 0x20, 0x00, 0x80, 0x0C, 0x0A, 0xC7, 0x20, 0x00, 0x7E, 0xFF, 0x00,
    0x0C, 0x04, 0xFB, 0x20, 0x00, 0x76, 0x0C, 0x00, 0xDD, 0x20, 0x00, 0x74, 0x0C, 0x09, 0xC7, 0x20,
    0x00, 0x73, 0xFF, 0x00, 0x0C, 0x05, 0xFB, 0x20, 0x00, 0x6C, 0x0C, 0x00, 0xDD, 0x20, 0x00, 0x6D,
    0x0C, 0x0C, 0xC7, 0x20, 0x00, 0x6B, 0xFF, 0x00, 0x0C, 0x06, 0xFB, 0x20, 0x00, 0x6A, 0x0C, 0x00,
    0xDD, 0x20, 0x00, 0x64, 0x0C, 0x0B, 0xC5, 0x20, 0x00, 0x62, 0xFF, 0x00, 0x0C, 0x07, 0xFB, 0x20,
    0x00, 0x65, 0x0C, 0x00, 0xDD, 0x20, 0x00, 0x5A, 0x0C, 0x0A, 0xC5, 0x20, 0x00, 0x58, 0xFF, 0x00,
    0x0C, 0x08, 0xFC, 0x20, 0x00, 0x52, 0x0C, 0x00, 0xDE, 0x20, 0x00, 0x50, 0x0C, 0x09, 0xC7, 0x20,
    0x00, 0x4E, 0xFF, 0x00, 0x0C, 0x01, 0xFC, 0x20, 0x00, 0x4B, 0x0C, 0x00, 0xDE, 0x20, 0x00, 0x4C,
    0x0C, 0x09, 0xC5, 0x20, 0x00, 0x4A, 0xFF, 0x00, 0x0C, 0x02, 0xFC, 0x20, 0x00, 0x49, 0x0C, 0x00,
    0xDE, 0x20, 0x00, 0x44, 0x0C, 0x0A, 0xC7, 0x20, 0x00, 0x43, 0xFF, 0x00, 0x0C, 0x03, 0xFC, 0x20,
    0x00, 0x46, 0x0C, 0x00, 0xDE, 0x20, 0x00, 0x3A, 0x0C, 0x0B, 0xC6, 0x20, 0x00, 0x38, 0xFF, 0x00,
    0x0C, 0x04, 0xFC, 0x20, 0x00, 0x32, 0x0C, 0x00, 0xDE, 0x20, 0x00, 0x2F, 0x0C, 0x0C, 0xC6, 0x20,
    0x00, 0x2D, 0xFF, 0x00, 0x0C, 0x05, 0xFC, 0x20, 0x00, 0x27, 0x0C, 0x00, 0xDE, 0x20, 0x00, 0x28,
    0x0C, 0x09, 0xC6, 0x20, 0x00, 0x26, 0xFF, 0x00, 0x0C, 0x06, 0xFC, 0x20, 0x00, 0x24, 0x0C, 0x00,
    0xDE, 0x20, 0x00, 0x1D, 0x0C, 0x0A, 0xC7, 0x20, 0x00, 0x1B, 0xFF, 0x00, 0x0C, 0x07, 0xFD, 0x20,
    0x00, 0x1F, 0x0C, 0x00, 0xDF, 0x20, 0x00, 0x13, 0x0C, 0x0B, 0xC7, 0x20, 0x00, 0x10, 0xFF, 0x00,
    0x0C, 0x08, 0xFC, 0x20, 0x00, 0x0B, 0x0C, 0x00, 0xDF, 0x20, 0x00, 0x08, 0x0C, 0x0C, 0xC7, 0x20,
    0x00, 0x06, 0xFF, 0x00, 0x0C, 0x01, 0xFC, 0x20, 0x00, 0x03, 0x0C, 0x00, 0xDF, 0x20, 0x00, 0x05,
    0x0C, 0x09, 0xC5, 0x20, 0x00, 0x03, 0xFF, 0x00, 0x0C, 0x02, 0xFC, 0x20, 0x00, 0x01, 0x0C, 0x00,
    0xDF, 0x20, 0xFF, 0xFC, 0x0C, 0x0A, 0xC6, 0x20, 0xFF, 0xFA, 0xFF, 0x00, 0x0C, 0x03, 0xFC, 0x20,
    0xFF, 0xFD, 0x0C, 0x00, 0xDF, 0x20, 0xFF, 0xF0, 0x0C, 0x0B, 0xC6, 0x20, 0xFF, 0xEE, 0xFF, 0x00,
    0x0C, 0x04, 0xFD, 0x20, 0xFF, 0xEB, 0x0C, 0x00, 0xDF, 0x20, 0xFF, 0xE8, 0x0C, 0x0C, 0xC6, 0x20,
    0xFF, 0xE6, 0xFF, 0x00, 0x0C, 0x05, 0xFC, 0x20, 0xFF, 0xE1, 0x0C, 0x00, 0xDE, 0x20, 0xFF, 0xE2,
    0x0C, 0x09, 0xC6, 0x20, 0xFF, 0xE0, 0xFF, 0x00, 0x0C, 0x06, 0xFC, 0x20, 0xFF, 0xDD, 0x0C, 0x00,
    0xDE, 0x20, 0xFF, 0xD7, 0x0C, 0x0A, 0xC6, 0x20, 0xFF, 0xD4, 0xFF, 0x00, 0x0C, 0x07, 0xFC, 0x20,
    0xFF, 0xDA, 0x0C, 0x00, 0xDE, 0x20, 0xFF, 0xCF, 0x0C, 0x0B, 0xC5, 0x20, 0xFF, 0xCC, 0xFF, 0x00,
    0x0C, 0x08, 0xFC, 0x20, 0xFF, 0xC7, 0x0C, 0x00, 0xDE, 0x20, 0xFF, 0xC5, 0x0C, 0x0C, 0xC6, 0x20,
    0xFF, 0xC2, 0xFF, 0x00, 0x0C, 0x01, 0xFD, 0x20, 0xFF, 0xBF, 0x0C, 0x00, 0xDF, 0x20, 0xFF, 0xC1,
    0x0C, 0x09, 0xC6, 0x20, 0xFF, 0xBF, 0xFF, 0x00, 0x0C, 0x02, 0xFD, 0x20, 0xFF, 0xBD, 0x0C, 0x00,
    0xDF, 0x20, 0xFF, 0xB9, 0x0C, 0x0A, 0xC6, 0x20, 0xFF, 0xB7, 0xFF, 0x00, 0x0C, 0x03, 0xFD, 0x20,
    0xFF, 0xB8, 0x0C, 0x00, 0xDF, 0x20, 0xFF, 0xAC, 0x0C, 0x0B, 0xC6, 0x20, 0xFF, 0xAA, 0xFF, 0x00,
    0x0C, 0x04, 0xFD, 0x20, 0xFF, 0xA7, 0x0C, 0x00, 0xDF, 0x20, 0xFF, 0xA4, 0x0C, 0x0C, 0xC6, 0x20,
    0xFF, 0xA3, 0xFF, 0x00, 0x0C, 0x05, 0xFD, 0x20, 0xFF, 0x9D, 0x0C, 0x00, 0xDE, 0x20, 0xFF, 0x9E,
    0x0C, 0x09, 0xC5, 0x20, 0xFF, 0x9C, 0xFF, 0x00, 0x0C, 0x06, 0xFC, 0x20, 0xFF, 0x9A, 0x0C, 0x00,
    0xDE, 0x20, 0xFF, 0x93, 0x0C, 0x0A, 0xC5, 0x20, 0xFF, 0x91, 0xFF, 0x00, 0x0C, 0x07, 0xFC, 0x20,
    0xFF, 0x96, 0x0C, 0x00, 0xDE, 0x20, 0xFF, 0x8A, 0x0C, 0x0B, 0xC5, 0x20, 0xFF, 0x88, 0xFF, 0x00,
    0x0C, 0x08, 0xFD, 0x20, 0xFF, 0x84, 0x0C, 0x00, 0xDF, 0x20, 0xFF, 0x82, 0x0C, 0x0C, 0xC7, 0x20,
    0xFF, 0x80, 0xFF, 0x00, 0x0C, 0x01, 0xFD, 0x20, 0xFF, 0x7B, 0x0C, 0x00, 0xDF, 0x20, 0xFF, 0x7C,
    0x0C, 0x09, 0xC7, 0x20, 0xFF, 0x7A, 0xFF, 0x00, 0x0C, 0x02, 0xFD, 0x20, 0xFF, 0x79, 0x0C, 0x00,
    0xE0, 0x20, 0xFF, 0x74, 0x0C, 0x0A, 0xC5, 0x20, 0xFF, 0x73, 0xFF, 0x00, 0x0C, 0x03, 0xFD, 0x20,
    0xFF, 0x76, 0x0C, 0x00, 0xDF, 0x20, 0xFF, 0x6A, 0x0C, 0x0B, 0xC5, 0x20, 0xFF, 0x68, 0xFF, 0x00,
    0x0C, 0x04, 0xFD, 0x20, 0xFF, 0x61, 0x0C, 0x00, 0xDF, 0x20, 0xFF, 0x5E, 0x0C, 0x0C, 0xC6, 0x20,
    0xFF, 0x5C, 0xFF, 0x00, 0x0C, 0x05, 0xFC, 0x20, 0xFF, 0x53, 0x0C, 0x00, 0xDE, 0x20, 0xFF, 0x55,
    0xFF, 0x00, 0x0C, 0x06, 0xFC, 0x20, 0xFF, 0x52, 0x0C, 0x00, 0xDF, 0x20, 0xFF, 0x4B, 0xFF, 0xFF,
    0x10, 0x0B, 0x60, 0x00, 0xFF, 0xE4, 0x10, 0x2A, 0x5B, 0x00, 0xFF, 0xEA, 0xFF, 0x00, 0x10, 0x0B,
    0x5B, 0x00, 0xFF, 0xE4, 0x10, 0x2A, 0x56, 0x00, 0xFF, 0xEB, 0xFF, 0x00, 0x10, 0x0B, 0x58, 0x00,
    0xFF, 0xE4, 0x10, 0x2A, 0x55, 0x00, 0xFF, 0xEA, 0xFF, 0x00, 0x10, 0x0B, 0x55, 0x00, 0xFF, 0xE4,
    0x10, 0x2A, 0x51, 0x00, 0xFF, 0xEA, 0xFF, 0x00, 0x10, 0x0B, 0x53, 0x00, 0xFF, 0xE4, 0x10, 0x25,
    0x4E, 0x00, 0xFF, 0xE9, 0xFF, 0x00, 0x10, 0x0B, 0x4F, 0x00, 0xFF, 0xE4, 0x10, 0x2C, 0x4A, 0x00,
    0xFF, 0xE8, 0xFF, 0x00, 0x10, 0x0B, 0x4C, 0x00, 0xFF, 0xE4, 0x10, 0x25, 0x47, 0x00, 0xFF, 0xE9,
    0xFF, 0x00, 0x10, 0x0B, 0x49, 0x00, 0xFF, 0xE4, 0x10, 0x2D, 0x43, 0x00, 0xFF, 0xEA, 0xFF, 0x00,
    0x10, 0x0B, 0x46, 0x00, 0xFF, 0xE4, 0x10, 0x25, 0x40, 0x00, 0xFF, 0xE9, 0xFF, 0x00, 0x10, 0x0B,
    0x43, 0x00, 0xFF, 0xE4, 0x10, 0x2D, 0x3E, 0x00, 0xFF, 0xEA, 0xFF, 0x00, 0x10, 0x0B, 0x40, 0x00,
    0xFF, 0xE4, 0x10, 0x25, 0x3A, 0x00, 0xFF, 0xE9, 0xFF, 0x00, 0x10, 0x0B, 0x3D, 0x00, 0xFF, 0xE4,
    0x10, 0x2D, 0x37, 0x00, 0xFF, 0xEA, 0xFF, 0x00, 0x10, 0x0B, 0x3A, 0x00, 0xFF, 0xE4, 0x10, 0x25,
    0x34, 0x00, 0xFF, 0xE9, 0xFF, 0x00, 0x10, 0x0B, 0x37, 0x00, 0xFF, 0xE4, 0x10, 0x2C, 0x32, 0x00,
    0xFF, 0xE8, 0xFF, 0x00, 0x10, 0x1A, 0x33, 0x00, 0xFF, 0xE4, 0x10, 0x24, 0x31, 0x00, 0xFF, 0xE3,
    0xFF, 0x00, 0x10, 0x19, 0x31, 0x00, 0xFF, 0xE0, 0x10, 0x2C, 0x2E, 0x00, 0xFF, 0xDD, 0xFF, 0x00,
    0x10, 0x18, 0x2F, 0x00, 0xFF, 0xDC, 0x10, 0x27, 0x32, 0x00, 0xFF, 0xD7, 0xFF, 0x00, 0x10, 0x17,
    0x2D, 0x00, 0xFF, 0xD9, 0x10, 0x27, 0x33, 0x00, 0xFF, 0xD4, 0xFF, 0x00, 0x10, 0x18, 0x2D, 0x00,
    0xFF, 0xD4, 0x10, 0x2C, 0x2D, 0x00, 0xFF, 0xD1, 0xFF, 0x00, 0x10, 0x18, 0x2C, 0x00, 0xFF, 0xD0,
    0x10, 0x2C, 0x2C, 0x00, 0xFF, 0xCD, 0xFF, 0x00, 0x10, 0x18, 0x2B, 0x00, 0xFF, 0xCC, 0x10, 0x29,
    0x2D, 0x00, 0xFF, 0xC9, 0xFF, 0x00, 0x10, 0x18, 0x29, 0x00, 0xFF, 0xC7, 0x10, 0x2C, 0x28, 0x00,
    0xFF, 0xC4, 0xFF, 0x00, 0x10, 0x19, 0x26, 0x00, 0xFF, 0xC3, 0x10, 0x2C, 0x23, 0x00, 0xFF, 0xC1,
    0xFF, 0x00, 0x10, 0x19, 0x23, 0x00, 0xFF, 0xBF, 0x10, 0x24, 0x21, 0x00, 0xFF, 0xBC, 0xFF, 0x00,
    0x10, 0x19, 0x20, 0x00, 0xFF, 0xBC, 0x10, 0x24, 0x1E, 0x00, 0xFF, 0xB9, 0xFF, 0x00, 0x10, 0x19,
    0x1D, 0x00, 0xFF, 0xB8, 0x10, 0x24, 0x1B, 0x00, 0xFF, 0xB5, 0xFF, 0x00, 0x10, 0x1A, 0x1A, 0x00,
    0xFF, 0xB4, 0x10, 0x25, 0x16, 0x00, 0xFF, 0xB5, 0xFF, 0x00, 0x10, 0x1A, 0x17, 0x00, 0xFF, 0xB1,
    0x10, 0x25, 0x12, 0x00, 0xFF, 0xB2, 0xFF, 0x00, 0x10, 0x1A, 0x14, 0x00, 0xFF, 0xAF, 0x10, 0x24,
    0x11, 0x00, 0xFF, 0xAE, 0xFF, 0x00, 0x10, 0x1A, 0x11, 0x00, 0xFF, 0xAD, 0x10, 0x25, 0x0D, 0x00,
    0xFF, 0xAE, 0xFF, 0x00, 0x10, 0x1A, 0x0D, 0x00, 0xFF, 0xAB, 0x10, 0x25, 0x09, 0x00, 0xFF, 0xAC,
    0xFF, 0x00, 0x10, 0x1A, 0x0A, 0x00, 0xFF, 0xA9, 0x10, 0x24, 0x07, 0x00, 0xFF, 0xA9, 0xFF, 0x00,
    0x10, 0x1A, 0x05, 0x00, 0xFF, 0xA8, 0x10, 0x24, 0x02, 0x00, 0xFF, 0xA8, 0xFF, 0x00, 0x10, 0x0B,
    0x01, 0x00, 0xFF, 0xA5, 0x10, 0x25, 0xFB, 0x00, 0xFF, 0xAA, 0xFF, 0x00, 0x10, 0x0B, 0xFB, 0x00,
    0xFF, 0xA4, 0x10, 0x25, 0xF6, 0x00, 0xFF, 0xA9, 0xFF, 0x00, 0x10, 0x0B, 0xF6, 0x00, 0xFF, 0xA4,
    0x10, 0x2D, 0xF0, 0x00, 0xFF, 0xAA, 0xFF, 0x00, 0x10, 0x0B, 0xF2, 0x00, 0xFF, 0xA4, 0x10, 0x2D,
    0xEC, 0x00, 0xFF, 0xAA, 0xFF, 0x00, 0x10, 0x0B, 0xEE, 0x00, 0xFF, 0xA4, 0x10, 0x2D, 0xE9, 0x00,
    0xFF, 0xAA, 0xFF, 0x00, 0x10, 0x0B, 0xEA, 0x00, 0xFF, 0xA4, 0x10, 0x2C, 0xE5, 0x00, 0xFF, 0xA8,
    0xFF, 0x00, 0x10, 0x0C, 0xE5, 0x00, 0xFF, 0xA4, 0x10, 0x2D, 0xE0, 0x00, 0xFF, 0xAD, 0xFF, 0x00,
    0x10, 0x0E, 0xE6, 0x00, 0xFF, 0xA5, 0x10, 0x27, 0xE9, 0x00, 0xFF, 0xAE, 0xFF, 0x00, 0x88, 0x02,
    0x10, 0x0F, 0xE6, 0x00, 0xFF, 0xA6, 0x10, 0x2F, 0xED, 0x00, 0xFF, 0xAE, 0xFF, 0x00, 0x88, 0x02,
    0x84, 0x00, 0x00, 0x00, 0x1B, 0x2E, 0x10, 0x0F, 0xE6, 0x00, 0xFF, 0xA6, 0x10, 0x27, 0xEC, 0x00,
    0xFF, 0xAE, 0xFF, 0xFF, 0x88, 0x02, 0x10, 0x13, 0xB6, 0x10, 0xFF, 0xD6, 0x10, 0x2A, 0xC0, 0x10,
    0xFF, 0xDC, 0xFF, 0x00, 0x88, 0x02, 0x84, 0x00, 0x00, 0x00, 0x1B, 0x54, 0x10, 0x13, 0xB6, 0x00,
    0xFF, 0xD6, 0x10, 0x2A, 0xC0, 0x00, 0xFF, 0xDC, 0xFF, 0xFF, 0x88, 0x02, 0x10, 0x11, 0xC5, 0x00,
    0xFF, 0xB8, 0x10, 0x2F, 0xD0, 0x00, 0xFF, 0xC1, 0x10, 0x2F, 0xD1, 0x00, 0xFF, 0xC1, 0xFF, 0x00,
    0x88, 0x02, 0x84, 0x00, 0x00, 0x00, 0x1B, 0x7A, 0x10, 0x11, 0xC5, 0x00, 0xFF, 0xB8, 0x10, 0x2F,
    0xD0, 0x00, 0xFF, 0xC1, 0xFF, 0xFF, 0x10, 0x0B, 0x60, 0x00, 0xFF, 0xE4, 0x10, 0x2A, 0x5B, 0x00,
    0xFF, 0xEA, 0xFF, 0x00, 0x10, 0x0B, 0x5B, 0x00, 0xFF, 0xE4, 0x10, 0x2A, 0x56, 0x00, 0xFF, 0xEB,
    0xFF, 0x00, 0x10, 0x0B, 0x58, 0x00, 0xFF, 0xE4, 0x10, 0x2A, 0x55, 0x00, 0xFF, 0xEA, 0xFF, 0x00,
    0x10, 0x0B, 0x55, 0x00, 0xFF, 0xE4, 0x10, 0x2A, 0x51, 0x00, 0xFF, 0xEA, 0xFF, 0x00, 0x10, 0x0B,
    0x53, 0x00, 0xFF, 0xE4, 0x10, 0x25, 0x4E, 0x00, 0xFF, 0xE9, 0xFF, 0x00, 0x10, 0x0B, 0x4F, 0x00,
    0xFF, 0xE4, 0x10, 0x2C, 0x4A, 0x00, 0xFF, 0xE8, 0xFF, 0x00, 0x10, 0x0B, 0x4C, 0x00, 0xFF, 0xE4,
    0x10, 0x25, 0x47, 0x00, 0xFF, 0xE9, 0xFF, 0x00, 0x10, 0x0B, 0x49, 0x00, 0xFF, 0xE4, 0x10, 0x2D,
    0x43, 0x00, 0xFF, 0xEA, 0xFF, 0x00, 0x10, 0x0B, 0x46, 0x00, 0xFF, 0xE4, 0x10, 0x25, 0x40, 0x00,
    0xFF, 0xE9, 0xFF, 0x00, 0x10, 0x0B, 0x43, 0x00, 0xFF, 0xE4, 0x10, 0x2D, 0x3E, 0x00, 0xFF, 0xEA,
    0xFF, 0x00, 0x10, 0x0B, 0x40, 0x00, 0xFF, 0xE4, 0x10, 0x25, 0x3A, 0x00, 0xFF, 0xE9, 0xFF, 0x00,
    0x10, 0x0B, 0x3D, 0x00, 0xFF, 0xE4, 0x10, 0x2D, 0x37, 0x00, 0xFF, 0xEA, 0xFF, 0x00, 0x10, 0x0B,
    0x3A, 0x00, 0xFF, 0xE4, 0x10, 0x25, 0x34, 0x00, 0xFF, 0xE9, 0xFF, 0x00, 0x10, 0x0B, 0x37, 0x00,
    0xFF, 0xE4, 0x10, 0x2C, 0x32, 0x00, 0xFF, 0xE8, 0xFF, 0x00, 0x10, 0x1A, 0x33, 0x00, 0xFF, 0xE4,
    0x10, 0x24, 0x31, 0x00, 0xFF, 0xE3, 0xFF, 0x00, 0x10, 0x19, 0x31, 0x00, 0xFF, 0xE0, 0x10, 0x2C,
    0x2E, 0x00, 0xFF, 0xDD, 0xFF, 0x00, 0x10, 0x18, 0x2F, 0x00, 0xFF, 0xDC, 0x10, 0x27, 0x32, 0x00,
    0xFF, 0xD7, 0xFF, 0x00, 0x10, 0x17, 0x2D, 0x00, 0xFF, 0xD9, 0x10, 0x27, 0x33, 0x00, 0xFF, 0xD4,
    0xFF, 0x00, 0x10, 0x18, 0x2D, 0x00, 0xFF, 0xD4, 0x10, 0x2C, 0x2D, 0x00, 0xFF, 0xD1, 0xFF, 0x00,
    0x10, 0x18, 0x2C, 0x00, 0xFF, 0xD0, 0x10, 0x2C, 0x2C, 0x00, 0xFF, 0xCD, 0xFF, 0x00, 0x10, 0x18,
    0x2B, 0x00, 0xFF, 0xCC, 0x10, 0x29, 0x2D, 0x00, 0xFF, 0xC9, 0xFF, 0x00, 0x10, 0x18, 0x29, 0x00,
    0xFF, 0xC7, 0x10, 0x2C, 0x28, 0x00, 0xFF, 0xC4, 0xFF, 0x00, 0x10, 0x19, 0x26, 0x00, 0xFF, 0xC3,
    0x10, 0x2C, 0x23, 0x00, 0xFF, 0xC1, 0xFF, 0x00, 0x10, 0x19, 0x23, 0x00, 0xFF, 0xBF, 0x10, 0x24,
    0x21, 0x00, 0xFF, 0xBC, 0xFF, 0x00, 0x10, 0x19, 0x20, 0x00, 0xFF, 0xBC, 0x10, 0x24, 0x1E, 0x00,
    0xFF, 0xB9, 0xFF, 0x00, 0x10, 0x19, 0x1D, 0x00, 0xFF, 0xB8, 0x10, 0x24, 0x1B, 0x00, 0xFF, 0xB5,
    0xFF, 0x00, 0x10, 0x1A, 0x1A, 0x00, 0xFF, 0xB4, 0x10, 0x25, 0x16, 0x00, 0xFF, 0xB5, 0xFF, 0x00,
    0x10, 0x1A, 0x17, 0x00, 0xFF, 0xB1, 0x10, 0x25, 0x12, 0x00, 0xFF, 0xB2, 0xFF, 0x00, 0x10, 0x1A,
    0x14, 0x00, 0xFF, 0xAF, 0x10, 0x24, 0x11, 0x00, 0xFF, 0xAE, 0xFF, 0x00, 0x10, 0x1A, 0x11, 0x00,
    0xFF, 0xAD, 0x10, 0x25, 0x0D, 0x00, 0xFF, 0xAE, 0xFF, 0x00, 0x10, 0x1A, 0x0D, 0x00, 0xFF, 0xAB,
    0x10, 0x25, 0x09, 0x00, 0xFF, 0xAC, 0xFF, 0x00, 0x10, 0x0B, 0x0E, 0x00, 0xFF, 0xAA, 0x10, 0x2D,
    0x09, 0x00, 0xFF, 0xB0, 0xFF, 0x00, 0x10, 0x0C, 0x0D, 0x00, 0xFF, 0xAA, 0x10, 0x2E, 0x0B, 0x00,
    0xFF, 0xB3, 0xFF, 0x00, 0x10, 0x0D, 0x0E, 0x00, 0xFF, 0xAA, 0x10, 0x2E, 0x0D, 0x00, 0xFF, 0xB4,
    0xFF, 0x00, 0x88, 0x02, 0x10, 0x0E, 0x0E, 0x00, 0xFF, 0xAA, 0x10, 0x2E, 0x0F, 0x00, 0xFF, 0xB5,
    0xFF, 0x00, 0x88, 0x02, 0x84, 0x00, 0x00, 0x00, 0x1D, 0x82, 0x10, 0x0E, 0x0E, 0x00, 0xFF, 0xAA,
    0x10, 0x2B, 0x11, 0x00, 0xFF, 0xB5, 0xFF, 0xFF, 0x10, 0x0B, 0x60, 0x00, 0xFF, 0xE4, 0x10, 0x2A,
    0x5B, 0x00, 0xFF, 0xEA, 0xFF, 0x00, 0x10, 0x0B, 0x5B, 0x00, 0xFF, 0xE4, 0x10, 0x2A, 0x56, 0x00,
    0xFF, 0xEB, 0xFF, 0x00, 0x10, 0x0B, 0x58, 0x00, 0xFF, 0xE4, 0x10, 0x2A, 0x55, 0x00, 0xFF, 0xEA,
    0xFF, 0x00, 0x10, 0x0B, 0x55, 0x00, 0xFF, 0xE4, 0x10, 0x2A, 0x51, 0x00, 0xFF, 0xEA, 0xFF, 0x00,
    0x10, 0x0B, 0x53, 0x00, 0xFF, 0xE4, 0x10, 0x25, 0x4E, 0x00, 0xFF, 0xE9, 0xFF, 0x00, 0x10, 0x0B,
    0x4F, 0x00, 0xFF, 0xE4, 0x10, 0x2C, 0x4A, 0x00, 0xFF, 0xE8, 0xFF, 0x00, 0x10, 0x0B, 0x4C, 0x00,
    0xFF, 0xE4, 0x10, 0x25, 0x47, 0x00, 0xFF, 0xE9, 0xFF, 0x00, 0x10, 0x0B, 0x49, 0x00, 0xFF, 0xE4,
    0x10, 0x2D, 0x43, 0x00, 0xFF, 0xEA, 0xFF, 0x00, 0x10, 0x0B, 0x46, 0x00, 0xFF, 0xE4, 0x10, 0x25,
    0x40, 0x00, 0xFF, 0xE9, 0xFF, 0x00, 0x10, 0x0B, 0x43, 0x00, 0xFF, 0xE4, 0x10, 0x2D, 0x3E, 0x00,
    0xFF, 0xEA, 0xFF, 0x00, 0x10, 0x0B, 0x40, 0x00, 0xFF, 0xE4, 0x10, 0x25, 0x3A, 0x00, 0xFF, 0xE9,
    0xFF, 0x00, 0x10, 0x0B, 0x3D, 0x00, 0xFF, 0xE4, 0x10, 0x2D, 0x37, 0x00, 0xFF, 0xEA, 0xFF, 0x00,
    0x10, 0x0B, 0x3A, 0x00, 0xFF, 0xE4, 0x10, 0x25, 0x34, 0x00, 0xFF, 0xE9, 0xFF, 0x00, 0x10, 0x0B,
    0x37, 0x00, 0xFF, 0xE4, 0x10, 0x2C, 0x32, 0x00, 0xFF, 0xE8, 0xFF, 0x00, 0x10, 0x1A, 0x33, 0x00,
    0xFF, 0xE4, 0x10, 0x24, 0x31, 0x00, 0xFF, 0xE3, 0xFF, 0x00, 0x10, 0x19, 0x31, 0x00, 0xFF, 0xE0,
    0x10, 0x2C, 0x2E, 0x00, 0xFF, 0xDD, 0xFF, 0x00, 0x10, 0x18, 0x2F, 0x00, 0xFF, 0xDC, 0x10, 0x27,
    0x32, 0x00, 0xFF, 0xD7, 0xFF, 0x00, 0x10, 0x17, 0x2D, 0x00, 0xFF, 0xD9, 0x10, 0x27, 0x33, 0x00,
    0xFF, 0xD4, 0xFF, 0x00, 0x10, 0x18, 0x2D, 0x00, 0xFF, 0xD4, 0x10, 0x2C, 0x2D, 0x00, 0xFF, 0xD1,
    0xFF, 0x00, 0x10, 0x18, 0x2C, 0x00, 0xFF, 0xD0, 0x10, 0x2C, 0x2C, 0x00, 0xFF, 0xCD, 0xFF, 0x00,
    0x10, 0x18, 0x2B, 0x00, 0xFF, 0xCC, 0x10, 0x29, 0x2D, 0x00, 0xFF, 0xC9, 0xFF, 0x00, 0x10, 0x18,
    0x29, 0x00, 0xFF, 0xC7, 0x10, 0x2C, 0x28, 0x00, 0xFF, 0xC4, 0xFF, 0x00, 0x10, 0x19, 0x2A, 0x00,
    0xFF, 0xC7, 0x10, 0x24, 0x29, 0x00, 0xFF, 0xC5, 0xFF, 0x00, 0x10, 0x1A, 0x2A, 0x00, 0xFF, 0xC7,
    0x10, 0x24, 0x28, 0x00, 0xFF, 0xC7, 0xFF, 0x00, 0x10, 0x0B, 0x2B, 0x00, 0xFF, 0xC6, 0x10, 0x25,
    0x26, 0x00, 0xFF, 0xCB, 0xFF, 0x00, 0x88, 0x02, 0x10, 0x0C, 0x2B, 0x00, 0xFF, 0xC6, 0x10, 0x26,
    0x29, 0x00, 0xFF, 0xD0, 0xFF, 0x00, 0x84, 0x00, 0x00, 0x00, 0x1F, 0x06, 0x88, 0x02, 0x10, 0x0C,
    0x2B, 0x00, 0xFF, 0xC6, 0x10, 0x25, 0x28, 0x00, 0xFF, 0xCD, 0xFF, 0xFF, 0x10, 0x0B, 0x60, 0x00,
    0xFF, 0xE4, 0x10, 0x2A, 0x5B, 0x00, 0xFF, 0xEA, 0xFF, 0x00, 0x10, 0x0B, 0x5B, 0x00, 0xFF, 0xE4,
    0x10, 0x2A, 0x56, 0x00, 0xFF, 0xEB, 0xFF, 0x00, 0x10, 0x0B, 0x58, 0x00, 0xFF, 0xE4, 0x10, 0x2A,
    0x55, 0x00, 0xFF, 0xEA, 0xFF, 0x00, 0x10, 0x0B, 0x55, 0x00, 0xFF, 0xE4, 0x10, 0x2A, 0x51, 0x00,
    0xFF, 0xEA, 0xFF, 0x00, 0x10, 0x0B, 0x53, 0x00, 0xFF, 0xE4, 0x10, 0x25, 0x4E, 0x00, 0xFF, 0xE9,
    0xFF, 0x00, 0x10, 0x0B, 0x4F, 0x00, 0xFF, 0xE4, 0x10, 0x2C, 0x4A, 0x00, 0xFF, 0xE8, 0xFF, 0x00,
    0x10, 0x0B, 0x4C, 0x00, 0xFF, 0xE4, 0x10, 0x25, 0x47, 0x00, 0xFF, 0xE9, 0xFF, 0x00, 0x10, 0x0B,
    0x49, 0x00, 0xFF, 0xE4, 0x10, 0x2D, 0x43, 0x00, 0xFF, 0xEA, 0xFF, 0x00, 0x10, 0x0B, 0x46, 0x00,
    0xFF, 0xE4, 0x10, 0x25, 0x40, 0x00, 0xFF, 0xE9, 0xFF, 0x00, 0x10, 0x0B, 0x43, 0x00, 0xFF, 0xE4,
    0x10, 0x2D, 0x3E, 0x00, 0xFF, 0xEA, 0xFF, 0x00, 0x10, 0x0B, 0x40, 0x00, 0xFF, 0xE4, 0x10, 0x25,
    0x3A, 0x00, 0xFF, 0xE9, 0xFF, 0x00, 0x10, 0x0B, 0x3D, 0x00, 0xFF, 0xE4, 0x10, 0x2D, 0x37, 0x00,
    0xFF, 0xEA, 0xFF, 0x00, 0x10, 0x0B, 0x3A, 0x00, 0xFF, 0xE4, 0x10, 0x25, 0x34, 0x00, 0xFF, 0xE9,
    0xFF, 0x00, 0x10, 0x0B, 0x37, 0x00, 0xFF, 0xE4, 0x10, 0x2C, 0x32, 0x00, 0xFF, 0xE8, 0xFF, 0x00,
    0x10, 0x1A, 0x33, 0x00, 0xFF, 0xE4, 0x10, 0x24, 0x31, 0x00, 0xFF, 0xE3, 0xFF, 0x00, 0x10, 0x19,
    0x31, 0x00, 0xFF, 0xE0, 0x10, 0x2C, 0x2E, 0x00, 0xFF, 0xDD, 0xFF, 0x00, 0x10, 0x18, 0x2F, 0x00,
    0xFF, 0xDC, 0x10, 0x27, 0x32, 0x00, 0xFF, 0xD7, 0xFF, 0x00, 0x10, 0x17, 0x2D, 0x00, 0xFF, 0xD9,
    0x10, 0x27, 0x33, 0x00, 0xFF, 0xD4, 0xFF, 0x00, 0x10, 0x18, 0x2F, 0x00, 0xFF, 0xD8, 0x10, 0x2C,
    0x2F, 0x00, 0xFF, 0xD5, 0xFF, 0x00, 0x10, 0x19, 0x2F, 0x00, 0xFF, 0xD8, 0x10, 0x2C, 0x2C, 0x00,
    0xFF, 0xD6, 0xFF, 0x00, 0x10, 0x1A, 0x2F, 0x00, 0xFF, 0xD8, 0x10, 0x2C, 0x2C, 0x00, 0xFF, 0xD8,
    0xFF, 0x00, 0x88, 0x02, 0x10, 0x0B, 0x30, 0x00, 0xFF, 0xD7, 0x10, 0x2D, 0x2B, 0x00, 0xFF, 0xDD,
    0xFF, 0x00, 0x88, 0x02, 0x84, 0x00, 0x00, 0x00, 0x20, 0x52, 0x10, 0x0B, 0x30, 0x00, 0xFF, 0xD7,
    0x10, 0x2C, 0x2C, 0x00, 0xFF, 0xDB, 0xFF, 0xFF, 0x10, 0x1B, 0x5F, 0x00, 0xFF, 0xE4, 0xFF, 0x00,
    0x10, 0x1B, 0x59, 0x00, 0xFF, 0xE4, 0xFF, 0x00, 0x10, 0x1B, 0x54, 0x00, 0xFF, 0xE4, 0xFF, 0x00,
    0x10, 0x1B, 0x4F, 0x00, 0xFF, 0xE4, 0xFF, 0x00, 0x10, 0x1B, 0x4A, 0x00, 0xFF, 0xE4, 0xFF, 0x00,
    0x10, 0x1B, 0x45, 0x00, 0xFF, 0xE4, 0xFF, 0x00, 0x10, 0x1B, 0x40, 0x00, 0xFF, 0xE4, 0xFF, 0x00,
    0x10, 0x1B, 0x3B, 0x00, 0xFF, 0xE4, 0xFF, 0x00, 0x10, 0x1B, 0x36, 0x00, 0xFF, 0xE4, 0xFF, 0x00,
    0x10, 0x1B, 0x31, 0x00, 0xFF, 0xE4, 0xFF, 0x00, 0x10, 0x1B, 0x2C, 0x00, 0xFF, 0xE4, 0xFF, 0x00,
    0x10, 0x1B, 0x27, 0x00, 0xFF, 0xE4, 0xFF, 0x00, 0x10, 0x1B, 0x22, 0x00, 0xFF, 0xE4, 0xFF, 0x00,
    0x10, 0x1B, 0x1D, 0x00, 0xFF, 0xE4, 0x10, 0x1B, 0x1D, 0x00, 0xFF, 0xE4, 0xFF, 0x00, 0x10, 0x1B,
    0x18, 0x00, 0xFF, 0xE4, 0xFF, 0x00, 0x10, 0x1B, 0x13, 0x00, 0xFF, 0xE4, 0xFF, 0x00, 0x10, 0x1B,
    0x0E, 0x00, 0xFF, 0xE4, 0xFF, 0x00, 0x10, 0x1B, 0x09, 0x00, 0xFF, 0xE4, 0xFF, 0x00, 0x10, 0x1B,
    0x04, 0x00, 0xFF, 0xE4, 0xFF, 0x00, 0x10, 0x1B, 0xFF, 0x00, 0xFF, 0xE4, 0xFF, 0x00, 0x10, 0x1B,
    0xFC, 0x00, 0xFF, 0xE4, 0xFF, 0x00, 0x10, 0x1B, 0xF7, 0x00, 0xFF, 0xE4, 0xFF, 0x00, 0x10, 0x1B,
    0xF2, 0x00, 0xFF, 0xE4, 0xFF, 0x00, 0x10, 0x1C, 0xF1, 0x00, 0xFF, 0xE4, 0xFF, 0x00, 0x10, 0x1D,
    0xF1, 0x00, 0xFF, 0xE5, 0xFF, 0x00, 0x10, 0x1E, 0xF0, 0x00, 0xFF, 0xE6, 0xFF, 0x00, 0x10, 0x1F,
    0xF0, 0x00, 0xFF, 0xE7, 0xFF, 0x00, 0x10, 0x20, 0xF0, 0x00, 0xFF, 0xE5, 0xFF, 0x00, 0x10, 0x21,
    0xF1, 0x00, 0xFF, 0xE5, 0xFF, 0x00, 0x10, 0x22, 0xF1, 0x00, 0xFF, 0xE4, 0xFF, 0x00, 0x88, 0x08,
    0x10, 0x23, 0xF2, 0x00, 0xFF, 0xE4, 0xFF, 0xFF, 0x84, 0x00, 0x00, 0x00, 0x21, 0x78, 0x10, 0x23,
    0xF2, 0x00, 0xFF, 0xE4, 0xFF, 0xFF, 0x88, 0x08, 0x10, 0x02, 0x5D, 0x00, 0xFF, 0xE3, 0xFF, 0x00,
    0x10, 0x01, 0x57, 0x00, 0xFF, 0xE4, 0xFF, 0x00, 0x10, 0x02, 0x55, 0x00, 0xFF, 0xE4, 0xFF, 0x00,
    0x10, 0x00, 0x4E, 0x00, 0xFF, 0xE4, 0xFF, 0x00, 0x10, 0x02, 0x4A, 0x00, 0xFF, 0xE4, 0xFF, 0x00,
    0x10, 0x01, 0x42, 0x00, 0xFF, 0xE4, 0xFF, 0x00, 0x10, 0x02, 0x3D, 0x00, 0xFF, 0xE4, 0xFF, 0x00,
    0x10, 0x00, 0x35, 0x00, 0xFF, 0xE4, 0xFF, 0x00, 0x10, 0x02, 0x30, 0x00, 0xFF, 0xE4, 0xFF, 0x00,
    0x10, 0x01, 0x27, 0x00, 0xFF, 0xE4, 0xFF, 0x00, 0x10, 0x02, 0x22, 0x00, 0xFF, 0xE4, 0xFF, 0x00,
    0x10, 0x00, 0x19, 0x00, 0xFF, 0xE4, 0xFF, 0x00, 0x10, 0x02, 0x12, 0x00, 0xFF, 0xE4, 0xFF, 0x00,
    0x10, 0x01, 0x0A, 0x00, 0xFF, 0xE4, 0xFF, 0x00, 0x88, 0x0A, 0x10, 0x02, 0x04, 0x10, 0xFF, 0xE4,
    0xFF, 0xFF, 0x00, 0x00, 0xD4, 0x00, 0xFF, 0x60, 0x00, 0x03, 0x22, 0x00, 0xFF, 0x93, 0x00, 0x01,
    0x04, 0x00, 0xFF, 0xFD, 0x00, 0x02, 0xEE, 0x00, 0x00, 0x89, 0xFF, 0x00, 0x88, 0x0A, 0x0C, 0x00,
    0x9C, 0x00, 0x00, 0x44, 0x0C, 0x02, 0xEF, 0x00, 0x00, 0x38, 0xFF, 0x00, 0x88, 0x02, 0x0C, 0x07,
    0x9C, 0x00, 0x00, 0x5B, 0x0C, 0x08, 0xA9, 0x00, 0x00, 0x3E, 0x0C, 0x09, 0xC1, 0x00, 0x00, 0x3C,
    0x0C, 0x0A, 0xD9, 0x00, 0x00, 0x36, 0x0C, 0x0B, 0xEC, 0x00, 0x00, 0x25, 0xFF, 0x00, 0xB4, 0x00,
    0x00, 0x00, 0x08, 0xDC, 0x88, 0x01, 0x0C, 0x0E, 0xA6, 0x00, 0x00, 0x36, 0x0C, 0x0F, 0xA6, 0x00,
    0x00, 0x59, 0x0C, 0x10, 0x9F, 0x00, 0x00, 0x61, 0x0C, 0x0D, 0xC5, 0x00, 0x00, 0x27, 0x0C, 0x0C,
    0xDA, 0x00, 0x00, 0x00, 0xFF, 0x00, 0x0C, 0x11, 0xA3, 0x00, 0x00, 0x35, 0x0C, 0x12, 0xBA, 0x00,
    0x00, 0x27, 0x0C, 0x15, 0xD6, 0x00, 0x00, 0x27, 0x0C, 0x14, 0xD5, 0x00, 0x00, 0x12, 0x0C, 0x13,
    0xCA, 0x00, 0xFF, 0xF0, 0xFF, 0x00, 0xB4, 0x00, 0x00, 0x00, 0x0E, 0xE6, 0x88, 0x14, 0x0C, 0x11,
    0xA3, 0x00, 0x00, 0x35, 0x0C, 0x12, 0xBA, 0x00, 0x00, 0x27, 0x0C, 0x15, 0xD6, 0x00, 0x00, 0x27,
    0x0C, 0x14, 0xD5, 0x00, 0x00, 0x12, 0x0C, 0x13, 0xCA, 0x00, 0xFF, 0xF0, 0xFF, 0xFF, 0x00, 0x03,
    0x44, 0x00, 0x00, 0x8D, 0x00, 0x02, 0x35, 0x00, 0x00, 0x9A, 0x00, 0x01, 0x26, 0x00, 0x00, 0x9C,
    0xFF, 0x00, 0x00, 0x05, 0x20, 0x00, 0x00, 0x95, 0x00, 0x06, 0x47, 0x00, 0x00, 0x8A, 0xFF, 0x00,
    0x00, 0x08, 0x12, 0x00, 0x00, 0x94, 0x00, 0x09, 0x26, 0x00, 0x00, 0x8B, 0x00, 0x0A, 0x48, 0x00,
    0x00, 0x84, 0xFF, 0x00, 0x00, 0x0C, 0x1B, 0x00, 0x00, 0x7F, 0x00, 0x0D, 0x2F, 0x00, 0x00, 0x7F,
    0x00, 0x0E, 0x3C, 0x00, 0x00, 0x74, 0x00, 0x0F, 0x48, 0x00, 0x00, 0x74, 0xFF, 0x00, 0x00, 0x10,
    0x1D, 0x00, 0x00, 0x73, 0x00, 0x12, 0x37, 0x00, 0x00, 0x74, 0x00, 0x13, 0x47, 0x00, 0x00, 0x68,
    0xFF, 0x00, 0x00, 0x14, 0x1F, 0x00, 0x00, 0x6A, 0x00, 0x15, 0x39, 0x00, 0x00, 0x6C, 0x00, 0x16,
    0x48, 0x00, 0x00, 0x6A, 0x00, 0x17, 0x4A, 0x00, 0x00, 0x58, 0xFF, 0x00, 0x00, 0x18, 0x20, 0x00,
    0x00, 0x5D, 0x00, 0x19, 0x37, 0x00, 0x00, 0x4D, 0x00, 0x1A, 0x37, 0x00, 0x00, 0x86, 0x00, 0x1B,
    0x47, 0x00, 0x00, 0x47, 0xFF, 0x00, 0x00, 0x1C, 0x25, 0x00, 0x00, 0x46, 0x00, 0x1D, 0x4C, 0x00,
    0x00, 0x5D, 0xFF, 0x00, 0x00, 0x1E, 0x1C, 0x00, 0x00, 0x3D, 0x00, 0x1F, 0x26, 0x00, 0x00, 0x3D,
    0x00, 0x20, 0x4B, 0x00, 0x00, 0x54, 0xFF, 0x00, 0x00, 0x21, 0x1C, 0x00, 0x00, 0x3D, 0x00, 0x22,
    0x39, 0x00, 0x00, 0x76, 0x00, 0x23, 0x2C, 0x00, 0x00, 0x62, 0x00, 0x24, 0x45, 0x00, 0x00, 0x38,
    0x00, 0x25, 0x49, 0x00, 0x00, 0x77, 0xFF, 0x00, 0x00, 0x26, 0x19, 0x00, 0x00, 0x39, 0x00, 0x27,
    0x2F, 0x00, 0x00, 0x60, 0x00, 0x28, 0x43, 0x00, 0x00, 0x35, 0xFF, 0x00, 0x00, 0x29, 0x17, 0x00,
    0x00, 0x32, 0x00, 0x2A, 0x32, 0x00, 0x00, 0x28, 0x00, 0x2B, 0x32, 0x00, 0x00, 0x53, 0x00, 0x2C,
    0x47, 0x00, 0x00, 0x24, 0xFF, 0x00, 0x00, 0x2D, 0x24, 0x00, 0x00, 0x22, 0x00, 0x2E, 0x16, 0x00,
    0x00, 0x32, 0xFF, 0x00, 0x00, 0x2F, 0x24, 0x00, 0x00, 0x1D, 0x00, 0x30, 0x10, 0x00, 0x00, 0x2C,
    0xFF, 0x00, 0x00, 0x31, 0x0E, 0x00, 0x00, 0x25, 0x00, 0x32, 0x1F, 0x00, 0x00, 0x1A, 0x00, 0x33,
    0x45, 0x00, 0x00, 0x0B, 0xFF, 0x00, 0x00, 0x34, 0x0C, 0x00, 0x00, 0x1E, 0x00, 0x35, 0x19, 0x00,
    0x00, 0x0E, 0x00, 0x36, 0x45, 0x00, 0x00, 0x04, 0xFF, 0x00, 0x00, 0x00, 0x06, 0x00, 0x00, 0x0C,
    0x00, 0x01, 0x26, 0x00, 0x00, 0x08, 0x00, 0x02, 0x35, 0x00, 0x00, 0x06, 0x00, 0x03, 0x44, 0x00,
    0xFF, 0xF9, 0xFF, 0x00, 0x00, 0x04, 0x03, 0x00, 0x00, 0x0B, 0x00, 0x05, 0x20, 0x00, 0x00, 0x01,
    0x00, 0x06, 0x47, 0x00, 0xFF, 0xF6, 0xFF, 0x00, 0x00, 0x07, 0x07, 0x00, 0x00, 0x23, 0x00, 0x08,
    0x12, 0x00, 0x00, 0x00, 0x00, 0x09, 0x26, 0x00, 0xFF, 0xF7, 0x00, 0x0A, 0x48, 0x00, 0xFF, 0xF0,
    0xFF, 0x00, 0x00, 0x0B, 0x15, 0x00, 0x00, 0x27, 0x00, 0x0C, 0x1B, 0x00, 0xFF, 0xEB, 0x00, 0x0D,
    0x2F, 0x00, 0xFF, 0xEB, 0x00, 0x0E, 0x3C, 0x00, 0xFF, 0xE0, 0x00, 0x0F, 0x48, 0x00, 0xFF, 0xE0,
    0xFF, 0x00, 0x00, 0x10, 0x1D, 0x00, 0xFF, 0xDF, 0x00, 0x11, 0x23, 0x00, 0x00, 0x12, 0x00, 0x12,
    0x37, 0x00, 0xFF, 0xE0, 0x00, 0x13, 0x47, 0x00, 0xFF, 0xD4, 0xFF, 0x00, 0x00, 0x14, 0x1F, 0x00,
    0xFF, 0xD6, 0x00, 0x15, 0x39, 0x00, 0xFF, 0xD8, 0x00, 0x16, 0x48, 0x00, 0xFF, 0xD6, 0x00, 0x17,
    0x4A, 0x00, 0xFF, 0xC4, 0xFF, 0x00, 0x00, 0x18, 0x20, 0x00, 0xFF, 0xC9, 0x00, 0x19, 0x37, 0x00,
    0xFF, 0xB9, 0x00, 0x1A, 0x37, 0x00, 0xFF, 0xF2, 0x00, 0x1B, 0x47, 0x00, 0xFF, 0xB3, 0xFF, 0x00,
    0x00, 0x1C, 0x25, 0x00, 0xFF, 0xB2, 0x00, 0x1D, 0x4C, 0x00, 0xFF, 0xC9, 0xFF, 0x00, 0x00, 0x1E,
    0x1C, 0x00, 0xFF, 0xA9, 0x00, 0x1F, 0x26, 0x00, 0xFF, 0xA9, 0x00, 0x20, 0x4B, 0x00, 0xFF, 0xC0,
    0xFF, 0x00, 0x00, 0x21, 0x1C, 0x00, 0xFF, 0xA9, 0x00, 0x22, 0x39, 0x00, 0xFF, 0xE2, 0x00, 0x23,
    0x2C, 0x00, 0xFF, 0xCE, 0x00, 0x24, 0x45, 0x00, 0xFF, 0xA4, 0x00, 0x25, 0x49, 0x00, 0xFF, 0xE3,
    0xFF, 0x00, 0x00, 0x26, 0x19, 0x00, 0xFF, 0xA5, 0x00, 0x27, 0x2F, 0x00, 0xFF, 0xCC, 0x00, 0x28,
    0x43, 0x00, 0xFF, 0xA1, 0xFF, 0x00, 0x00, 0x29, 0x17, 0x00, 0xFF, 0x9E, 0x00, 0x2A, 0x32, 0x00,
    0xFF, 0x94, 0x00, 0x2B, 0x32, 0x00, 0xFF, 0xBF, 0x00, 0x2C, 0x47, 0x00, 0xFF, 0x90, 0xFF, 0x00,
    0x00, 0x2D, 0x24, 0x00, 0xFF, 0x8E, 0x00, 0x2E, 0x16, 0x00, 0xFF, 0x9E, 0xFF, 0x00, 0x00, 0x2F,
    0x24, 0x00, 0xFF, 0x89, 0x00, 0x30, 0x10, 0x00, 0xFF, 0x98, 0xFF, 0x00, 0x00, 0x31, 0x0E, 0x00,
    0xFF, 0x91, 0x00, 0x32, 0x1F, 0x00, 0xFF, 0x86, 0x00, 0x33, 0x45, 0x00, 0xFF, 0x77, 0xFF, 0x00,
    0x00, 0x34, 0x0C, 0x00, 0xFF, 0x8A, 0x00, 0x35, 0x19, 0x00, 0xFF, 0x7A, 0x00, 0x36, 0x45, 0x00,
    0xFF, 0x70, 0xFF, 0x00, 0x00, 0x00, 0x06, 0x00, 0xFF, 0x78, 0x00, 0x01, 0x26, 0x00, 0xFF, 0x74,
    0x00, 0x02, 0x35, 0x00, 0xFF, 0x72, 0x00, 0x03, 0x44, 0x00, 0xFF, 0x65, 0xFF, 0x00, 0x00, 0x04,
    0x03, 0x00, 0xFF, 0x77, 0x00, 0x05, 0x20, 0x00, 0xFF, 0x6D, 0x00, 0x06, 0x47, 0x00, 0xFF, 0x62,
    0xFF, 0x00, 0x00, 0x07, 0x07, 0x00, 0xFF, 0x8F, 0x00, 0x08, 0x12, 0x00, 0xFF, 0x6C, 0x00, 0x09,
    0x26, 0x00, 0xFF, 0x63, 0x00, 0x0A, 0x48, 0x00, 0xFF, 0x5C, 0xFF, 0x00, 0x00, 0x0B, 0x15, 0x00,
    0xFF, 0x93, 0x00, 0x0C, 0x1B, 0x00, 0xFF, 0x57, 0x00, 0x0D, 0x2F, 0x00, 0xFF, 0x57, 0x00, 0x0E,
    0x3C, 0x00, 0xFF, 0x4C, 0x00, 0x0F, 0x48, 0x00, 0xFF, 0x4C, 0xFF, 0x00, 0x00, 0x10, 0x1D, 0x00,
    0xFF, 0x4B, 0x00, 0x11, 0x23, 0x00, 0xFF, 0x7E, 0x00, 0x12, 0x37, 0x00, 0xFF, 0x4C, 0x00, 0x13,
    0x47, 0x00, 0xFF, 0x40, 0xFF, 0x00, 0x00, 0x14, 0x1F, 0x00, 0xFF, 0x42, 0x00, 0x15, 0x39, 0x00,
    0xFF, 0x44, 0x00, 0x16, 0x48, 0x00, 0xFF, 0x42, 0x00, 0x17, 0x4A, 0x00, 0xFF, 0x30, 0xFF, 0x00,
    0x00, 0x18, 0x20, 0x00, 0xFF, 0x35, 0x00, 0x1A, 0x37, 0x00, 0xFF, 0x5E, 0x00, 0x1B, 0x47, 0x00,
    0xFF, 0x1F, 0xFF, 0x00, 0x00, 0x1C, 0x25, 0x00, 0xFF, 0x1E, 0xFF, 0xFF, 0x88, 0x0F, 0x14, 0x01,
    0xF2, 0x20, 0xFF, 0xEC, 0x14, 0x02, 0xEB, 0x20, 0xFF, 0xEC, 0x14, 0x00, 0xDA, 0x20, 0xFF, 0xF1,
    0xFF, 0x00, 0x88, 0x02, 0x14, 0x01, 0xF2, 0x20, 0xFF, 0xEC, 0x14, 0x03, 0xEB, 0x20, 0xFF, 0xEC,
    0x14, 0x00, 0xDA, 0x20, 0xFF, 0xF1, 0xFF, 0x00, 0x88, 0x02, 0x14, 0x01, 0xF2, 0x20, 0xFF, 0xEC,
    0x14, 0x00, 0xDA, 0x20, 0xFF, 0xF1, 0x14, 0x04, 0xE6, 0x20, 0xFF, 0xEC, 0xFF, 0x00, 0x88, 0x05,
    0x14, 0x01, 0xF2, 0x20, 0xFF, 0xEC, 0x14, 0x05, 0xDE, 0x20, 0xFF, 0xEB, 0xFF, 0x00, 0x14, 0x01,
    0xF2, 0x20, 0xFF, 0xEC, 0x14, 0x06, 0xD8, 0x20, 0xFF, 0xEF, 0xFF, 0x00, 0x14, 0x01, 0xF2, 0x20,
    0xFF, 0xEC, 0x14, 0x06, 0xD8, 0x20, 0xFF, 0xEF, 0xFF, 0x00, 0x14, 0x01, 0xF2, 0x20, 0xFF, 0xEC,
    0x14, 0x06, 0xD8, 0x20, 0xFF, 0xEF, 0xFF, 0x00, 0x94, 0x05, 0x14, 0x01, 0xF2, 0x20, 0xFF, 0xEC,
    0x14, 0x06, 0xD8, 0x20, 0xFF, 0xEF, 0x14, 0x19, 0x9C, 0x20, 0xFF, 0xEC, 0xFF, 0x00, 0x14, 0x01,
    0xF2, 0x20, 0xFF, 0xEC, 0x14, 0x06, 0xD8, 0x20, 0xFF, 0xEF, 0x14, 0x1A, 0x9C, 0x20, 0xFF, 0xF1,
    0xFF, 0x00, 0x14, 0x01, 0xF2, 0x20, 0xFF, 0xEC, 0x14, 0x06, 0xD8, 0x20, 0xFF, 0xEF, 0x14, 0x1B,
    0x9C, 0x20, 0xFF, 0xF7, 0xFF, 0x00, 0x14, 0x01, 0xF2, 0x20, 0xFF, 0xEC, 0x14, 0x06, 0xD8, 0x20,
    0xFF, 0xEF, 0x14, 0x19, 0x9C, 0x20, 0xFF, 0xEB, 0xFF, 0x00, 0x14, 0x01, 0xF2, 0x20, 0xFF, 0xEC,
    0x14, 0x06, 0xD8, 0x20, 0xFF, 0xEF, 0x14, 0x1B, 0x9C, 0x20, 0xFF, 0xF7, 0xFF, 0xFE, 0x14, 0x01,
    0xF2, 0x20, 0xFF, 0xEC, 0x14, 0x00, 0xDA, 0x20, 0xFF, 0xF1, 0x14, 0x04, 0xE6, 0x20, 0xFF, 0xEC,
    0xFF, 0x00, 0x88, 0x0A, 0x14, 0x01, 0xF2, 0x20, 0xFF, 0xEC, 0x14, 0x02, 0xEB, 0x20, 0xFF, 0xEC,
    0x14, 0x00, 0xDA, 0x20, 0xFF, 0xF1, 0xFF, 0xFF, 0x14, 0x07, 0xF3, 0x20, 0x00, 0x65, 0x14, 0x0A,
    0xEF, 0x20, 0xFF, 0x84, 0x14, 0x0D, 0xFE, 0x20, 0x00, 0x44, 0x14, 0x0E, 0xFC, 0x20, 0xFF, 0xAA,
    0x14, 0x10, 0x03, 0x20, 0x00, 0x29, 0x14, 0x11, 0x01, 0x20, 0xFF, 0xC5, 0x14, 0x14, 0x26, 0x20,
    0x00, 0x4D, 0x14, 0x15, 0x27, 0x20, 0xFF, 0x9F, 0x14, 0x16, 0x17, 0x20, 0x00, 0x2A, 0x14, 0x18,
    0x19, 0x20, 0xFF, 0xC5, 0xFF, 0x00, 0x14, 0x08, 0xF2, 0x20, 0x00, 0x63, 0x14, 0x0B, 0xEC, 0x20,
    0xFF, 0x84, 0x14, 0x0E, 0xFD, 0x20, 0x00, 0x42, 0x14, 0x0F, 0xFB, 0x20, 0xFF, 0xAB, 0x14, 0x11,
    0x01, 0x20, 0x00, 0x28, 0x14, 0x12, 0x00, 0x20, 0xFF, 0xC6, 0x14, 0x13, 0x26, 0x20, 0xFF, 0x9F,
    0x14, 0x15, 0x27, 0x20, 0x00, 0x4D, 0x14, 0x17, 0x16, 0x20, 0x00, 0x2A, 0x14, 0x16, 0x17, 0x20,
    0xFF, 0xC5, 0xFF, 0x00, 0x84, 0x00, 0x00, 0x00, 0x27, 0x38, 0x14, 0x09, 0xEF, 0x20, 0x00, 0x65,
    0x14, 0x0C, 0xF3, 0x20, 0xFF, 0x84, 0x14, 0x0F, 0xFC, 0x20, 0x00, 0x44, 0x14, 0x0D, 0xFD, 0x20,
    0xFF, 0xAC, 0x14, 0x12, 0x00, 0x20, 0x00, 0x29, 0x14, 0x10, 0x03, 0x20, 0xFF, 0xC5, 0x14, 0x13,
    0x26, 0x20, 0x00, 0x4D, 0x14, 0x14, 0x26, 0x20, 0xFF, 0x9F, 0x14, 0x18, 0x19, 0x20, 0x00, 0x2A,
    0x14, 0x17, 0x16, 0x20, 0xFF, 0xC5, 0xFF, 0xFF, 0x84, 0x00, 0x00, 0x00, 0x27, 0xF8, 0x14, 0x01,
    0xF2, 0x20, 0xFF, 0xEC, 0x14, 0x02, 0xEB, 0x20, 0xFF, 0xEC, 0x14, 0x00, 0xDA, 0x20, 0xFF, 0xF1,
    0xFF, 0x00, 0x14, 0x01, 0xF2, 0x20, 0xFF, 0xEC, 0x14, 0x06, 0xD8, 0x20, 0xFF, 0xEF, 0xFF, 0x00,
    0x14, 0x1E, 0xB5, 0x20, 0xFF, 0xE6, 0x14, 0x1D, 0xA8, 0x20, 0xFF, 0xED, 0x14, 0x1C, 0x9C, 0x20,
    0xFF, 0xF1, 0x14, 0x24, 0xE5, 0x20, 0xFF, 0xEF, 0x14, 0x25, 0x07, 0x20, 0xFF, 0xEB, 0xFF, 0x00,
    0x14, 0x20, 0xD3, 0x20, 0xFF, 0xEB, 0x14, 0x1F, 0x9C, 0x20, 0xFF, 0xE6, 0x14, 0x24, 0xE5, 0x20,
    0xFF, 0xEF, 0x14, 0x25, 0x07, 0x20, 0xFF, 0xEB, 0xFF, 0x00, 0x14, 0x23, 0xC9, 0x20, 0xFF, 0xED,
    0x14, 0x22, 0xB4, 0x20, 0xFF, 0xFB, 0x14, 0x21, 0x9C, 0x20, 0x00, 0x06, 0x14, 0x24, 0xE5, 0x20,
    0xFF, 0xEF, 0x14, 0x25, 0x07, 0x20, 0xFF, 0xEB, 0xFF, 0x00, 0x14, 0x20, 0xD3, 0x20, 0xFF, 0xEB,
    0x14, 0x1F, 0x9C, 0x20, 0xFF, 0xE6, 0x14, 0x24, 0xE5, 0x20, 0xFF, 0xEF, 0x14, 0x25, 0x07, 0x20,
    0xFF, 0xEB, 0xFF, 0x00, 0x14, 0x1E, 0xB5, 0x20, 0xFF, 0xE6, 0x14, 0x1D, 0xA8, 0x20, 0xFF, 0xED,
    0x14, 0x1C, 0x9C, 0x20, 0xFF, 0xF1, 0x14, 0x24, 0xE5, 0x20, 0xFF, 0xEF, 0x14, 0x25, 0x07, 0x20,
    0xFF, 0xEB, 0xFF, 0x00, 0x14, 0x23, 0xC9, 0x20, 0xFF, 0xED, 0x14, 0x22, 0xB4, 0x20, 0xFF, 0xFB,
    0x14, 0x21, 0x9C, 0x20, 0x00, 0x06, 0x14, 0x24, 0xE5, 0x20, 0xFF, 0xEF, 0x14, 0x25, 0x07, 0x20,
    0xFF, 0xEB, 0xFF, 0x00, 0x14, 0x20, 0xD3, 0x20, 0xFF, 0xEB, 0x14, 0x1F, 0x9C, 0x20, 0xFF, 0xE6,
    0x14, 0x24, 0xE5, 0x20, 0xFF, 0xEF, 0x14, 0x25, 0x07, 0x20, 0xFF, 0xEB, 0xFF, 0x00, 0x14, 0x26,
    0xFE, 0x20, 0xFF, 0xEC, 0x14, 0x24, 0xDD, 0x20, 0xFF, 0xEF, 0x14, 0x27, 0xCD, 0x20, 0xFF, 0xED,
    0xFF, 0x00, 0x14, 0x26, 0xFA, 0x20, 0xFF, 0xEC, 0x14, 0x24, 0xD9, 0x20, 0xFF, 0xEF, 0x14, 0x27,
    0xC9, 0x20, 0xFF, 0xED, 0xFF, 0x00, 0x14, 0x26, 0xF2, 0x20, 0xFF, 0xEC, 0x14, 0x24, 0xD1, 0x20,
    0xFF, 0xEF, 0x14, 0x27, 0xC1, 0x20, 0xFF, 0xED, 0xFF, 0x00, 0x14, 0x26, 0xE2, 0x20, 0xFF, 0xEC,
    0x14, 0x24, 0xC1, 0x20, 0xFF, 0xEF, 0x14, 0x27, 0xB1, 0x20, 0xFF, 0xED, 0xFF, 0x00, 0x14, 0x26,
    0xD2, 0x20, 0xFF, 0xEC, 0x14, 0x24, 0xB1, 0x20, 0xFF, 0xEF, 0x14, 0x27, 0xA1, 0x20, 0xFF, 0xED,
    0xFF, 0x00, 0x14, 0x26, 0xBD, 0x20, 0xFF, 0xEC, 0x14, 0x24, 0x9C, 0x20, 0xFF, 0xEF, 0xFF, 0x00,
    0x14, 0x26, 0x9C, 0x20, 0xFF, 0xEC, 0xFF, 0xFF, 0x14, 0x29, 0xE9, 0x20, 0xFF, 0xF3, 0x14, 0x28,
    0x02, 0x20, 0xFF, 0xE7, 0xFF, 0x00, 0x14, 0x2A, 0xE1, 0x20, 0xFF, 0xE8, 0xFF, 0x00, 0x14, 0x2B,
    0xDD, 0x20, 0xFF, 0xEA, 0xFF, 0x00, 0x14, 0x2C, 0xDB, 0x20, 0xFF, 0xEC, 0xFF, 0x00, 0x14, 0x2D,
    0xDA, 0x20, 0xFF, 0xEE, 0xFF, 0x00, 0x14, 0x2E, 0xD8, 0x20, 0xFF, 0xEE, 0xFF, 0x00, 0x14, 0x2F,
    0xD6, 0x20, 0xFF, 0xEF, 0xFF, 0x00, 0x14, 0x30, 0xD4, 0x20, 0xFF, 0xEF, 0xFF, 0x00, 0x14, 0x31,
    0xD2, 0x20, 0xFF, 0xF0, 0xFF, 0x00, 0x14, 0x32, 0xD2, 0x20, 0xFF, 0xF1, 0xFF, 0x00, 0x14, 0x33,
    0xD1, 0x20, 0xFF, 0xF2, 0xFF, 0x00, 0x14, 0x34, 0xD1, 0x20, 0xFF, 0xF2, 0xFF, 0x00, 0x14, 0x35,
    0xD0, 0x20, 0xFF, 0xF3, 0xFF, 0x00, 0x14, 0x36, 0xCE, 0x20, 0xFF, 0xF6, 0xFF, 0xFF, 0x10, 0x02,
    0x5D, 0x00, 0xFF, 0xE3, 0x10, 0x23, 0xB0, 0x10, 0xFF, 0xE5, 0xFF, 0x00, 0x10, 0x01, 0x57, 0x00,
    0xFF, 0xE4, 0x10, 0x23, 0xB0, 0x10, 0xFF, 0xE5, 0xFF, 0x00, 0x10, 0x02, 0x55, 0x00, 0xFF, 0xE4,
    0x10, 0x23, 0xB0, 0x00, 0xFF, 0xE5, 0xFF, 0x00, 0x10, 0x00, 0x4E, 0x00, 0xFF, 0xE4, 0x10, 0x23,
    0xB0, 0x00, 0xFF, 0xE5, 0xFF, 0x00, 0x10, 0x02, 0x4A, 0x00, 0xFF, 0xE4, 0xFF, 0x00, 0x10, 0x01,
    0x42, 0x00, 0xFF, 0xE4, 0xFF, 0x00, 0x10, 0x02, 0x3D, 0x00, 0xFF, 0xE4, 0x10, 0x23, 0xB0, 0x00,
    0xFF, 0xE5, 0xFF, 0x00, 0x10, 0x00, 0x35, 0x00, 0xFF, 0xE4, 0xFF, 0x00, 0x10, 0x02, 0x30, 0x00,
    0xFF, 0xE4, 0xFF, 0x00, 0x10, 0x01, 0x27, 0x00, 0xFF, 0xE4, 0xFF, 0x00, 0x10, 0x02, 0x22, 0x00,
    0xFF, 0xE4, 0xFF, 0x00, 0x10, 0x00, 0x19, 0x00, 0xFF, 0xE4, 0xFF, 0x00, 0x10, 0x02, 0x12, 0x00,
    0xFF, 0xE4, 0xFF, 0x00, 0x10, 0x01, 0x0A, 0x00, 0xFF, 0xE4, 0xFF, 0x00, 0x10, 0x02, 0x04, 0x00,
    0xFF, 0xE4, 0xFF, 0x00, 0x10, 0x00, 0xFC, 0x00, 0xFF, 0xE4, 0xFF, 0x00, 0x10, 0x02, 0xF7, 0x00,
    0xFF, 0xE4, 0xFF, 0x00, 0x10, 0x02, 0xF3, 0x00, 0xFF, 0xE3, 0xFF, 0x00, 0x10, 0x03, 0xF2, 0x00,
    0xFF, 0xE4, 0xFF, 0x00, 0x10, 0x04, 0xF1, 0x00, 0xFF, 0xE5, 0xFF, 0x00, 0x10, 0x05, 0xF0, 0x00,
    0xFF, 0xE6, 0xFF, 0x00, 0x10, 0x06, 0xEF, 0x00, 0xFF, 0xE8, 0xFF, 0x00, 0x10, 0x07, 0xF1, 0x00,
    0xFF, 0xE6, 0xFF, 0x00, 0x10, 0x08, 0xF1, 0x00, 0xFF, 0xE5, 0xFF, 0x00, 0x10, 0x09, 0xF2, 0x00,
    0xFF, 0xE4, 0xFF, 0x00, 0x88, 0x0F, 0x10, 0x0A, 0xF4, 0x00, 0xFF, 0xE3, 0xFF, 0xFF, 0xB4, 0x00,
    0x00, 0x00, 0x07, 0x88, 0x08, 0x00, 0x1D, 0x00, 0xFF, 0xEF, 0xFF, 0x00, 0xB4, 0x00, 0x00, 0x00,
    0x07, 0x88, 0x08, 0x04, 0x19, 0x00, 0xFF, 0xEE, 0x08, 0x02, 0x06, 0x00, 0xFF, 0xE3, 0x08, 0x01,
    0xFB, 0x00, 0xFF, 0xE6, 0x08, 0x03, 0x0D, 0x00, 0x00, 0x02, 0xFF, 0x00, 0xB4, 0x00, 0x00, 0x00,
    0x07, 0x88, 0x08, 0x07, 0xF7, 0x00, 0xFF, 0xF0, 0x08, 0x06, 0xF7, 0x00, 0xFF, 0xDE, 0x08, 0x05,
    0xEB, 0x00, 0xFF, 0xE3, 0x08, 0x08, 0x18, 0x00, 0xFF, 0xE9, 0xFF, 0x00, 0xB4, 0x00, 0x00, 0x00,
    0x07, 0x88, 0x08, 0x0C, 0x0B, 0x00, 0xFF, 0xF2, 0x08, 0x0B, 0x20, 0x00, 0xFF, 0xE7, 0x08, 0x0A,
    0xF5, 0x00, 0xFF, 0xDA, 0x08, 0x09, 0xDA, 0x00, 0xFF, 0xDA, 0x08, 0x0E, 0x33, 0x00, 0x00, 0x0E,
    0xFF, 0x00, 0xB4, 0x00, 0x00, 0x00, 0x07, 0x88, 0x08, 0x0F, 0x32, 0x00, 0x00, 0x10, 0x08, 0x0F,
    0xC8, 0x00, 0xFF, 0xE5, 0x08, 0x0F, 0xD5, 0x00, 0xFF, 0xD9, 0x08, 0x0F, 0xE8, 0x00, 0xFF, 0xCF,
    0x08, 0x0F, 0xE9, 0x00, 0xFF, 0xE5, 0x08, 0x0F, 0xDF, 0x00, 0xFF, 0xF6, 0x08, 0x0F, 0xEF, 0x00,
    0x00, 0x01, 0x08, 0x0F, 0xF4, 0x00, 0x00, 0x0F, 0x08, 0x0F, 0xFC, 0x00, 0x00, 0x0D, 0x08, 0x0F,
    0x05, 0x00, 0xFF, 0xFD, 0x08, 0x0F, 0x03, 0x00, 0xFF, 0xF6, 0x08, 0x0F, 0x05, 0x00, 0xFF, 0xEE,
    0x08, 0x0F, 0x1E, 0x00, 0xFF, 0xE9, 0x08, 0x0F, 0x1C, 0x00, 0x00, 0x07, 0x08, 0x0F, 0x34, 0x00,
    0xFF, 0xDD, 0xFF, 0x00, 0xB4, 0x00, 0x00, 0x00, 0x07, 0x88, 0x08, 0x0F, 0xBE, 0x00, 0xFF, 0xF0,
    0x08, 0x0F, 0xCD, 0x00, 0xFF, 0xDA, 0x08, 0x0F, 0xE0, 0x00, 0xFF, 0xCD, 0x08, 0x0F, 0xE4, 0x00,
    0xFF, 0xE3, 0x08, 0x0F, 0xD8, 0x00, 0xFF, 0xF6, 0x08, 0x0F, 0xE8, 0x00, 0x00, 0x02, 0x08, 0x0F,
    0xEE, 0x00, 0x00, 0x10, 0x08, 0x0F, 0xF6, 0x00, 0x00, 0x0E, 0x08, 0x0F, 0xFE, 0x00, 0xFF, 0xFE,
    0x08, 0x0F, 0xFB, 0x00, 0xFF, 0xF6, 0x08, 0x0F, 0xFE, 0x00, 0xFF, 0xEC, 0x08, 0x0F, 0x1A, 0x00,
    0xFF, 0xE7, 0x08, 0x0F, 0x18, 0x00, 0x00, 0x0A, 0x08, 0x0F, 0x31, 0x00, 0x00, 0x14, 0x08, 0x0F,
    0x34, 0x00, 0xFF, 0xD6, 0xFF, 0x00, 0xB4, 0x00, 0x00, 0x00, 0x07, 0x88, 0x08, 0x0F, 0xB2, 0x00,
    0xFF, 0xFC, 0x08, 0x0F, 0xC4, 0x00, 0xFF, 0xDB, 0x08, 0x0F, 0xD8, 0x00, 0xFF, 0xCC, 0x08, 0x0F,
    0xDD, 0x00, 0xFF, 0xE1, 0x08, 0x0F, 0xCF, 0x00, 0xFF, 0xF5, 0x08, 0x0F, 0xE3, 0x00, 0x00, 0x02,
    0x08, 0x0F, 0xE7, 0x00, 0x00, 0x10, 0x08, 0x0F, 0xF3, 0x00, 0x00, 0x0E, 0x08, 0x0F, 0xF7, 0x00,
    0xFF, 0xFD, 0x08, 0x0F, 0xF4, 0x00, 0xFF, 0xF4, 0x08, 0x0F, 0xF6, 0x00, 0xFF, 0xEA, 0x08, 0x0F,
    0x17, 0x00, 0xFF, 0xE6, 0x08, 0x0F, 0x13, 0x00, 0x00, 0x0C, 0x08, 0x0F, 0x31, 0x00, 0x00, 0x18,
    0x08, 0x0F, 0x33, 0x00, 0xFF, 0xD2, 0xFF, 0x00, 0xB4, 0x00, 0x00, 0x00, 0x07, 0x88, 0x08, 0x0F,
    0xAC, 0x00, 0x00, 0x04, 0x08, 0x0F, 0xBF, 0x00, 0xFF, 0xDC, 0x08, 0x0F, 0xD2, 0x00, 0xFF, 0xCA,
    0x08, 0x0F, 0xDA, 0x00, 0xFF, 0xE0, 0x08, 0x0F, 0xCB, 0x00, 0xFF, 0xF5, 0x08, 0x0F, 0xE1, 0x00,
    0x00, 0x02, 0x08, 0x0F, 0xE5, 0x00, 0x00, 0x10, 0x08, 0x0F, 0xEF, 0x00, 0x00, 0x0E, 0x08, 0x0F,
    0xF4, 0x00, 0xFF, 0xFD, 0x08, 0x0F, 0xF2, 0x00, 0xFF, 0xF4, 0x08, 0x0F, 0xF2, 0x00, 0xFF, 0xE9,
    0x08, 0x0F, 0x15, 0x00, 0xFF, 0xE4, 0x08, 0x0F, 0x11, 0x00, 0x00, 0x0D, 0x08, 0x0F, 0x30, 0x00,
    0x00, 0x1B, 0x08, 0x0F, 0x33, 0x00, 0xFF, 0xCF, 0xFF, 0x00, 0x88, 0x28, 0x08, 0x0F, 0xAA, 0x00,
    0x00, 0x0A, 0x08, 0x0F, 0xBB, 0x00, 0xFF, 0xDE, 0x08, 0x0F, 0xCE, 0x00, 0xFF, 0xCB, 0x08, 0x0F,
    0xD7, 0x00, 0xFF, 0xDF, 0x08, 0x0F, 0xC8, 0x00, 0xFF, 0xF5, 0x08, 0x0F, 0xDD, 0x00, 0x00, 0x02,
    0x08, 0x0F, 0xE2, 0x00, 0x00, 0x10, 0x08, 0x0F, 0xEB, 0x00, 0x00, 0x0E, 0x08, 0x0F, 0xF1, 0x00,
    0xFF, 0xFE, 0x08, 0x0F, 0xEF, 0x00, 0xFF, 0xF4, 0x08, 0x0F, 0xF0, 0x00, 0xFF, 0xE9, 0x08, 0x0F,
    0x13, 0x00, 0xFF, 0xE5, 0x08, 0x0F, 0x0F, 0x00, 0x00, 0x0F, 0x08, 0x0F, 0x30, 0x00, 0x00, 0x1D,
    0x08, 0x0F, 0x34, 0x00, 0xFF, 0xCD, 0xFF, 0x00, 0xB4, 0x00, 0x00, 0x00, 0x07, 0x7E, 0x88, 0x05,
    0x08, 0x0F, 0xAA, 0x00, 0x00, 0x0A, 0x08, 0x0F, 0xBB, 0x00, 0xFF, 0xDE, 0x08, 0x0F, 0xCE, 0x00,
    0xFF, 0xCB, 0x08, 0x0F, 0xD7, 0x00, 0xFF, 0xDF, 0x08, 0x0F, 0xC8, 0x00, 0xFF, 0xF5, 0x08, 0x0F,
    0xDD, 0x00, 0x00, 0x02, 0x08, 0x0F, 0xE2, 0x00, 0x00, 0x10, 0x08, 0x0F, 0xEB, 0x00, 0x00, 0x0E,
    0x08, 0x0F, 0xF1, 0x00, 0xFF, 0xFE, 0x08, 0x0F, 0xEF, 0x00, 0xFF, 0xF4, 0x08, 0x0F, 0xF0, 0x00,
    0xFF, 0xE9, 0x08, 0x0F, 0x13, 0x00, 0xFF, 0xE5, 0x08, 0x0F, 0x0F, 0x00, 0x00, 0x0F, 0x08, 0x0F,
    0x30, 0x00, 0x00, 0x1D, 0x08, 0x0F, 0x34, 0x00, 0xFF, 0xCD, 0xFF, 0x00, 0x88, 0x28, 0x08, 0x10,
    0xAA, 0x00, 0xFF, 0xE0, 0x08, 0x11, 0xCA, 0x00, 0xFF, 0xCA, 0x08, 0x12, 0xBE, 0x00, 0xFF, 0xD3,
    0x08, 0x13, 0xC4, 0x00, 0xFF, 0xE0, 0x08, 0x14, 0xE2, 0x00, 0x00, 0x0C, 0x08, 0x15, 0xF6, 0x00,
    0xFF, 0xD9, 0x08, 0x16, 0x17, 0x00, 0xFF, 0xD2, 0x08, 0x17, 0x2E, 0x00, 0xFF, 0xCC, 0x08, 0x18,
    0x2E, 0x00, 0x00, 0x1B, 0xFF, 0xFF, 0x00, 0x00, 0x00, 0x00, 0x00, 0x00, 0x00, 0x00, 0x00, 0x00,
    0x00, 0x00, 0x00, 0x00, 0x00, 0x00, 0x00, 0x00, 0x00, 0x00, 0x00, 0x00, 0x00, 0x00, 0x00, 0x00,
    0x45, 0x3E, 0x45, 0x42, 0x43, 0x44, 0x45, 0x46, 0x45, 0x45, 0x45, 0x45, 0x41, 0x45, 0x40, 0x47,
    0x34, 0x35, 0x36, 0x37, 0x38, 0x39, 0x3A, 0x3B, 0x3C, 0x3D, 0x45, 0x45, 0x45, 0x45, 0x45, 0x45,
    0x45, 0x00, 0x01, 0x02, 0x03, 0x04, 0x05, 0x06, 0x07, 0x08, 0x09, 0x0A, 0x0B, 0x0C, 0x0D, 0x0E,
    0x0F, 0x10, 0x11, 0x12, 0x13, 0x14, 0x15, 0x16, 0x17, 0x18, 0x19, 0x45, 0x47, 0x45, 0x45, 0x45,
    0x45, 0x1A, 0x1B, 0x1C, 0x1D, 0x1E, 0x1F, 0x20, 0x21, 0x22, 0x23, 0x24, 0x25, 0x26, 0x27, 0x28,
    0x29, 0x2A, 0x2B, 0x2C, 0x2D, 0x2E, 0x2F, 0x30, 0x31, 0x32, 0x33, 0x45, 0x45, 0x45, 0x45, 0x00,
    0x00, 0x00, 0x00, 0x01, 0x00, 0x01, 0x00, 0x05, 0x00, 0x19, 0x00, 0x20, 0x01, 0x40, 0x00, 0xC8,
    0x00, 0x20, 0x00, 0x19, 0x00, 0x22, 0x00, 0x00, 0x00, 0x22, 0x00, 0x22, 0x00, 0x00, 0x00, 0x00,
    0x2F, 0x3E, 0x00, 0x00, 0x00, 0x55, 0x00, 0x03, 0x00, 0x00, 0x00, 0x00, 0x00, 0x00, 0x2F, 0x5B,
    0x00, 0x00, 0x00, 0x55, 0x00, 0x03, 0x00, 0x00, 0x2E, 0x7A, 0x00, 0x00, 0x2F, 0xAE, 0x00, 0x00,
    0x00, 0x69, 0x00, 0x03, 0x00, 0x00, 0x00, 0x00, 0x00, 0x00, 0x2F, 0x7B, 0x00, 0x00, 0x00, 0x4B,
    0x00, 0x03, 0x00, 0x00, 0x2E, 0x96, 0x00, 0x00, 0x2F, 0xAE, 0x00, 0x00, 0x00, 0x5F, 0x00, 0x03,
    0x00, 0x00, 0x2E, 0xA4, 0x00, 0x00, 0x2F, 0xE6, 0x00, 0x00, 0x00, 0x73, 0x00, 0x03, 0x00, 0x00,
    0x00, 0x00, 0x00, 0x00, 0x2F, 0x70, 0x00, 0x00, 0x00, 0x4B, 0x00, 0x03, 0x00, 0x00, 0x2E, 0xC0,
    0x00, 0x00, 0x2F, 0xAE, 0x00, 0x00, 0x00, 0x5F, 0x00, 0x03, 0x00, 0x00, 0x2E, 0xCE, 0x00, 0x00,
    0x2F, 0xC9, 0x00, 0x00, 0x00, 0x73, 0x00, 0x03, 0x00, 0x00, 0x00, 0x00, 0x00, 0x00, 0x2F, 0x89,
    0x00, 0x00, 0x00, 0x55, 0x00, 0x03, 0x00, 0x00, 0x2E, 0xEA, 0x00, 0x00, 0x2F, 0xD7, 0x00, 0x00,
    0x00, 0x69, 0x00, 0x03, 0x00, 0x00, 0x00, 0x00, 0x00, 0x00, 0x2F, 0x66, 0x00, 0x00, 0x00, 0x4B,
    0x00, 0x03, 0x00, 0x00, 0x2F, 0x06, 0x00, 0x00, 0x2F, 0xAE, 0x00, 0x00, 0x00, 0x5F, 0x00, 0x03,
    0x00, 0x00, 0x2F, 0x14, 0x00, 0x00, 0x2F, 0xBB, 0x00, 0x00, 0x00, 0x73, 0x00, 0x03, 0x00, 0x00,
    0x00, 0x00, 0x00, 0x00, 0x2F, 0x9C, 0x00, 0x00, 0x00, 0x55, 0x00, 0x03, 0x00, 0x00, 0x2F, 0x30,
    0x00, 0x00, 0x2F, 0xF2, 0x00, 0x00, 0x00, 0x69, 0x00, 0x03, 0x00, 0x00, 0x00, 0x00, 0x4D, 0x4F,
    0x4F, 0x4E, 0x53, 0x54, 0x4F, 0x4E, 0x45, 0x00, 0x4D, 0x69, 0x6E, 0x64, 0x73, 0x63, 0x61, 0x70,
    0x65, 0x00, 0x70, 0x72, 0x65, 0x73, 0x65, 0x6E, 0x74, 0x73, 0x00, 0x63, 0x72, 0x65, 0x61, 0x74,
    0x65, 0x64, 0x20, 0x62, 0x79, 0x00, 0x44, 0x65, 0x73, 0x69, 0x67, 0x6E, 0x20, 0x62, 0x79, 0x00,
    0x41, 0x72, 0x74, 0x77, 0x6F, 0x72, 0x6B, 0x20, 0x62, 0x79, 0x00, 0x50, 0x72, 0x6F, 0x67, 0x72,
    0x61, 0x6D, 0x6D, 0x65, 0x64, 0x20, 0x62, 0x79, 0x00, 0x4D, 0x75, 0x73, 0x69, 0x63, 0x20, 0x61,
    0x6E, 0x64, 0x20, 0x53, 0x6F, 0x75, 0x6E, 0x64, 0x20, 0x62, 0x79, 0x00, 0x41, 0x64, 0x64, 0x69,
    0x74, 0x69, 0x6F, 0x6E, 0x61, 0x6C, 0x20, 0x41, 0x72, 0x74, 0x20, 0x62, 0x79, 0x00, 0x52, 0x6F,
    0x62, 0x20, 0x41, 0x6E, 0x64, 0x65, 0x72, 0x73, 0x6F, 0x6E, 0x00, 0x54, 0x6F, 0x64, 0x64, 0x20,
    0x50, 0x72, 0x65, 0x73, 0x63, 0x6F, 0x74, 0x74, 0x00, 0x44, 0x65, 0x6E, 0x6E, 0x69, 0x73, 0x20,
    0x54, 0x75, 0x72, 0x6E, 0x65, 0x72, 0x00, 0x52, 0x69, 0x63, 0x68, 0x61, 0x72, 0x64, 0x20, 0x4A,
    0x6F, 0x73, 0x65, 0x70, 0x68, 0x00, 0x4B, 0x65, 0x76, 0x69, 0x6E, 0x20, 0x48, 0x6F, 0x61, 0x72,
    0x65, 0x00, 0x53, 0x74, 0x65, 0x76, 0x65, 0x20, 0x4C, 0x65, 0x6E, 0x65, 0x79, 0x00, 0x00, 0x00,
};
static const IxReloc ix_program_h2_rel[84] = {
    { 0x00004, 2 },
    { 0x0000E, 2 },
    { 0x00012, 2 },
    { 0x0001C, 2 },
    { 0x00020, 2 },
    { 0x0002A, 2 },
    { 0x0002E, 2 },
    { 0x00078, 2 },
    { 0x00082, 2 },
    { 0x00086, 2 },
    { 0x00090, 2 },
    { 0x00094, 2 },
    { 0x0009E, 2 },
    { 0x000A2, 2 },
    { 0x000AC, 2 },
    { 0x000B0, 2 },
    { 0x000BA, 2 },
    { 0x000BE, 2 },
    { 0x000CC, 2 },
    { 0x000D6, 2 },
    { 0x000DA, 2 },
    { 0x000E4, 2 },
    { 0x000E8, 2 },
    { 0x000F2, 2 },
    { 0x000F6, 2 },
    { 0x00100, 2 },
    { 0x00104, 2 },
    { 0x006F6, 0 },
    { 0x00856, 0 },
    { 0x00A86, 0 },
    { 0x00C18, 0 },
    { 0x00CF4, 0 },
    { 0x00EAE, 0 },
    { 0x00FD4, 0 },
    { 0x010C2, 0 },
    { 0x01162, 0 },
    { 0x01230, 0 },
    { 0x0133E, 0 },
    { 0x01354, 0 },
    { 0x01B42, 2 },
    { 0x01B68, 2 },
    { 0x01B94, 2 },
    { 0x01D96, 2 },
    { 0x01F18, 2 },
    { 0x02066, 2 },
    { 0x0217A, 2 },
    { 0x02250, 0 },
    { 0x02298, 0 },
    { 0x027B6, 2 },
    { 0x027FA, 2 },
    { 0x02AD0, 31 },
    { 0x02ADE, 31 },
    { 0x02AFE, 31 },
    { 0x02B1E, 31 },
    { 0x02B44, 31 },
    { 0x02BA6, 31 },
    { 0x02C08, 31 },
    { 0x02C6A, 31 },
    { 0x02D2A, 31 },
    { 0x02E5E, 2 },
    { 0x02E6C, 2 },
    { 0x02E76, 2 },
    { 0x02E7A, 2 },
    { 0x02E88, 2 },
    { 0x02E92, 2 },
    { 0x02E96, 2 },
    { 0x02EA0, 2 },
    { 0x02EA4, 2 },
    { 0x02EB2, 2 },
    { 0x02EBC, 2 },
    { 0x02EC0, 2 },
    { 0x02ECA, 2 },
    { 0x02ECE, 2 },
    { 0x02EDC, 2 },
    { 0x02EE6, 2 },
    { 0x02EEA, 2 },
    { 0x02EF8, 2 },
    { 0x02F02, 2 },
    { 0x02F06, 2 },
    { 0x02F10, 2 },
    { 0x02F14, 2 },
    { 0x02F22, 2 },
    { 0x02F2C, 2 },
    { 0x02F30, 2 },
};


static const uint8_t ix_program_h4[1156] = {
    0x23, 0xC8, 0x00, 0x00, 0x00, 0x5E, 0x23, 0xF8, 0x03, 0xF0, 0x00, 0x00, 0x00, 0x02, 0x23, 0xF8,
    0x03, 0xF4, 0x00, 0x00, 0x00, 0x18, 0x23, 0xF8, 0x03, 0xF8, 0x00, 0x00, 0x00, 0x06, 0x33, 0xF8,
    0x03, 0xFE, 0x00, 0x00, 0x00, 0x00, 0x20, 0x39, 0x00, 0x00, 0x00, 0x06, 0x04, 0x80, 0x00, 0x00,
    0x7D, 0x00, 0x23, 0xC0, 0x00, 0x00, 0x00, 0x5A, 0x04, 0x80, 0x00, 0x00, 0x03, 0x20, 0x23, 0xC0,
    0x00, 0x00, 0x00, 0x56, 0x04, 0x80, 0x00, 0x00, 0x03, 0x20, 0x23, 0xC0, 0x00, 0x00, 0x00, 0x52,
    0x04, 0x80, 0x00, 0x00, 0x00, 0xC8, 0x23, 0xC0, 0x00, 0x00, 0x00, 0x00, 0x04, 0x80, 0x00, 0x02,
    0xFF, 0x94, 0x23, 0xC0, 0x00, 0x00, 0x00, 0x4E, 0x20, 0x40, 0x3E, 0x3C, 0x3F, 0xF6, 0x42, 0x98,
    0x42, 0x98, 0x42, 0x98, 0x51, 0xCF, 0xFF, 0xF8, 0x70, 0x3C, 0x4E, 0xB9, 0x00, 0x00, 0x06, 0x58,
    0x4E, 0xB9, 0x00, 0x00, 0x01, 0x60, 0x33, 0xFC, 0x03, 0x80, 0x00, 0xDF, 0xF0, 0x96, 0x41, 0xF9,
    0x00, 0x00, 0x00, 0xD0, 0x22, 0x7C, 0x00, 0x00, 0x01, 0x60, 0x24, 0x79, 0x00, 0x00, 0x00, 0x04,
    0x26, 0x4A, 0x14, 0xD8, 0xB3, 0xC8, 0x66, 0xFA, 0x4E, 0xB9, 0x00, 0x00, 0x06, 0xAE, 0x20, 0x3C,
    0x00, 0x00, 0x00, 0xD0, 0x21, 0xC0, 0x00, 0x64, 0x21, 0xC0, 0x00, 0x68, 0x21, 0xC0, 0x00, 0x6C,
    0x21, 0xC0, 0x00, 0x70, 0x21, 0xC0, 0x00, 0x74, 0x21, 0xC0, 0x00, 0x78, 0x54, 0x8B, 0x4E, 0xD3,
    0x4E, 0x73, 0x28, 0x79, 0x00, 0x00, 0x00, 0x1C, 0x2A, 0x79, 0x00, 0x00, 0x00, 0x18, 0x28, 0x39,
    0x00, 0x00, 0x00, 0x02, 0x2C, 0x79, 0x00, 0x00, 0x00, 0x00, 0x24, 0x39, 0x00, 0x00, 0x00, 0x06,
    0x36, 0x39, 0x00, 0x00, 0x00, 0x00, 0x2E, 0x39, 0x00, 0x00, 0x00, 0x08, 0x20, 0x79, 0x00, 0x00,
    0x00, 0x4E, 0x22, 0x79, 0x00, 0x00, 0x00, 0x56, 0x24, 0x79, 0x00, 0x00, 0x00, 0x52, 0x2C, 0x19,
    0x02, 0x86, 0x3F, 0xFF, 0xFF, 0xFF, 0x26, 0x5A, 0x4A, 0x86, 0x67, 0x20, 0x20, 0x0B, 0x90, 0x88,
    0x6C, 0xFA, 0x0C, 0x80, 0xFF, 0xFF, 0xFF, 0xFC, 0x6C, 0xF2, 0x4A, 0x16, 0x67, 0x08, 0x42, 0x9B,
    0x53, 0x86, 0x66, 0xFA, 0x60, 0x06, 0x26, 0xD8, 0x53, 0x86, 0x66, 0xFA, 0x52, 0x8E, 0x53, 0x87,
    0x66, 0xCC, 0x22, 0x3C, 0x00, 0x06, 0xB0, 0x00, 0x22, 0x4C, 0x92, 0x89, 0x4A, 0x43, 0x67, 0x0A,
    0x20, 0x4D, 0x20, 0x02, 0x90, 0x88, 0x24, 0x44, 0x4E, 0xD2, 0x70, 0x00, 0x4E, 0xF8, 0x04, 0x00,
    0x23, 0xF9, 0x00, 0x00, 0x00, 0x4E, 0x00, 0x00, 0x00, 0x24, 0x20, 0x79, 0x00, 0x00, 0x00, 0x5E,
    0x4E, 0xB9, 0x00, 0x00, 0x00, 0x8C, 0x41, 0xF9, 0x00, 0x00, 0x00, 0x00, 0x70, 0x14, 0x4E, 0xB9,
    0x00, 0x00, 0x03, 0x98, 0x20, 0x79, 0x00, 0x00, 0x00, 0x56, 0x20, 0x39, 0x00, 0x00, 0x00, 0x08,
    0xE5, 0x88, 0x4E, 0xB9, 0x00, 0x00, 0x03, 0x98, 0x20, 0x79, 0x00, 0x00, 0x00, 0x52, 0x22, 0x79,
    0x00, 0x00, 0x00, 0x56, 0x20, 0x39, 0x00, 0x00, 0x00, 0x18, 0x24, 0x39, 0x00, 0x00, 0x00, 0x1C,
    0x2E, 0x39, 0x00, 0x00, 0x00, 0x08, 0x53, 0x47, 0x3C, 0x39, 0x00, 0x00, 0x00, 0x20, 0x22, 0x19,
    0x4A, 0x79, 0x00, 0x00, 0x00, 0x00, 0x66, 0x08, 0x08, 0xC1, 0x00, 0x1E, 0x23, 0x41, 0xFF, 0xFC,
    0x08, 0x01, 0x00, 0x1E, 0x67, 0x04, 0x20, 0xC2, 0x60, 0x02, 0x20, 0xC0, 0x4A, 0x46, 0x67, 0x04,
    0x53, 0x46, 0x60, 0x10, 0x08, 0x01, 0x00, 0x1E, 0x67, 0x06, 0xE5, 0x89, 0xD4, 0x81, 0x60, 0x04,
    0xE5, 0x89, 0xD0, 0x81, 0x51, 0xCF, 0xFF, 0xC8, 0x26, 0x79, 0x00, 0x00, 0x00, 0x00, 0x24, 0x79,
    0x00, 0x00, 0x00, 0x56, 0x2E, 0x39, 0x00, 0x00, 0x00, 0x08, 0x53, 0x87, 0x20, 0x1A, 0x42, 0x79,
    0x00, 0x00, 0x00, 0x22, 0x08, 0x00, 0x00, 0x1E, 0x67, 0x08, 0x33, 0xFC, 0x00, 0x01, 0x00, 0x00,
    0x00, 0x22, 0xE5, 0x88, 0x48, 0xE7, 0x01, 0x20, 0x48, 0xE7, 0x80, 0x10, 0x70, 0x04, 0x20, 0x79,
    0x00, 0x00, 0x00, 0x5A, 0x4E, 0xB9, 0x00, 0x00, 0x03, 0x98, 0x4C, 0xDF, 0x08, 0x01, 0x2A, 0x79,
    0x00, 0x00, 0x00, 0x5A, 0x22, 0x15, 0x02, 0x81, 0x0F, 0xFF, 0xFF, 0xFF, 0x42, 0x13, 0x0C, 0x81,
    0x00, 0x00, 0x03, 0xEB, 0x66, 0x06, 0x16, 0xBC, 0x00, 0x01, 0x70, 0x00, 0x52, 0x8B, 0x48, 0xE7,
    0x80, 0x10, 0x70, 0x04, 0x4E, 0xB9, 0x00, 0x00, 0x04, 0xFE, 0x4C, 0xDF, 0x08, 0x01, 0x4A, 0x80,
    0x67, 0x24, 0x20, 0x79, 0x00, 0x00, 0x00, 0x18, 0x4A, 0x79, 0x00, 0x00, 0x00, 0x22, 0x67, 0x06,
    0x20, 0x79, 0x00, 0x00, 0x00, 0x1C, 0x2F, 0x0B, 0x20, 0x79, 0x00, 0x00, 0x00, 0x24, 0x4E, 0xB9,
    0x00, 0x00, 0x03, 0x98, 0x26, 0x5F, 0x4C, 0xDF, 0x04, 0x80, 0x48, 0xE7, 0x01, 0x30, 0x20, 0x79,
    0x00, 0x00, 0x00, 0x5A, 0x70, 0x04, 0x4E, 0xB9, 0x00, 0x00, 0x03, 0x98, 0x4C, 0xDF, 0x0C, 0x80,
    0x2A, 0x79, 0x00, 0x00, 0x00, 0x5A, 0x20, 0x15, 0x0C, 0x80, 0x00, 0x00, 0x03, 0xF2, 0x67, 0x3C,
    0x0C, 0x80, 0x00, 0x00, 0x03, 0xE9, 0x67, 0x78, 0x0C, 0x80, 0x00, 0x00, 0x03, 0xEA, 0x67, 0x70,
    0x0C, 0x80, 0x00, 0x00, 0x03, 0xEB, 0x67, 0x68, 0x0C, 0x80, 0x00, 0x00, 0x03, 0xEC, 0x67, 0x00,
    0x00, 0xCC, 0x0C, 0x80, 0x00, 0x00, 0x03, 0xF0, 0x67, 0x00, 0x01, 0x64, 0x2A, 0x79, 0x00, 0x00,
    0x00, 0x5A, 0x20, 0x15, 0x4E, 0xB9, 0x00, 0x00, 0x01, 0x8A, 0x60, 0xFE, 0x20, 0x2A, 0xFF, 0xFC,
    0xE5, 0x88, 0x4A, 0x79, 0x00, 0x00, 0x00, 0x20, 0x67, 0x08, 0x53, 0x79, 0x00, 0x00, 0x00, 0x20,
    0x60, 0x22, 0x4A, 0x79, 0x00, 0x00, 0x00, 0x22, 0x67, 0x08, 0xD1, 0xB9, 0x00, 0x00, 0x00, 0x1C,
    0x60, 0x06, 0xD1, 0xB9, 0x00, 0x00, 0x00, 0x18, 0x4A, 0x2B, 0xFF, 0xFF, 0x66, 0x06, 0xD1, 0xB9,
    0x00, 0x00, 0x00, 0x24, 0x51, 0xCF, 0xFE, 0xD6, 0x4E, 0xB9, 0x00, 0x00, 0x07, 0x7E, 0x4E, 0x75,
    0x20, 0x2A, 0xFF, 0xFC, 0xE5, 0x88, 0x4A, 0x79, 0x00, 0x00, 0x00, 0x20, 0x67, 0x08, 0x53, 0x79,
    0x00, 0x00, 0x00, 0x20, 0x60, 0x22, 0x4A, 0x79, 0x00, 0x00, 0x00, 0x22, 0x67, 0x08, 0xD1, 0xB9,
    0x00, 0x00, 0x00, 0x1C, 0x60, 0x06, 0xD1, 0xB9, 0x00, 0x00, 0x00, 0x18, 0x4A, 0x2B, 0xFF, 0xFF,
    0x66, 0x06, 0xD1, 0xB9, 0x00, 0x00, 0x00, 0x24, 0x53, 0x47, 0x6D, 0x24, 0x20, 0x1A, 0x42, 0x79,
    0x00, 0x00, 0x00, 0x22, 0x08, 0x00, 0x00, 0x1E, 0x67, 0x08, 0x33, 0xFC, 0x00, 0x01, 0x00, 0x00,
    0x00, 0x22, 0xE5, 0x88, 0x48, 0xE7, 0x01, 0x20, 0x48, 0xE7, 0x80, 0x10, 0x60, 0x00, 0xFE, 0x9C,
    0x51, 0xCF, 0xFE, 0x6A, 0x4E, 0xB9, 0x00, 0x00, 0x07, 0x7E, 0x4E, 0x75, 0x48, 0xE7, 0x01, 0x20,
    0x20, 0x79, 0x00, 0x00, 0x00, 0x5A, 0x70, 0x04, 0x2F, 0x0B, 0x4E, 0xB9, 0x00, 0x00, 0x03, 0x98,
    0x26, 0x5F, 0x2A, 0x79, 0x00, 0x00, 0x00, 0x5A, 0x20, 0x15, 0x4A, 0x80, 0x67, 0x78, 0x2F, 0x00,
    0x20, 0x79, 0x00, 0x00, 0x00, 0x5A, 0x70, 0x04, 0x2F, 0x0B, 0x4E, 0xB9, 0x00, 0x00, 0x03, 0x98,
    0x26, 0x5F, 0x2A, 0x79, 0x00, 0x00, 0x00, 0x5A, 0x20, 0x15, 0xE5, 0x48, 0x28, 0x79, 0x00, 0x00,
    0x00, 0x52, 0x2C, 0x34, 0x00, 0x00, 0x20, 0x17, 0x2F, 0x06, 0xE5, 0x48, 0x20, 0x79, 0x00, 0x00,
    0x00, 0x5A, 0x2F, 0x0B, 0x4E, 0xB9, 0x00, 0x00, 0x03, 0x98, 0x26, 0x5F, 0x2C, 0x1F, 0x2E, 0x1F,
    0x22, 0x79, 0x00, 0x00, 0x00, 0x18, 0x4A, 0x79, 0x00, 0x00, 0x00, 0x22, 0x67, 0x06, 0x22, 0x79,
    0x00, 0x00, 0x00, 0x1C, 0x22, 0x79, 0x00, 0x00, 0x00, 0x24, 0x53, 0x47, 0x20, 0x79, 0x00, 0x00,
    0x00, 0x5A, 0x20, 0x18, 0x4D, 0xF1, 0x08, 0x00, 0x20, 0x16, 0xD0, 0x86, 0x2C, 0x80, 0x51, 0xCF,
    0xFF, 0xF2, 0x60, 0x00, 0xFF, 0x6C, 0x4C, 0xDF, 0x04, 0x80, 0x60, 0x00, 0xFE, 0x4E, 0x48, 0xE7,
    0x01, 0x20, 0x20, 0x79, 0x00, 0x00, 0x00, 0x5A, 0x70, 0x04, 0x2F, 0x0B, 0x4E, 0xB9, 0x00, 0x00,
    0x03, 0x98, 0x26, 0x5F, 0x2A, 0x79, 0x00, 0x00, 0x00, 0x5A, 0x20, 0x15, 0x02, 0x80, 0x00, 0xFF,
    0xFF, 0xFF, 0x67, 0xD2, 0xE5, 0x88, 0x58, 0x80, 0x2F, 0x0B, 0x4E, 0xB9, 0x00, 0x00, 0x04, 0xFE,
    0x26, 0x5F, 0x60, 0xCE,
};
static const IxReloc ix_program_h4_rel[97] = {
    { 0x00002, 6 },
    { 0x0000A, 6 },
    { 0x00012, 5 },
    { 0x0001A, 6 },
    { 0x00022, 6 },
    { 0x00028, 6 },
    { 0x00034, 6 },
    { 0x00040, 6 },
    { 0x0004C, 6 },
    { 0x00058, 7 },
    { 0x00064, 6 },
    { 0x0007C, 29 },
    { 0x00082, 4 },
    { 0x00090, 4 },
    { 0x00096, 4 },
    { 0x0009C, 30 },
    { 0x000AA, 29 },
    { 0x000B0, 4 },
    { 0x000D4, 5 },
    { 0x000DA, 5 },
    { 0x000E0, 6 },
    { 0x000E6, 7 },
    { 0x000EC, 6 },
    { 0x000F2, 6 },
    { 0x000F8, 5 },
    { 0x000FE, 6 },
    { 0x00104, 6 },
    { 0x0010A, 6 },
    { 0x00162, 6 },
    { 0x00166, 5 },
    { 0x0016C, 6 },
    { 0x00172, 18 },
    { 0x00178, 5 },
    { 0x00180, 18 },
    { 0x00186, 6 },
    { 0x0018C, 5 },
    { 0x00194, 18 },
    { 0x0019A, 6 },
    { 0x001A0, 6 },
    { 0x001A6, 5 },
    { 0x001AC, 5 },
    { 0x001B2, 5 },
    { 0x001BA, 5 },
    { 0x001C2, 6 },
    { 0x001FA, 7 },
    { 0x00200, 6 },
    { 0x00206, 5 },
    { 0x00210, 5 },
    { 0x0021E, 5 },
    { 0x00230, 6 },
    { 0x00236, 18 },
    { 0x00240, 6 },
    { 0x00266, 18 },
    { 0x00274, 5 },
    { 0x0027A, 5 },
    { 0x00282, 5 },
    { 0x0028A, 5 },
    { 0x00290, 18 },
    { 0x002A0, 6 },
    { 0x002A8, 18 },
    { 0x002B2, 6 },
    { 0x002EE, 6 },
    { 0x002F6, 29 },
    { 0x00304, 5 },
    { 0x0030C, 5 },
    { 0x00314, 5 },
    { 0x0031C, 5 },
    { 0x00324, 5 },
    { 0x00330, 5 },
    { 0x0033A, 18 },
    { 0x00348, 5 },
    { 0x00350, 5 },
    { 0x00358, 5 },
    { 0x00360, 5 },
    { 0x00368, 5 },
    { 0x00374, 5 },
    { 0x00380, 5 },
    { 0x0038E, 5 },
    { 0x003A6, 18 },
    { 0x003B2, 6 },
    { 0x003BC, 18 },
    { 0x003C4, 6 },
    { 0x003D2, 6 },
    { 0x003DC, 18 },
    { 0x003E4, 6 },
    { 0x003EE, 6 },
    { 0x003FE, 6 },
    { 0x00406, 18 },
    { 0x00412, 5 },
    { 0x00418, 5 },
    { 0x00420, 5 },
    { 0x00426, 5 },
    { 0x0042E, 6 },
    { 0x00454, 6 },
    { 0x0045E, 18 },
    { 0x00466, 6 },
    { 0x0047C, 18 },
};

static const uint8_t ix_program_h5[44] = {
    0x00, 0x00, 0x00, 0x00, 0x00, 0x00, 0x00, 0x00, 0x00, 0x00, 0x00, 0x00, 0x00, 0x00, 0x00, 0x00,
    0x00, 0x00, 0x00, 0x00, 0x00, 0x00, 0x00, 0x17, 0x00, 0x00, 0x04, 0x00, 0x00, 0x00, 0x04, 0x00,
    0x00, 0x00, 0x00, 0x00, 0x00, 0x00, 0x00, 0x00, 0x00, 0x00, 0x00, 0x00,
};

static const uint8_t ix_program_h6[100] = {
    0x00, 0x00, 0x00, 0x00, 0x00, 0x00, 0x00, 0x00, 0x00, 0x00, 0x00, 0x00, 0x00, 0x00, 0x00, 0x00,
    0x00, 0x00, 0x00, 0x00, 0x00, 0x00, 0x00, 0x00, 0x00, 0x00, 0x00, 0x00, 0x00, 0x00, 0x00, 0x00,
    0x00, 0x00, 0x00, 0x00, 0x00, 0x00, 0x00, 0x00, 0x00, 0x00, 0x00, 0x00, 0x00, 0x00, 0x00, 0x00,
    0x00, 0x00, 0x00, 0x00, 0x00, 0x00, 0x00, 0x00, 0x00, 0x00, 0x00, 0x00, 0x00, 0x00, 0x00, 0x00,
    0x00, 0x00, 0x00, 0x00, 0x00, 0x00, 0x00, 0x00, 0x00, 0x00, 0x00, 0x00, 0x00, 0x00, 0x00, 0x00,
    0x00, 0x00, 0x00, 0x00, 0x00, 0x00, 0x00, 0x00, 0x00, 0x00, 0x00, 0x00, 0x00, 0x00, 0x00, 0x00,
    0x00, 0x00, 0x00, 0x00,
};


static const uint8_t ix_program_h8[2756] = {
    0x61, 0x75, 0x31, 0x2E, 0x63, 0x65, 0x6C, 0x00, 0x6C, 0x69, 0x31, 0x2E, 0x63, 0x65, 0x6C, 0x00,
    0x64, 0x61, 0x31, 0x2E, 0x63, 0x65, 0x6C, 0x00, 0x64, 0x77, 0x31, 0x2E, 0x63, 0x65, 0x6C, 0x00,
    0x68, 0x61, 0x31, 0x2E, 0x63, 0x65, 0x6C, 0x00, 0x6F, 0x76, 0x31, 0x2E, 0x63, 0x65, 0x6C, 0x00,
    0x63, 0x6F, 0x31, 0x2E, 0x63, 0x65, 0x6C, 0x00, 0x64, 0x67, 0x31, 0x2E, 0x63, 0x65, 0x6C, 0x00,
    0x6B, 0x6C, 0x69, 0x66, 0x74, 0x31, 0x2E, 0x63, 0x65, 0x6C, 0x00, 0x62, 0x67, 0x34, 0x2E, 0x70,
    0x69, 0x76, 0x00, 0x62, 0x67, 0x35, 0x61, 0x2E, 0x70, 0x69, 0x76, 0x00, 0x62, 0x67, 0x33, 0x2E,
    0x70, 0x69, 0x76, 0x00, 0x62, 0x67, 0x32, 0x61, 0x2E, 0x70, 0x69, 0x76, 0x00, 0x62, 0x67, 0x32,
    0x2E, 0x70, 0x69, 0x76, 0x00, 0x62, 0x67, 0x35, 0x2E, 0x70, 0x69, 0x76, 0x00, 0x62, 0x67, 0x37,
    0x2E, 0x70, 0x69, 0x76, 0x00, 0x62, 0x67, 0x38, 0x2E, 0x70, 0x69, 0x76, 0x00, 0x00, 0x20, 0x79,
    0x00, 0x00, 0x02, 0x26, 0x22, 0x79, 0x00, 0x00, 0x02, 0x1A, 0x4E, 0xB9, 0x00, 0x00, 0x0D, 0x6A,
    0x41, 0xF9, 0x00, 0x00, 0x00, 0xC6, 0x43, 0xF9, 0x00, 0x00, 0x00, 0x06, 0x4E, 0xB9, 0x00, 0x00,
    0x09, 0x2E, 0x20, 0x79, 0x00, 0x00, 0x02, 0x2A, 0x22, 0x79, 0x00, 0x00, 0x02, 0x1E, 0x4E, 0xB9,
    0x00, 0x00, 0x0D, 0x6A, 0x41, 0xF9, 0x00, 0x00, 0x01, 0x06, 0x43, 0xF9, 0x00, 0x00, 0x00, 0x46,
    0x4E, 0xB9, 0x00, 0x00, 0x09, 0x2E, 0x20, 0x79, 0x00, 0x00, 0x02, 0x2E, 0x22, 0x79, 0x00, 0x00,
    0x02, 0x22, 0x4E, 0xB9, 0x00, 0x00, 0x0D, 0x6A, 0x41, 0xF9, 0x00, 0x00, 0x01, 0x46, 0x43, 0xF9,
    0x00, 0x00, 0x00, 0x86, 0x4E, 0xB9, 0x00, 0x00, 0x09, 0x2E, 0x4E, 0x75, 0x62, 0x67, 0x31, 0x61,
    0x2E, 0x70, 0x69, 0x76, 0x00, 0x62, 0x67, 0x31, 0x63, 0x2E, 0x70, 0x69, 0x76, 0x00, 0x62, 0x67,
    0x31, 0x62, 0x2E, 0x70, 0x69, 0x76, 0x00, 0x69, 0x6E, 0x74, 0x72, 0x6F, 0x2E, 0x73, 0x74, 0x69,
    0x6C, 0x65, 0x00, 0x63, 0x6F, 0x2E, 0x73, 0x74, 0x69, 0x6C, 0x65, 0x00, 0x6D, 0x69, 0x6E, 0x64,
    0x73, 0x63, 0x61, 0x70, 0x65, 0x00, 0x4E, 0xB9, 0x00, 0x00, 0x0B, 0xF8, 0x20, 0x39, 0x00, 0x00,
    0x00, 0x00, 0x4E, 0xB9, 0x00, 0x00, 0x0D, 0x9A, 0x41, 0xF9, 0x00, 0x00, 0x01, 0x2C, 0x22, 0x79,
    0x00, 0x00, 0x02, 0x1E, 0x4E, 0xB9, 0x00, 0x00, 0x01, 0x86, 0x41, 0xF9, 0x00, 0x00, 0x01, 0x46,
    0x4E, 0xB9, 0x00, 0x00, 0x0C, 0x70, 0x20, 0x39, 0x00, 0x00, 0x02, 0x1A, 0x4E, 0xB9, 0x00, 0x00,
    0x0D, 0x9A, 0x41, 0xF9, 0x00, 0x00, 0x00, 0xFC, 0x22, 0x79, 0x00, 0x00, 0x02, 0x0A, 0x4E, 0xB9,
    0x00, 0x00, 0x01, 0x86, 0x41, 0xF9, 0x00, 0x00, 0x00, 0x06, 0x4E, 0xB9, 0x00, 0x00, 0x0C, 0x2C,
    0x41, 0xF9, 0x00, 0x00, 0x01, 0x17, 0x4E, 0xB9, 0x00, 0x00, 0x00, 0x8C, 0x20, 0x7C, 0x00, 0x00,
    0x00, 0x00, 0x20, 0x3C, 0x00, 0x00, 0x03, 0xE8, 0x4E, 0xB9, 0x00, 0x00, 0x03, 0x98, 0x4E, 0xB9,
    0x00, 0x00, 0x07, 0x7E, 0x4E, 0xB9, 0x00, 0x00, 0x03, 0x28, 0x20, 0x39, 0x00, 0x00, 0x02, 0x1E,
    0x4E, 0xB9, 0x00, 0x00, 0x0D, 0x9A, 0x41, 0xF9, 0x00, 0x00, 0x01, 0x05, 0x22, 0x79, 0x00, 0x00,
    0x02, 0x0A, 0x4E, 0xB9, 0x00, 0x00, 0x01, 0x86, 0x4E, 0xB9, 0x00, 0x00, 0x03, 0xB0, 0x4A, 0x79,
    0x00, 0x00, 0x0F, 0x60, 0x66, 0x00, 0x03, 0x0E, 0x20, 0x39, 0x00, 0x00, 0x02, 0x22, 0x4E, 0xB9,
    0x00, 0x00, 0x0D, 0x9A, 0x41, 0xF9, 0x00, 0x00, 0x01, 0x0E, 0x22, 0x79, 0x00, 0x00, 0x02, 0x0A,
    0x4E, 0xB9, 0x00, 0x00, 0x01, 0x86, 0x4E, 0xB9, 0x00, 0x00, 0x04, 0x2E, 0x4A, 0x79, 0x00, 0x00,
    0x0F, 0x60, 0x66, 0x00, 0x02, 0xE0, 0x20, 0x39, 0x00, 0x00, 0x02, 0x26, 0x4E, 0xB9, 0x00, 0x00,
    0x0D, 0x9A, 0x41, 0xF9, 0x00, 0x00, 0x00, 0x4B, 0x22, 0x79, 0x00, 0x00, 0x02, 0x0A, 0x4E, 0xB9,
    0x00, 0x00, 0x01, 0x86, 0x41, 0xF9, 0x00, 0x00, 0x00, 0xC6, 0x4E, 0xB9, 0x00, 0x00, 0x0C, 0x2C,
    0x4E, 0xB9, 0x00, 0x00, 0x04, 0xAE, 0x4A, 0x79, 0x00, 0x00, 0x0F, 0x60, 0x66, 0x00, 0x02, 0xA6,
    0x20, 0x39, 0x00, 0x00, 0x02, 0x2A, 0x4E, 0xB9, 0x00, 0x00, 0x0D, 0x9A, 0x41, 0xF9, 0x00, 0x00,
    0x00, 0x53, 0x22, 0x79, 0x00, 0x00, 0x02, 0x0A, 0x4E, 0xB9, 0x00, 0x00, 0x01, 0x86, 0x41, 0xF9,
    0x00, 0x00, 0x01, 0x06, 0x4E, 0xB9, 0x00, 0x00, 0x0C, 0x2C, 0x41, 0xF9, 0x00, 0x00, 0x01, 0x06,
    0x4E, 0xB9, 0x00, 0x00, 0x09, 0xDE, 0x4E, 0xB9, 0x00, 0x00, 0x04, 0xAE, 0x4A, 0x79, 0x00, 0x00,
    0x0F, 0x60, 0x66, 0x00, 0x02, 0x60, 0x20, 0x39, 0x00, 0x00, 0x02, 0x2E, 0x4E, 0xB9, 0x00, 0x00,
    0x0D, 0x9A, 0x41, 0xF9, 0x00, 0x00, 0x00, 0x5C, 0x22, 0x79, 0x00, 0x00, 0x02, 0x0A, 0x4E, 0xB9,
    0x00, 0x00, 0x01, 0x86, 0x41, 0xF9, 0x00, 0x00, 0x01, 0x46, 0x4E, 0xB9, 0x00, 0x00, 0x0C, 0x2C,
    0x41, 0xF9, 0x00, 0x00, 0x01, 0x46, 0x4E, 0xB9, 0x00, 0x00, 0x09, 0xDE, 0x4E, 0xB9, 0x00, 0x00,
    0x04, 0xAE, 0x4A, 0x79, 0x00, 0x00, 0x0F, 0x60, 0x66, 0x00, 0x02, 0x1A, 0x20, 0x39, 0x00, 0x00,
    0x02, 0x32, 0x4E, 0xB9, 0x00, 0x00, 0x0D, 0x9A, 0x41, 0xF9, 0x00, 0x00, 0x00, 0x6D, 0x22, 0x79,
    0x00, 0x00, 0x02, 0x0A, 0x4E, 0xB9, 0x00, 0x00, 0x01, 0x86, 0x41, 0xF9, 0x00, 0x00, 0x01, 0x86,
    0x4E, 0xB9, 0x00, 0x00, 0x0C, 0x2C, 0x41, 0xF9, 0x00, 0x00, 0x01, 0x86, 0x4E, 0xB9, 0x00, 0x00,
    0x09, 0xDE, 0x4E, 0xB9, 0x00, 0x00, 0x04, 0xAE, 0x4A, 0x79, 0x00, 0x00, 0x0F, 0x60, 0x66, 0x00,
    0x01, 0xD4, 0x20, 0x39, 0x00, 0x00, 0x02, 0x36, 0x4E, 0xB9, 0x00, 0x00, 0x0D, 0x9A, 0x41, 0xF9,
    0x00, 0x00, 0x00, 0x64, 0x22, 0x79, 0x00, 0x00, 0x02, 0x0A, 0x4E, 0xB9, 0x00, 0x00, 0x01, 0x86,
    0x41, 0xF9, 0x00, 0x00, 0x01, 0xC6, 0x4E, 0xB9, 0x00, 0x00, 0x0C, 0x2C, 0x41, 0xF9, 0x00, 0x00,
    0x01, 0xC6, 0x4E, 0xB9, 0x00, 0x00, 0x09, 0xDE, 0x4E, 0xB9, 0x00, 0x00, 0x04, 0xAE, 0x4A, 0x79,
    0x00, 0x00, 0x0F, 0x60, 0x66, 0x00, 0x01, 0x8E, 0x41, 0xF9, 0x00, 0x00, 0x00, 0xDE, 0x20, 0xB9,
    0x00, 0x00, 0x02, 0x02, 0x41, 0xF9, 0x00, 0x00, 0x00, 0x00, 0x22, 0x79, 0x00, 0x00, 0x02, 0x02,
    0x4E, 0xB9, 0x00, 0x00, 0x06, 0xFC, 0x41, 0xF9, 0x00, 0x00, 0x00, 0x00, 0x4E, 0xB9, 0x00, 0x00,
    0x04, 0xFE, 0x22, 0x79, 0x00, 0x00, 0x02, 0x02, 0xD3, 0xC0, 0x2F, 0x09, 0x4E, 0xB9, 0x00, 0x00,
    0x04, 0xAE, 0x22, 0x5F, 0x4A, 0x79, 0x00, 0x00, 0x0F, 0x60, 0x66, 0x00, 0x01, 0x48, 0x41, 0xF9,
    0x00, 0x00, 0x00, 0xDE, 0x21, 0x49, 0x00, 0x04, 0x41, 0xF9, 0x00, 0x00, 0x00, 0x08, 0x4E, 0xB9,
    0x00, 0x00, 0x06, 0xFC, 0x41, 0xF9, 0x00, 0x00, 0x00, 0x08, 0x4E, 0xB9, 0x00, 0x00, 0x04, 0xFE,
    0x41, 0xF9, 0x00, 0x00, 0x00, 0xDE, 0x22, 0x68, 0x00, 0x04, 0xD3, 0xC0, 0x2F, 0x09, 0x4E, 0xB9,
    0x00, 0x00, 0x04, 0xAE, 0x22, 0x5F, 0x4A, 0x79, 0x00, 0x00, 0x0F, 0x60, 0x66, 0x00, 0x01, 0x06,
    0x41, 0xF9, 0x00, 0x00, 0x00, 0xDE, 0x21, 0x49, 0x00, 0x10, 0x41, 0xF9, 0x00, 0x00, 0x00, 0x10,
    0x4E, 0xB9, 0x00, 0x00, 0x06, 0xFC, 0x41, 0xF9, 0x00, 0x00, 0x00, 0x10, 0x4E, 0xB9, 0x00, 0x00,
    0x04, 0xFE, 0x41, 0xF9, 0x00, 0x00, 0x00, 0xDE, 0x22, 0x68, 0x00, 0x10, 0xD3, 0xC0, 0x2F, 0x09,
    0x4E, 0xB9, 0x00, 0x00, 0x04, 0xAE, 0x22, 0x5F, 0x4A, 0x79, 0x00, 0x00, 0x0F, 0x60, 0x66, 0x00,
    0x00, 0xC4, 0x41, 0xF9, 0x00, 0x00, 0x00, 0xDE, 0x21, 0x49, 0x00, 0x08, 0x41, 0xF9, 0x00, 0x00,
    0x00, 0x20, 0x4E, 0xB9, 0x00, 0x00, 0x06, 0xFC, 0x41, 0xF9, 0x00, 0x00, 0x00, 0x20, 0x4E, 0xB9,
    0x00, 0x00, 0x04, 0xFE, 0x41, 0xF9, 0x00, 0x00, 0x00, 0xDE, 0x22, 0x68, 0x00, 0x08, 0xD3, 0xC0,
    0x2F, 0x09, 0x4E, 0xB9, 0x00, 0x00, 0x04, 0xAE, 0x22, 0x5F, 0x4A, 0x79, 0x00, 0x00, 0x0F, 0x60,
    0x66, 0x00, 0x00, 0x82, 0x22, 0x79, 0x00, 0x00, 0x10, 0xB8, 0x41, 0xF9, 0x00, 0x00, 0x00, 0xDE,
    0x21, 0x49, 0x00, 0x0C, 0x41, 0xF9, 0x00, 0x00, 0x00, 0x18, 0x4E, 0xB9, 0x00, 0x00, 0x06, 0xFC,
    0x41, 0xF9, 0x00, 0x00, 0x00, 0x18, 0x4E, 0xB9, 0x00, 0x00, 0x04, 0xFE, 0x41, 0xF9, 0x00, 0x00,
    0x00, 0xDE, 0x22, 0x68, 0x00, 0x0C, 0xD3, 0xC0, 0x22, 0x79, 0x00, 0x00, 0x02, 0x36, 0xD3, 0xFC,
    0x00, 0x00, 0x9C, 0x40, 0x23, 0xC9, 0x00, 0x00, 0x00, 0x92, 0x41, 0xF9, 0x00, 0x00, 0x00, 0x28,
    0x4E, 0xB9, 0x00, 0x00, 0x06, 0xFC, 0x41, 0xF9, 0x00, 0x00, 0x04, 0xF6, 0x4E, 0xB9, 0x00, 0x00,
    0x00, 0x8C, 0x20, 0x79, 0x00, 0x00, 0x00, 0x9E, 0x20, 0x3C, 0x00, 0x01, 0x59, 0xD9, 0x4E, 0xB9,
    0x00, 0x00, 0x03, 0x98, 0x4E, 0xB9, 0x00, 0x00, 0x07, 0x7E, 0x20, 0x79, 0x00, 0x00, 0x00, 0x9E,
    0x60, 0x00, 0x02, 0xD0, 0x4E, 0x75, 0x6D, 0x75, 0x73, 0x69, 0x63, 0x2E, 0x63, 0x6D, 0x70, 0x00,
    0x20, 0x39, 0x00, 0x00, 0x02, 0x26, 0x4E, 0xB9, 0x00, 0x00, 0x0D, 0x9A, 0x41, 0xF9, 0x00, 0x00,
    0x00, 0x75, 0x22, 0x79, 0x00, 0x00, 0x02, 0x0A, 0x4E, 0xB9, 0x00, 0x00, 0x01, 0x86, 0x41, 0xF9,
    0x00, 0x00, 0x00, 0xC6, 0x4E, 0xB9, 0x00, 0x00, 0x0C, 0x2C, 0x41, 0xF9, 0x00, 0x00, 0x00, 0xC6,
    0x4E, 0xB9, 0x00, 0x00, 0x09, 0xDE, 0x20, 0x39, 0x00, 0x00, 0x02, 0x2A, 0x4E, 0xB9, 0x00, 0x00,
    0x0D, 0x9A, 0x41, 0xF9, 0x00, 0x00, 0x00, 0x53, 0x22, 0x79, 0x00, 0x00, 0x02, 0x0A, 0x4E, 0xB9,
    0x00, 0x00, 0x01, 0x86, 0x41, 0xF9, 0x00, 0x00, 0x01, 0x06, 0x4E, 0xB9, 0x00, 0x00, 0x0C, 0x2C,
    0x41, 0xF9, 0x00, 0x00, 0x01, 0x06, 0x4E, 0xB9, 0x00, 0x00, 0x09, 0xDE, 0x20, 0x39, 0x00, 0x00,
    0x02, 0x2E, 0x4E, 0xB9, 0x00, 0x00, 0x0D, 0x9A, 0x41, 0xF9, 0x00, 0x00, 0x00, 0x5C, 0x22, 0x79,
    0x00, 0x00, 0x02, 0x0A, 0x4E, 0xB9, 0x00, 0x00, 0x01, 0x86, 0x41, 0xF9, 0x00, 0x00, 0x01, 0x46,
    0x4E, 0xB9, 0x00, 0x00, 0x0C, 0x2C, 0x41, 0xF9, 0x00, 0x00, 0x01, 0x46, 0x4E, 0xB9, 0x00, 0x00,
    0x09, 0xDE, 0x20, 0x39, 0x00, 0x00, 0x02, 0x36, 0x4E, 0xB9, 0x00, 0x00, 0x0D, 0x9A, 0x41, 0xF9,
    0x00, 0x00, 0x00, 0x64, 0x22, 0x79, 0x00, 0x00, 0x02, 0x0A, 0x4E, 0xB9, 0x00, 0x00, 0x01, 0x86,
    0x41, 0xF9, 0x00, 0x00, 0x01, 0xC6, 0x4E, 0xB9, 0x00, 0x00, 0x0C, 0x2C, 0x4E, 0xB9, 0x00, 0x00,
    0x09, 0x38, 0x41, 0xF9, 0x00, 0x00, 0x01, 0xC6, 0x4E, 0xB9, 0x00, 0x00, 0x09, 0xDE, 0x20, 0x79,
    0x00, 0x00, 0x02, 0x1A, 0x4E, 0xB9, 0x00, 0x00, 0x05, 0xE0, 0x20, 0x39, 0x00, 0x00, 0x02, 0x1A,
    0x4E, 0xB9, 0x00, 0x00, 0x0D, 0x9A, 0x41, 0xF9, 0x00, 0x00, 0x00, 0x7D, 0x22, 0x79, 0x00, 0x00,
    0x02, 0x0A, 0x4E, 0xB9, 0x00, 0x00, 0x01, 0x86, 0x41, 0xF9, 0x00, 0x00, 0x00, 0x06, 0x4E, 0xB9,
    0x00, 0x00, 0x0C, 0x2C, 0x20, 0x39, 0x00, 0x00, 0x02, 0x1E, 0x4E, 0xB9, 0x00, 0x00, 0x0D, 0x9A,
    0x41, 0xF9, 0x00, 0x00, 0x00, 0x85, 0x22, 0x79, 0x00, 0x00, 0x02, 0x0A, 0x4E, 0xB9, 0x00, 0x00,
    0x01, 0x86, 0x41, 0xF9, 0x00, 0x00, 0x00, 0x46, 0x4E, 0xB9, 0x00, 0x00, 0x0C, 0x2C, 0x41, 0xF9,
    0x00, 0x00, 0x00, 0xDE, 0x20, 0xB9, 0x00, 0x00, 0x02, 0x02, 0x41, 0xF9, 0x00, 0x00, 0x00, 0x38,
    0x22, 0x79, 0x00, 0x00, 0x02, 0x02, 0x4E, 0xB9, 0x00, 0x00, 0x06, 0xFC, 0x41, 0xF9, 0x00, 0x00,
    0x00, 0x38, 0x4E, 0xB9, 0x00, 0x00, 0x04, 0xFE, 0x22, 0x79, 0x00, 0x00, 0x02, 0x02, 0xD3, 0xC0,
    0x41, 0xF9, 0x00, 0x00, 0x00, 0xDE, 0x21, 0x49, 0x00, 0x04, 0x41, 0xF9, 0x00, 0x00, 0x00, 0x08,
    0x4E, 0xB9, 0x00, 0x00, 0x06, 0xFC, 0x41, 0xF9, 0x00, 0x00, 0x00, 0x08, 0x4E, 0xB9, 0x00, 0x00,
    0x04, 0xFE, 0x41, 0xF9, 0x00, 0x00, 0x00, 0xDE, 0x22, 0x68, 0x00, 0x04, 0xD3, 0xC0, 0x41, 0xF9,
    0x00, 0x00, 0x00, 0xDE, 0x21, 0x49, 0x00, 0x0C, 0x41, 0xF9, 0x00, 0x00, 0x00, 0x20, 0x4E, 0xB9,
    0x00, 0x00, 0x06, 0xFC, 0x41, 0xF9, 0x00, 0x00, 0x00, 0x20, 0x4E, 0xB9, 0x00, 0x00, 0x04, 0xFE,
    0x41, 0xF9, 0x00, 0x00, 0x00, 0xDE, 0x22, 0x68, 0x00, 0x0C, 0xD3, 0xC0, 0x41, 0xF9, 0x00, 0x00,
    0x00, 0xDE, 0x21, 0x49, 0x00, 0x08, 0x41, 0xF9, 0x00, 0x00, 0x00, 0x30, 0x4E, 0xB9, 0x00, 0x00,
    0x06, 0xFC, 0x41, 0xF9, 0x00, 0x00, 0x00, 0x30, 0x4E, 0xB9, 0x00, 0x00, 0x04, 0xFE, 0x41, 0xF9,
    0x00, 0x00, 0x00, 0xDE, 0x22, 0x68, 0x00, 0x08, 0xD3, 0xC0, 0x41, 0xF9, 0x00, 0x00, 0x00, 0xDE,
    0x21, 0x49, 0x00, 0x10, 0x41, 0xF9, 0x00, 0x00, 0x00, 0x10, 0x4E, 0xB9, 0x00, 0x00, 0x06, 0xFC,
    0x41, 0xF9, 0x00, 0x00, 0x00, 0x10, 0x4E, 0xB9, 0x00, 0x00, 0x04, 0xFE, 0x41, 0xF9, 0x00, 0x00,
    0x00, 0xDE, 0x22, 0x68, 0x00, 0x10, 0xD3, 0xC0, 0x22, 0x79, 0x00, 0x00, 0x02, 0x22, 0x41, 0xF9,
    0x00, 0x00, 0x00, 0xDE, 0x21, 0x49, 0x00, 0x14, 0x41, 0xF9, 0x00, 0x00, 0x00, 0x40, 0x4E, 0xB9,
    0x00, 0x00, 0x06, 0xFC, 0x41, 0xF9, 0x00, 0x00, 0x00, 0x40, 0x4E, 0xB9, 0x00, 0x00, 0x04, 0xFE,
    0x41, 0xF9, 0x00, 0x00, 0x00, 0xDE, 0x22, 0x68, 0x00, 0x14, 0xD3, 0xC0, 0x22, 0x79, 0x00, 0x00,
    0x02, 0x32, 0x23, 0xC9, 0x00, 0x00, 0x00, 0x92, 0x41, 0xF9, 0x00, 0x00, 0x00, 0x28, 0x4E, 0xB9,
    0x00, 0x00, 0x06, 0xFC, 0x41, 0xF9, 0x00, 0x00, 0x01, 0x23, 0x4E, 0xB9, 0x00, 0x00, 0x00, 0x8C,
    0x20, 0x7C, 0x00, 0x00, 0x00, 0x00, 0x20, 0x3C, 0x00, 0x00, 0x03, 0xE8, 0x4E, 0xB9, 0x00, 0x00,
    0x03, 0x98, 0x4E, 0xB9, 0x00, 0x00, 0x07, 0x7E, 0x41, 0xF9, 0x00, 0x00, 0x09, 0x22, 0x4E, 0xB9,
    0x00, 0x00, 0x00, 0x8C, 0x20, 0x79, 0x00, 0x00, 0x00, 0x9E, 0x20, 0x3C, 0x00, 0x00, 0xEF, 0xA0,
    0x4E, 0xB9, 0x00, 0x00, 0x03, 0x98, 0x4E, 0xB9, 0x00, 0x00, 0x07, 0x7E, 0x20, 0x79, 0x00, 0x00,
    0x00, 0x9E, 0x48, 0xE7, 0x7F, 0xFE, 0x22, 0x48, 0x61, 0x58, 0xB0, 0xBC, 0x52, 0x4E, 0x43, 0x01,
    0x66, 0x4A, 0x61, 0x4E, 0x49, 0xE8, 0x00, 0x04, 0x45, 0xF4, 0x08, 0x00, 0xD4, 0xFC, 0x01, 0x00,
    0x26, 0x4A, 0x61, 0x3E, 0x4D, 0xF4, 0x08, 0x00, 0x16, 0x26, 0x61, 0x42, 0x52, 0x45, 0xBD, 0xCC,
    0x6F, 0x22, 0x61, 0x00, 0x00, 0x90, 0x61, 0x00, 0x00, 0xC0, 0x53, 0x46, 0x41, 0xF3, 0x70, 0x00,
    0x48, 0xC6, 0xD1, 0xC6, 0x4A, 0x47, 0x66, 0x04, 0x41, 0xEB, 0x00, 0x01, 0x17, 0x20, 0x51, 0xCE,
    0xFF, 0xFC, 0x60, 0xD6, 0x20, 0x0A, 0x90, 0x8B, 0x20, 0x4B, 0x60, 0x02, 0x70, 0x00, 0x60, 0x00,
    0x00, 0xE6, 0x72, 0x03, 0xE1, 0x88, 0x10, 0x18, 0x51, 0xC9, 0xFF, 0xFA, 0x4E, 0x75, 0x7A, 0xFF,
    0x61, 0x48, 0x64, 0x3C, 0x7A, 0x00, 0x61, 0x42, 0x64, 0x2C, 0x72, 0x03, 0x42, 0x45, 0x10, 0x3B,
    0x10, 0x32, 0x48, 0x80, 0x74, 0xFF, 0xE1, 0x6A, 0x46, 0x42, 0x53, 0x40, 0x61, 0x2C, 0xE3, 0x55,
    0x51, 0xC8, 0xFF, 0xFA, 0x4A, 0x41, 0x67, 0x06, 0xB4, 0x45, 0x56, 0xC9, 0xFF, 0xE0, 0x10, 0x3B,
    0x10, 0x16, 0x48, 0x80, 0xDA, 0x40, 0x3F, 0x05, 0x17, 0x26, 0x51, 0xCD, 0xFF, 0xFC, 0x3A, 0x1F,
    0x4E, 0x75, 0x0A, 0x03, 0x02, 0x02, 0x0E, 0x07, 0x04, 0x01, 0xE3, 0x0B, 0x66, 0x04, 0x16, 0x26,
    0xE3, 0x13, 0x4E, 0x75, 0x70, 0x03, 0x61, 0xF2, 0x64, 0x04, 0x51, 0xC8, 0xFF, 0xFA, 0x42, 0x46,
    0x52, 0x40, 0x12, 0x3B, 0x00, 0x1A, 0x67, 0x0C, 0x48, 0x81, 0x53, 0x41, 0x61, 0xDC, 0xE3, 0x56,
    0x51, 0xC9, 0xFF, 0xFA, 0x12, 0x3B, 0x00, 0x0D, 0x48, 0x81, 0xDC, 0x41, 0x4E, 0x75, 0x0A, 0x02,
    0x01, 0x00, 0x00, 0x0A, 0x06, 0x04, 0x03, 0x02, 0x7E, 0x00, 0xBC, 0x7C, 0x00, 0x02, 0x67, 0x22,
    0x70, 0x01, 0x61, 0xB6, 0x64, 0x04, 0x51, 0xC8, 0xFF, 0xFA, 0x52, 0x40, 0x12, 0x3B, 0x00, 0x2C,
    0x48, 0x81, 0x61, 0xA6, 0xE3, 0x57, 0x51, 0xC9, 0xFF, 0xFA, 0xE3, 0x48, 0xDE, 0x7B, 0x00, 0x20,
    0x4E, 0x75, 0x70, 0x05, 0x42, 0x41, 0x61, 0x92, 0x64, 0x04, 0x70, 0x08, 0x72, 0x40, 0x61, 0x8A,
    0xE3, 0x57, 0x51, 0xC8, 0xFF, 0xFA, 0xDE, 0x41, 0x4E, 0x75, 0x0B, 0x04, 0x07, 0x00, 0x01, 0x20,
    0x00, 0x00, 0x00, 0x20, 0x00, 0x00, 0x24, 0x08, 0x94, 0x89, 0x22, 0x00, 0x67, 0x0C, 0x12, 0xD8,
    0x53, 0x81, 0x66, 0xFA, 0x42, 0x19, 0x53, 0x82, 0x66, 0xFA, 0x4C, 0xDF, 0x7F, 0xFE, 0x4E, 0x75,
    0x4E, 0x75, 0x76, 0x6D, 0x75, 0x73, 0x69, 0x63, 0x2E, 0x63, 0x6D, 0x70, 0x00, 0x00, 0x70, 0x1F,
    0x32, 0xD8, 0x51, 0xC8, 0xFF, 0xFC, 0x4E, 0x75, 0x41, 0xF9, 0x00, 0x00, 0x01, 0xC6, 0x30, 0x39,
    0x00, 0x00, 0x01, 0x90, 0x08, 0x00, 0x00, 0x01, 0x67, 0x2E, 0x31, 0x7C, 0x0F, 0x80, 0x00, 0x18,
    0x31, 0x7C, 0x0C, 0x50, 0x00, 0x1E, 0x31, 0x7C, 0x09, 0x20, 0x00, 0x2E, 0x33, 0xFC, 0x0C, 0x50,
    0x00, 0x00, 0x00, 0x00, 0x33, 0xFC, 0x09, 0x20, 0x00, 0x00, 0x00, 0x02, 0x33, 0xFC, 0x07, 0x00,
    0x00, 0x00, 0x00, 0x04, 0x60, 0x00, 0x00, 0x66, 0x08, 0x00, 0x00, 0x00, 0x67, 0x2E, 0x31, 0x7C,
    0x00, 0x00, 0x00, 0x18, 0x31, 0x7C, 0x02, 0x22, 0x00, 0x1E, 0x31, 0x7C, 0x04, 0x44, 0x00, 0x2E,
    0x33, 0xFC, 0x01, 0x11, 0x00, 0x00, 0x00, 0x00, 0x33, 0xFC, 0x03, 0x33, 0x00, 0x00, 0x00, 0x02,
    0x33, 0xFC, 0x05, 0x55, 0x00, 0x00, 0x00, 0x04, 0x60, 0x00, 0x00, 0x32, 0x08, 0x00, 0x00, 0x02,
    0x67, 0x2A, 0x31, 0x7C, 0x0B, 0x40, 0x00, 0x18, 0x31, 0x7C, 0x0D, 0x60, 0x00, 0x1E, 0x31, 0x7C,
    0x0F, 0x80, 0x00, 0x2E, 0x33, 0xFC, 0x0D, 0x60, 0x00, 0x00, 0x00, 0x00, 0x33, 0xFC, 0x0F, 0x80,
    0x00, 0x00, 0x00, 0x02, 0x33, 0xFC, 0x0F, 0xA0, 0x00, 0x00, 0x00, 0x04, 0x4E, 0x75, 0xD1, 0xFC,
    0x00, 0x00, 0x00, 0x10, 0x30, 0x39, 0x00, 0x00, 0x01, 0x90, 0x08, 0x00, 0x00, 0x04, 0x67, 0x14,
    0x30, 0xFC, 0x00, 0x5D, 0x30, 0xFC, 0x00, 0x28, 0x30, 0xFC, 0x00, 0x16, 0x30, 0xBC, 0x00, 0x03,
    0x60, 0x00, 0x00, 0x4C, 0x08, 0x00, 0x00, 0x05, 0x67, 0x14, 0x30, 0xFC, 0x0F, 0xA0, 0x30, 0xFC,
    0x0B, 0x40, 0x30, 0xFC, 0x09, 0x30, 0x30, 0xBC, 0x07, 0x10, 0x60, 0x00, 0x00, 0x32, 0x08, 0x00,
    0x00, 0x03, 0x67, 0x14, 0x30, 0xFC, 0x0E, 0x00, 0x30, 0xFC, 0x09, 0x00, 0x30, 0xFC, 0x06, 0x00,
    0x30, 0xBC, 0x03, 0x00, 0x60, 0x00, 0x00, 0x18, 0x08, 0x00, 0x00, 0x06, 0x67, 0x10, 0x30, 0xFC,
    0x00, 0xC5, 0x30, 0xFC, 0x00, 0x82, 0x30, 0xFC, 0x00, 0x61, 0x30, 0xBC, 0x00, 0x40, 0x4E, 0x75,
    0x14, 0x18, 0x76, 0x07, 0xD4, 0x02, 0x64, 0x60, 0x1F, 0x18, 0x32, 0x1F, 0x12, 0x18, 0x38, 0x01,
    0x02, 0x41, 0xF8, 0x00, 0x02, 0x44, 0x07, 0xFF, 0x47, 0xD2, 0x96, 0xC4, 0xED, 0x59, 0x4E, 0xFB,
    0x10, 0x02, 0x14, 0xDB, 0x14, 0xDB, 0x14, 0xDB, 0x14, 0xDB, 0x14, 0xDB, 0x14, 0xDB, 0x14, 0xDB,
    0x14, 0xDB, 0x14, 0xDB, 0x14, 0xDB, 0x14, 0xDB, 0x14, 0xDB, 0x14, 0xDB, 0x14, 0xDB, 0x14, 0xDB,
    0x14, 0xDB, 0x14, 0xDB, 0x14, 0xDB, 0x14, 0xDB, 0x14, 0xDB, 0x14, 0xDB, 0x14, 0xDB, 0x14, 0xDB,
    0x14, 0xDB, 0x14, 0xDB, 0x14, 0xDB, 0x14, 0xDB, 0x14, 0xDB, 0x14, 0xDB, 0x14, 0xDB, 0x14, 0xDB,
    0x14, 0xDB, 0x14, 0xDB, 0x14, 0xDB, 0x60, 0x02, 0x14, 0xD8, 0xB1, 0xC9, 0x54, 0xCB, 0xFF, 0x96,
    0x65, 0x8E, 0x4E, 0x75,
};
static const IxReloc ix_program_h8_rel[276] = {
    { 0x00090, 2 },
    { 0x00096, 2 },
    { 0x0009C, 10 },
    { 0x000A2, 9 },
    { 0x000A8, 9 },
    { 0x000AE, 8 },
    { 0x000B4, 2 },
    { 0x000BA, 2 },
    { 0x000C0, 10 },
    { 0x000C6, 9 },
    { 0x000CC, 9 },
    { 0x000D2, 8 },
    { 0x000D8, 2 },
    { 0x000DE, 2 },
    { 0x000E4, 10 },
    { 0x000EA, 9 },
    { 0x000F0, 9 },
    { 0x000F6, 8 },
    { 0x00138, 10 },
    { 0x0013E, 30 },
    { 0x00144, 10 },
    { 0x0014A, 8 },
    { 0x00150, 2 },
    { 0x00156, 20 },
    { 0x0015C, 26 },
    { 0x00162, 10 },
    { 0x00168, 2 },
    { 0x0016E, 10 },
    { 0x00174, 8 },
    { 0x0017A, 2 },
    { 0x00180, 20 },
    { 0x00186, 9 },
    { 0x0018C, 10 },
    { 0x00192, 8 },
    { 0x00198, 18 },
    { 0x0019E, 33 },
    { 0x001AA, 18 },
    { 0x001B0, 18 },
    { 0x001B6, 31 },
    { 0x001BC, 2 },
    { 0x001C2, 10 },
    { 0x001C8, 8 },
    { 0x001CE, 2 },
    { 0x001D4, 20 },
    { 0x001DA, 31 },
    { 0x001E0, 33 },
    { 0x001EA, 2 },
    { 0x001F0, 10 },
    { 0x001F6, 8 },
    { 0x001FC, 2 },
    { 0x00202, 20 },
    { 0x00208, 31 },
    { 0x0020E, 33 },
    { 0x00218, 2 },
    { 0x0021E, 10 },
    { 0x00224, 8 },
    { 0x0022A, 2 },
    { 0x00230, 20 },
    { 0x00236, 9 },
    { 0x0023C, 10 },
    { 0x00242, 31 },
    { 0x00248, 33 },
    { 0x00252, 2 },
    { 0x00258, 10 },
    { 0x0025E, 8 },
    { 0x00264, 2 },
    { 0x0026A, 20 },
    { 0x00270, 9 },
    { 0x00276, 10 },
    { 0x0027C, 9 },
    { 0x00282, 8 },
    { 0x00288, 31 },
    { 0x0028E, 33 },
    { 0x00298, 2 },
    { 0x0029E, 10 },
    { 0x002A4, 8 },
    { 0x002AA, 2 },
    { 0x002B0, 20 },
    { 0x002B6, 9 },
    { 0x002BC, 10 },
    { 0x002C2, 9 },
    { 0x002C8, 8 },
    { 0x002CE, 31 },
    { 0x002D4, 33 },
    { 0x002DE, 2 },
    { 0x002E4, 10 },
    { 0x002EA, 8 },
    { 0x002F0, 2 },
    { 0x002F6, 20 },
    { 0x002FC, 9 },
    { 0x00302, 10 },
    { 0x00308, 9 },
    { 0x0030E, 8 },
    { 0x00314, 31 },
    { 0x0031A, 33 },
    { 0x00324, 2 },
    { 0x0032A, 10 },
    { 0x00330, 8 },
    { 0x00336, 2 },
    { 0x0033C, 20 },
    { 0x00342, 9 },
    { 0x00348, 10 },
    { 0x0034E, 9 },
    { 0x00354, 8 },
    { 0x0035A, 31 },
    { 0x00360, 33 },
    { 0x0036A, 11 },
    { 0x00370, 2 },
    { 0x00376, 8 },
    { 0x0037C, 2 },
    { 0x00382, 21 },
    { 0x00388, 8 },
    { 0x0038E, 21 },
    { 0x00394, 2 },
    { 0x0039E, 31 },
    { 0x003A6, 33 },
    { 0x003B0, 11 },
    { 0x003BA, 8 },
    { 0x003C0, 21 },
    { 0x003C6, 8 },
    { 0x003CC, 21 },
    { 0x003D2, 11 },
    { 0x003E0, 31 },
    { 0x003E8, 33 },
    { 0x003F2, 11 },
    { 0x003FC, 8 },
    { 0x00402, 21 },
    { 0x00408, 8 },
    { 0x0040E, 21 },
    { 0x00414, 11 },
    { 0x00422, 31 },
    { 0x0042A, 33 },
    { 0x00434, 11 },
    { 0x0043E, 8 },
    { 0x00444, 21 },
    { 0x0044A, 8 },
    { 0x00450, 21 },
    { 0x00456, 11 },
    { 0x00464, 31 },
    { 0x0046C, 33 },
    { 0x00476, 0 },
    { 0x0047C, 11 },
    { 0x00486, 8 },
    { 0x0048C, 21 },
    { 0x00492, 8 },
    { 0x00498, 21 },
    { 0x0049E, 11 },
    { 0x004AA, 2 },
    { 0x004B6, 3 },
    { 0x004BC, 8 },
    { 0x004C2, 21 },
    { 0x004C8, 8 },
    { 0x004CE, 18 },
    { 0x004D4, 3 },
    { 0x004E0, 18 },
    { 0x004E6, 18 },
    { 0x004EC, 3 },
    { 0x00502, 2 },
    { 0x00508, 10 },
    { 0x0050E, 8 },
    { 0x00514, 2 },
    { 0x0051A, 20 },
    { 0x00520, 9 },
    { 0x00526, 10 },
    { 0x0052C, 9 },
    { 0x00532, 8 },
    { 0x00538, 2 },
    { 0x0053E, 10 },
    { 0x00544, 8 },
    { 0x0054A, 2 },
    { 0x00550, 20 },
    { 0x00556, 9 },
    { 0x0055C, 10 },
    { 0x00562, 9 },
    { 0x00568, 8 },
    { 0x0056E, 2 },
    { 0x00574, 10 },
    { 0x0057A, 8 },
    { 0x00580, 2 },
    { 0x00586, 20 },
    { 0x0058C, 9 },
    { 0x00592, 10 },
    { 0x00598, 9 },
    { 0x0059E, 8 },
    { 0x005A4, 2 },
    { 0x005AA, 10 },
    { 0x005B0, 8 },
    { 0x005B6, 2 },
    { 0x005BC, 20 },
    { 0x005C2, 9 },
    { 0x005C8, 10 },
    { 0x005CE, 8 },
    { 0x005D4, 9 },
    { 0x005DA, 8 },
    { 0x005E0, 2 },
    { 0x005E6, 29 },
    { 0x005EC, 2 },
    { 0x005F2, 10 },
    { 0x005F8, 8 },
    { 0x005FE, 2 },
    { 0x00604, 20 },
    { 0x0060A, 9 },
    { 0x00610, 10 },
    { 0x00616, 2 },
    { 0x0061C, 10 },
    { 0x00622, 8 },
    { 0x00628, 2 },
    { 0x0062E, 20 },
    { 0x00634, 9 },
    { 0x0063A, 10 },
    { 0x00640, 11 },
    { 0x00646, 2 },
    { 0x0064C, 8 },
    { 0x00652, 2 },
    { 0x00658, 21 },
    { 0x0065E, 8 },
    { 0x00664, 21 },
    { 0x0066A, 2 },
    { 0x00672, 11 },
    { 0x0067C, 8 },
    { 0x00682, 21 },
    { 0x00688, 8 },
    { 0x0068E, 21 },
    { 0x00694, 11 },
    { 0x006A0, 11 },
    { 0x006AA, 8 },
    { 0x006B0, 21 },
    { 0x006B6, 8 },
    { 0x006BC, 21 },
    { 0x006C2, 11 },
    { 0x006CE, 11 },
    { 0x006D8, 8 },
    { 0x006DE, 21 },
    { 0x006E4, 8 },
    { 0x006EA, 21 },
    { 0x006F0, 11 },
    { 0x006FC, 11 },
    { 0x00706, 8 },
    { 0x0070C, 21 },
    { 0x00712, 8 },
    { 0x00718, 21 },
    { 0x0071E, 11 },
    { 0x0072A, 2 },
    { 0x00730, 11 },
    { 0x0073A, 8 },
    { 0x00740, 21 },
    { 0x00746, 8 },
    { 0x0074C, 21 },
    { 0x00752, 11 },
    { 0x0075E, 2 },
    { 0x00764, 3 },
    { 0x0076A, 8 },
    { 0x00770, 21 },
    { 0x00776, 8 },
    { 0x0077C, 18 },
    { 0x00782, 33 },
    { 0x0078E, 18 },
    { 0x00794, 18 },
    { 0x0079A, 8 },
    { 0x007A0, 18 },
    { 0x007A6, 3 },
    { 0x007B2, 18 },
    { 0x007B8, 18 },
    { 0x007BE, 3 },
    { 0x0093A, 9 },
    { 0x00940, 0 },
    { 0x00960, 9 },
    { 0x00968, 9 },
    { 0x00970, 9 },
    { 0x00994, 9 },
    { 0x0099C, 9 },
    { 0x009A4, 9 },
    { 0x009C8, 9 },
    { 0x009D0, 9 },
    { 0x009D8, 9 },
    { 0x009E6, 0 },
};


static const uint8_t ix_program_h10[3604] = {
    0x41, 0xF9, 0x00, 0x00, 0x01, 0x56, 0x20, 0xFC, 0x00, 0x00, 0x00, 0xDE, 0x20, 0xFC, 0x00, 0x00,
    0x00, 0xDE, 0x20, 0xFC, 0x00, 0x00, 0x00, 0xDE, 0x20, 0xFC, 0x00, 0x00, 0x00, 0xDE, 0x20, 0xFC,
    0x00, 0x00, 0x00, 0xDE, 0x20, 0xFC, 0x00, 0x00, 0x00, 0xDE, 0x20, 0xFC, 0x00, 0x00, 0x00, 0xDE,
    0x41, 0xF9, 0x00, 0x00, 0x18, 0x5C, 0x21, 0x7C, 0x00, 0x00, 0x07, 0x56, 0x00, 0x00, 0x21, 0x7C,
    0x00, 0x00, 0x07, 0x76, 0x00, 0x04, 0x21, 0x7C, 0x00, 0x00, 0x07, 0xA0, 0x00, 0x08, 0x21, 0x7C,
    0x00, 0x00, 0x07, 0xDE, 0x00, 0x0C, 0x21, 0x7C, 0x00, 0x00, 0x07, 0xE8, 0x00, 0x14, 0x21, 0x7C,
    0x00, 0x00, 0x08, 0x08, 0x00, 0x18, 0x21, 0x7C, 0x00, 0x00, 0x08, 0x08, 0x00, 0x1C, 0x21, 0x7C,
    0x00, 0x00, 0x08, 0x0A, 0x00, 0x24, 0x21, 0x7C, 0x00, 0x00, 0x08, 0x20, 0x00, 0x20, 0x21, 0x7C,
    0x00, 0x00, 0x08, 0xA4, 0x00, 0x30, 0x21, 0x7C, 0x00, 0x00, 0x08, 0xA6, 0x00, 0x2C, 0x21, 0x7C,
    0x00, 0x00, 0x08, 0xB0, 0x00, 0x34, 0x21, 0x7C, 0x00, 0x00, 0x08, 0xFE, 0x00, 0x48, 0x21, 0x7C,
    0x00, 0x00, 0x09, 0x08, 0x00, 0x38, 0x21, 0x7C, 0x00, 0x00, 0x09, 0x12, 0x00, 0x3C, 0x21, 0x7C,
    0x00, 0x00, 0x09, 0x32, 0x00, 0x40, 0x21, 0x7C, 0x00, 0x00, 0x09, 0x42, 0x00, 0x44, 0x21, 0x7C,
    0x00, 0x00, 0x09, 0x62, 0x00, 0x4C, 0x21, 0x7C, 0x00, 0x00, 0x09, 0xAE, 0x00, 0x50, 0x21, 0x7C,
    0x00, 0x00, 0x09, 0xFA, 0x00, 0x54, 0x21, 0x7C, 0x00, 0x00, 0x0A, 0x16, 0x00, 0x28, 0x23, 0xFC,
    0x00, 0x00, 0x10, 0x3C, 0x00, 0x00, 0x01, 0x16, 0x23, 0xFC, 0x00, 0x00, 0x14, 0x4C, 0x00, 0x00,
    0x01, 0x12, 0x4E, 0x75, 0x2E, 0x3C, 0x00, 0x00, 0x00, 0x27, 0x4D, 0xF9, 0x00, 0x00, 0x01, 0xA6,
    0xB3, 0xEE, 0x00, 0x18, 0x67, 0x00, 0x00, 0x10, 0xDD, 0xFC, 0x00, 0x00, 0x00, 0x2A, 0x51, 0xCF,
    0xFF, 0xF0, 0x70, 0x01, 0x4E, 0x75, 0x2A, 0x6E, 0x00, 0x24, 0x2E, 0x3C, 0x00, 0x00, 0x00, 0x2F,
    0x1A, 0xFC, 0x00, 0x00, 0x51, 0xCF, 0xFF, 0xFA, 0x2A, 0x6E, 0x00, 0x24, 0x2D, 0x48, 0x00, 0x02,
    0x2D, 0x49, 0x00, 0x18, 0x2D, 0x4A, 0x00, 0x1C, 0x3D, 0x40, 0x00, 0x06, 0x3D, 0x41, 0x00, 0x08,
    0x3D, 0x42, 0x00, 0x0A, 0x1D, 0x43, 0x00, 0x16, 0x1D, 0x45, 0x00, 0x20, 0x1D, 0x7C, 0x00, 0x01,
    0x00, 0x01, 0x70, 0x00, 0x4E, 0x75, 0x2E, 0x3C, 0x00, 0x00, 0x00, 0x27, 0x4D, 0xF9, 0x00, 0x00,
    0x01, 0xA6, 0xB3, 0xEE, 0x00, 0x18, 0x67, 0x00, 0x00, 0x10, 0xDD, 0xFC, 0x00, 0x00, 0x00, 0x2A,
    0x51, 0xCF, 0xFF, 0xF0, 0x70, 0x01, 0x4E, 0x75, 0x2A, 0x6E, 0x00, 0x24, 0x2E, 0x3C, 0x00, 0x00,
    0x00, 0x2F, 0x1A, 0xFC, 0x00, 0x00, 0x51, 0xCF, 0xFF, 0xFA, 0x2D, 0x48, 0x00, 0x02, 0x1D, 0x7C,
    0x00, 0x01, 0x00, 0x01, 0x70, 0x00, 0x4E, 0x75, 0x7E, 0x27, 0x4D, 0xF9, 0x00, 0x00, 0x01, 0xA6,
    0x4A, 0x2E, 0x00, 0x00, 0x67, 0x00, 0x00, 0x16, 0xDD, 0xFC, 0x00, 0x00, 0x00, 0x2A, 0x51, 0xCF,
    0xFF, 0xF0, 0x33, 0xFC, 0x00, 0x02, 0x00, 0x00, 0x01, 0x06, 0x4E, 0x75, 0x2A, 0x6E, 0x00, 0x24,
    0x2E, 0x3C, 0x00, 0x00, 0x00, 0x2F, 0x1A, 0xFC, 0x00, 0x00, 0x51, 0xCF, 0xFF, 0xFA, 0x2A, 0x6E,
    0x00, 0x24, 0x2D, 0x48, 0x00, 0x02, 0x2D, 0x49, 0x00, 0x18, 0x2D, 0x4A, 0x00, 0x1C, 0x3D, 0x40,
    0x00, 0x06, 0x3D, 0x41, 0x00, 0x08, 0x3D, 0x42, 0x00, 0x0A, 0x1D, 0x43, 0x00, 0x16, 0x1D, 0x45,
    0x00, 0x20, 0x1D, 0x7C, 0x00, 0x01, 0x00, 0x00, 0x1D, 0x7C, 0x00, 0x01, 0x00, 0x01, 0x70, 0x00,
    0x4E, 0x75, 0x2F, 0x0E, 0x4D, 0xF9, 0x00, 0x00, 0x01, 0xA6, 0x7E, 0x27, 0xB0, 0xAE, 0x00, 0x18,
    0x67, 0x10, 0xDD, 0xFC, 0x00, 0x00, 0x00, 0x2A, 0x51, 0xCF, 0xFF, 0xF2, 0x70, 0x00, 0x2C, 0x5F,
    0x4E, 0x75, 0x20, 0x0E, 0x2C, 0x5F, 0x4E, 0x75, 0x61, 0x00, 0xFF, 0xD8, 0x4A, 0x80, 0x67, 0x08,
    0x2C, 0x40, 0x0A, 0x6E, 0x00, 0x01, 0x00, 0x28, 0x4E, 0x75, 0x2E, 0x3C, 0x00, 0x00, 0x00, 0x27,
    0x4D, 0xF9, 0x00, 0x00, 0x01, 0xA6, 0xB0, 0xAE, 0x00, 0x18, 0x67, 0x0E, 0xDD, 0xFC, 0x00, 0x00,
    0x00, 0x2A, 0x51, 0xCF, 0xFF, 0xF2, 0x70, 0x01, 0x4E, 0x75, 0x3D, 0x7C, 0x00, 0x00, 0x00, 0x00,
    0x70, 0x00, 0x4E, 0x75, 0x41, 0xF9, 0x00, 0x00, 0x01, 0xA6, 0x20, 0x3C, 0x00, 0x00, 0x06, 0x8F,
    0x10, 0xFC, 0x00, 0x00, 0x51, 0xC8, 0xFF, 0xFA, 0x41, 0xF9, 0x00, 0x00, 0x08, 0x60, 0x20, 0x3C,
    0x00, 0x00, 0x00, 0x2F, 0x10, 0xFC, 0x00, 0x00, 0x51, 0xC8, 0xFF, 0xFA, 0x4E, 0xB9, 0x00, 0x00,
    0x0B, 0x46, 0x41, 0xF9, 0x00, 0x00, 0x01, 0xA6, 0x43, 0xF9, 0x00, 0x00, 0x08, 0x60, 0x20, 0x3C,
    0x00, 0x00, 0x00, 0x27, 0x72, 0x01, 0x21, 0x49, 0x00, 0x24, 0x52, 0x81, 0xD3, 0xFC, 0x00, 0x00,
    0x00, 0x30, 0xD1, 0xFC, 0x00, 0x00, 0x00, 0x2A, 0x51, 0xC8, 0xFF, 0xEC, 0x4E, 0x75, 0x4D, 0xF9,
    0x00, 0x00, 0x01, 0xA6, 0x7E, 0x27, 0x4A, 0x2E, 0x00, 0x00, 0x67, 0x52, 0x4A, 0x2E, 0x00, 0x01,
    0x66, 0x4C, 0x48, 0xE7, 0x01, 0x02, 0x70, 0x00, 0x10, 0x2E, 0x00, 0x20, 0x43, 0xF9, 0x00, 0x00,
    0x00, 0x28, 0x22, 0x71, 0x00, 0x00, 0x4E, 0x91, 0x4C, 0xDF, 0x40, 0x80, 0xB1, 0xFC, 0xFF, 0xFF,
    0xFF, 0xFF, 0x67, 0x2A, 0xB1, 0xFC, 0x00, 0x00, 0x00, 0x00, 0x67, 0x1C, 0x2D, 0x48, 0x00, 0x02,
    0x3D, 0x40, 0x00, 0x06, 0x3D, 0x41, 0x00, 0x08, 0x3D, 0x42, 0x00, 0x0A, 0x1D, 0x43, 0x00, 0x16,
    0x1D, 0x7C, 0x00, 0x01, 0x00, 0x01, 0x60, 0x06, 0x3D, 0x7C, 0x00, 0x00, 0x00, 0x00, 0xDD, 0xFC,
    0x00, 0x00, 0x00, 0x2A, 0x51, 0xCF, 0xFF, 0xA0, 0x4E, 0x75, 0x4E, 0xB9, 0x00, 0x00, 0x06, 0xD4,
    0x43, 0xF9, 0x00, 0x00, 0x01, 0xA6, 0x33, 0xFC, 0x00, 0x00, 0x00, 0x00, 0x01, 0x08, 0x23, 0xC9,
    0x00, 0x00, 0x01, 0x1A, 0x4A, 0x29, 0x00, 0x00, 0x67, 0x00, 0x00, 0x6A, 0x4A, 0x69, 0x00, 0x28,
    0x66, 0x00, 0x00, 0x62, 0x2A, 0x69, 0x00, 0x24, 0x33, 0xFC, 0x00, 0x00, 0x00, 0x00, 0x00, 0x08,
    0x4A, 0x2D, 0x00, 0x12, 0x66, 0x08, 0x4E, 0xB9, 0x00, 0x00, 0x03, 0xCE, 0x60, 0x46, 0x41, 0xF9,
    0x00, 0x00, 0x08, 0x36, 0x24, 0x79, 0x00, 0x00, 0x01, 0x1A, 0x20, 0x3C, 0x00, 0x00, 0x00, 0x29,
    0x10, 0xDA, 0x51, 0xC8, 0xFF, 0xFC, 0x24, 0x49, 0x43, 0xF9, 0x00, 0x00, 0x08, 0x36, 0x33, 0x7C,
    0x00, 0x00, 0x00, 0x08, 0x23, 0x6D, 0x00, 0x14, 0x00, 0x02, 0x23, 0x7C, 0x00, 0x00, 0x0F, 0xE0,
    0x00, 0x24, 0x4E, 0xB9, 0x00, 0x00, 0x03, 0xCE, 0x22, 0x79, 0x00, 0x00, 0x01, 0x1A, 0x4E, 0xB9,
    0x00, 0x00, 0x03, 0xCE, 0xD3, 0xFC, 0x00, 0x00, 0x00, 0x2A, 0x52, 0x79, 0x00, 0x00, 0x01, 0x08,
    0x0C, 0x79, 0x00, 0x28, 0x00, 0x00, 0x01, 0x08, 0x66, 0x00, 0xFF, 0x74, 0x4E, 0x75, 0x2F, 0x09,
    0x4A, 0xA9, 0x00, 0x02, 0x67, 0x00, 0x02, 0xBE, 0x2C, 0x69, 0x00, 0x02, 0xB3, 0x81, 0xB5, 0x82,
    0xB1, 0x80, 0x2C, 0x69, 0x00, 0x02, 0x10, 0x2E, 0x00, 0x00, 0xB0, 0x3C, 0x00, 0xFF, 0x66, 0x06,
    0x4E, 0xF9, 0x00, 0x00, 0x05, 0xC2, 0xB0, 0x3C, 0x00, 0xFD, 0x66, 0x0C, 0x2A, 0x69, 0x00, 0x24,
    0x23, 0x6D, 0x00, 0x20, 0x00, 0x02, 0x60, 0xD8, 0xB0, 0x3C, 0x00, 0xFE, 0x66, 0x0C, 0x2A, 0x69,
    0x00, 0x24, 0x23, 0x6D, 0x00, 0x08, 0x00, 0x02, 0x60, 0xC6, 0x08, 0x00, 0x00, 0x07, 0x67, 0x12,
    0x08, 0x80, 0x00, 0x07, 0x41, 0xF9, 0x00, 0x00, 0x18, 0x5C, 0x20, 0x70, 0x00, 0x00, 0x4E, 0x90,
    0x60, 0xAE, 0x20, 0x69, 0x00, 0x1C, 0x02, 0x00, 0x00, 0x1F, 0x20, 0x70, 0x00, 0x00, 0x10, 0x2E,
    0x00, 0x01, 0x13, 0x40, 0x00, 0x15, 0x61, 0x00, 0x02, 0x50, 0x08, 0x29, 0x00, 0x01, 0x00, 0x16,
    0x66, 0x26, 0xB3, 0x81, 0xB5, 0x82, 0x14, 0x2E, 0x00, 0x02, 0x48, 0x82, 0x32, 0x2E, 0x00, 0x04,
    0xD2, 0x69, 0x00, 0x06, 0xD4, 0x69, 0x00, 0x08, 0xD4, 0x69, 0x00, 0x0A, 0x33, 0x41, 0x00, 0x0C,
    0x33, 0x42, 0x00, 0x0E, 0x60, 0x00, 0x00, 0x2C, 0xB3, 0x81, 0xB5, 0x82, 0x14, 0x2E, 0x00, 0x02,
    0x6A, 0x04, 0x00, 0x42, 0xFF, 0x00, 0x32, 0x29, 0x00, 0x06, 0x92, 0x6E, 0x00, 0x04, 0x92, 0x69,
    0x00, 0x10, 0xD4, 0x69, 0x00, 0x08, 0xD4, 0x69, 0x00, 0x0A, 0x33, 0x41, 0x00, 0x0C, 0x33, 0x42,
    0x00, 0x0E, 0x08, 0x2E, 0x00, 0x06, 0x00, 0x03, 0x66, 0x18, 0x48, 0xE7, 0xFF, 0xFE, 0x36, 0x02,
    0x34, 0x29, 0x00, 0x10, 0x38, 0x29, 0x00, 0x12, 0x4E, 0xB9, 0x00, 0x00, 0x0B, 0x78, 0x4C, 0xDF,
    0x7F, 0xFF, 0xB1, 0x80, 0xB7, 0x83, 0x13, 0x6E, 0x00, 0x03, 0x00, 0x14, 0x16, 0x2E, 0x00, 0x03,
    0x10, 0x29, 0x00, 0x15, 0x08, 0x03, 0x00, 0x04, 0x67, 0x30, 0x48, 0xE7, 0xFF, 0xFE, 0x48, 0xE7,
    0xF0, 0x80, 0x20, 0x39, 0x00, 0x00, 0x02, 0x12, 0x4E, 0xB9, 0x00, 0x00, 0x0D, 0x9A, 0x4C, 0xDF,
    0x01, 0x0F, 0x4E, 0xB9, 0x00, 0x00, 0x02, 0x2C, 0x20, 0x39, 0x00, 0x00, 0x00, 0x04, 0x4E, 0xB9,
    0x00, 0x00, 0x0D, 0x9A, 0x4C, 0xDF, 0x7F, 0xFF, 0x60, 0x2E, 0x2A, 0x79, 0x00, 0x00, 0x01, 0x1E,
    0x3B, 0x69, 0x00, 0x0C, 0x00, 0x00, 0x3B, 0x69, 0x00, 0x0E, 0x00, 0x02, 0x3B, 0x69, 0x00, 0x10,
    0x00, 0x04, 0x3B, 0x69, 0x00, 0x12, 0x00, 0x06, 0x3B, 0x7C, 0xFF, 0xFF, 0x00, 0x0C, 0x06, 0xB9,
    0x00, 0x00, 0x00, 0x08, 0x00, 0x00, 0x01, 0x1E, 0x08, 0x03, 0x00, 0x01, 0x67, 0x28, 0x28, 0x79,
    0x00, 0x00, 0x01, 0x2A, 0x29, 0x48, 0x00, 0x00, 0x39, 0x40, 0x00, 0x04, 0x39, 0x41, 0x00, 0x06,
    0x39, 0x42, 0x00, 0x08, 0x29, 0x7C, 0x00, 0x00, 0x00, 0x00, 0x00, 0x0A, 0x06, 0xB9, 0x00, 0x00,
    0x00, 0x0A, 0x00, 0x00, 0x01, 0x2A, 0x08, 0x03, 0x00, 0x00, 0x67, 0x28, 0x28, 0x79, 0x00, 0x00,
    0x01, 0x26, 0x29, 0x48, 0x00, 0x00, 0x39, 0x40, 0x00, 0x04, 0x39, 0x41, 0x00, 0x06, 0x39, 0x42,
    0x00, 0x08, 0x29, 0x7C, 0x00, 0x00, 0x00, 0x00, 0x00, 0x0A, 0x06, 0xB9, 0x00, 0x00, 0x00, 0x0A,
    0x00, 0x00, 0x01, 0x26, 0x33, 0xFC, 0x00, 0x00, 0x00, 0x00, 0x00, 0x18, 0x08, 0x03, 0x00, 0x05,
    0x67, 0x08, 0x33, 0xFC, 0x00, 0x01, 0x00, 0x00, 0x00, 0x18, 0x2F, 0x09, 0x4E, 0xB9, 0x00, 0x00,
    0x02, 0x2C, 0x22, 0x5F, 0x06, 0xA9, 0x00, 0x00, 0x00, 0x06, 0x00, 0x02, 0x4E, 0xF9, 0x00, 0x00,
    0x03, 0xD0, 0x2A, 0x69, 0x00, 0x24, 0x4A, 0x2D, 0x00, 0x01, 0x67, 0x00, 0x00, 0x16, 0x04, 0x2D,
    0x00, 0x01, 0x00, 0x00, 0x67, 0x00, 0x00, 0x0C, 0x23, 0x6D, 0x00, 0x02, 0x00, 0x02, 0x60, 0x00,
    0x00, 0xB4, 0x1B, 0x7C, 0x00, 0x00, 0x00, 0x01, 0x4A, 0x2D, 0x00, 0x1A, 0x67, 0x12, 0x04, 0x2D,
    0x00, 0x01, 0x00, 0x1B, 0x6B, 0x2A, 0x4E, 0xB9, 0x00, 0x00, 0x08, 0xA8, 0x60, 0x00, 0x00, 0x96,
    0x1B, 0x7C, 0x00, 0x00, 0x00, 0x1A, 0x4A, 0x2D, 0x00, 0x2A, 0x67, 0x14, 0x20, 0x0D, 0x33, 0x41,
    0x00, 0x06, 0x33, 0x42, 0x00, 0x0A, 0x33, 0x43, 0x00, 0x08, 0x4A, 0x40, 0x67, 0x00, 0x00, 0x76,
    0x1B, 0x7C, 0x00, 0x00, 0x00, 0x2A, 0x4A, 0x2D, 0x00, 0x10, 0x67, 0x10, 0x1B, 0x7C, 0x00, 0x00,
    0x00, 0x10, 0x23, 0x6D, 0x00, 0x0C, 0x00, 0x02, 0x60, 0x00, 0x00, 0x5A, 0x10, 0x2E, 0x00, 0x01,
    0xB0, 0x3C, 0x00, 0xFF, 0x67, 0x2C, 0xB0, 0x3C, 0x00, 0xFE, 0x66, 0x1C, 0x4A, 0x2D, 0x00, 0x07,
    0x67, 0x10, 0x04, 0x2D, 0x00, 0x01, 0x00, 0x06, 0x67, 0x08, 0x23, 0x6D, 0x00, 0x08, 0x00, 0x02,
    0x60, 0x32, 0x1B, 0x7C, 0x00, 0x00, 0x00, 0x07, 0x06, 0xA9, 0x00, 0x00, 0x00, 0x02, 0x00, 0x02,
    0x60, 0x22, 0x4A, 0x2D, 0x00, 0x07, 0x67, 0x10, 0x04, 0x2D, 0x00, 0x01, 0x00, 0x06, 0x67, 0x08,
    0x23, 0x6D, 0x00, 0x08, 0x00, 0x02, 0x60, 0x0C, 0x1B, 0x7C, 0x00, 0x00, 0x00, 0x07, 0x13, 0x7C,
    0x00, 0x00, 0x00, 0x01, 0x22, 0x5F, 0x4E, 0x75, 0x48, 0xE7, 0xF0, 0xC0, 0x34, 0x00, 0x32, 0x00,
    0xE7, 0x48, 0xE3, 0x49, 0xD0, 0x41, 0x33, 0x70, 0x00, 0x0E, 0x00, 0x10, 0x33, 0x70, 0x00, 0x10,
    0x00, 0x12, 0x16, 0x30, 0x00, 0x12, 0xB6, 0x3C, 0x00, 0x01, 0x67, 0x00, 0x00, 0x06, 0x16, 0x3C,
    0x00, 0x03, 0xB6, 0x29, 0x00, 0x16, 0x67, 0x06, 0x30, 0x02, 0x61, 0x00, 0x07, 0x40, 0x4C, 0xDF,
    0x03, 0x0F, 0x4E, 0x75, 0x48, 0xE7, 0xE0, 0xE0, 0x22, 0x7C, 0x00, 0x00, 0x01, 0xA6, 0x20, 0x49,
    0x24, 0x3C, 0x00, 0x00, 0x00, 0x28, 0x20, 0x02, 0x04, 0x80, 0x00, 0x00, 0x00, 0x02, 0xB3, 0x81,
    0x36, 0x28, 0x00, 0x34, 0xB6, 0x68, 0x00, 0x0A, 0x64, 0x00, 0x00, 0x46, 0x2C, 0x7C, 0x00, 0x00,
    0x08, 0x36, 0x24, 0x48, 0x26, 0x4E, 0x2E, 0x3C, 0x00, 0x00, 0x00, 0x29, 0x16, 0xDA, 0x51, 0xCF,
    0xFF, 0xFC, 0x24, 0x48, 0x26, 0x48, 0xD5, 0xFC, 0x00, 0x00, 0x00, 0x2A, 0x2E, 0x3C, 0x00, 0x00,
    0x00, 0x29, 0x16, 0xDA, 0x51, 0xCF, 0xFF, 0xFC, 0x24, 0x48, 0x26, 0x4E, 0xD5, 0xFC, 0x00, 0x00,
    0x00, 0x2A, 0x2E, 0x3C, 0x00, 0x00, 0x00, 0x29, 0x14, 0xDB, 0x51, 0xCF, 0xFF, 0xFC, 0x72, 0x01,
    0xD1, 0xFC, 0x00, 0x00, 0x00, 0x2A, 0x51, 0xC8, 0xFF, 0xA8, 0x4A, 0x41, 0x66, 0x00, 0xFF, 0x8A,
    0x4C, 0xDF, 0x07, 0x07, 0x4E, 0x75, 0x0C, 0x2E, 0x00, 0xFF, 0x00, 0x01, 0x66, 0x08, 0x0A, 0x29,
    0x00, 0x02, 0x00, 0x16, 0x60, 0x06, 0x13, 0x6E, 0x00, 0x01, 0x00, 0x16, 0x06, 0xA9, 0x00, 0x00,
    0x00, 0x02, 0x00, 0x02, 0x4E, 0x75, 0x0C, 0x2E, 0x00, 0x03, 0x00, 0x01, 0x66, 0x08, 0x23, 0x6E,
    0x00, 0x02, 0x00, 0x02, 0x4E, 0x75, 0x2A, 0x69, 0x00, 0x24, 0x2B, 0x6E, 0x00, 0x02, 0x00, 0x0C,
    0x1B, 0x7C, 0x00, 0x01, 0x00, 0x10, 0x06, 0xA9, 0x00, 0x00, 0x00, 0x06, 0x00, 0x02, 0x4E, 0x75,
    0x2A, 0x69, 0x00, 0x24, 0x4A, 0x2E, 0x00, 0x01, 0x66, 0x18, 0x20, 0x39, 0x00, 0x00, 0x00, 0x0A,
    0x02, 0x00, 0x00, 0x1F, 0x4A, 0x00, 0x66, 0x04, 0x10, 0x3C, 0x00, 0x01, 0x1B, 0x40, 0x00, 0x00,
    0x60, 0x06, 0x1B, 0x6E, 0x00, 0x01, 0x00, 0x00, 0x1B, 0x7C, 0x00, 0x01, 0x00, 0x01, 0x06, 0xA9,
    0x00, 0x00, 0x00, 0x02, 0x00, 0x02, 0x2B, 0x69, 0x00, 0x02, 0x00, 0x02, 0x4E, 0x75, 0x06, 0xA9,
    0x00, 0x00, 0x00, 0x08, 0x00, 0x02, 0x4E, 0x75, 0x2A, 0x69, 0x00, 0x24, 0x1B, 0x6E, 0x00, 0x01,
    0x00, 0x06, 0x1B, 0x7C, 0x00, 0x01, 0x00, 0x07, 0x06, 0xA9, 0x00, 0x00, 0x00, 0x02, 0x00, 0x02,
    0x2B, 0x69, 0x00, 0x02, 0x00, 0x08, 0x4E, 0x75, 0x4E, 0x75, 0x48, 0xE7, 0x00, 0xC2, 0x10, 0x2E,
    0x00, 0x01, 0x06, 0xA9, 0x00, 0x00, 0x00, 0x04, 0x00, 0x02, 0x4C, 0xDF, 0x43, 0x00, 0x4E, 0x75,
    0x08, 0x2E, 0x00, 0x06, 0x00, 0x01, 0x67, 0x14, 0x33, 0x6E, 0x00, 0x02, 0x00, 0x06, 0x33, 0x6E,
    0x00, 0x04, 0x00, 0x08, 0x33, 0x6E, 0x00, 0x06, 0x00, 0x0A, 0x60, 0x5E, 0x30, 0x2E, 0x00, 0x02,
    0x0C, 0x29, 0x00, 0x03, 0x00, 0x16, 0x67, 0x14, 0x08, 0x2E, 0x00, 0x00, 0x00, 0x01, 0x67, 0x06,
    0xD1, 0x69, 0x00, 0x06, 0x60, 0x18, 0x91, 0x69, 0x00, 0x06, 0x60, 0x12, 0x08, 0x2E, 0x00, 0x00,
    0x00, 0x01, 0x66, 0x06, 0xD1, 0x69, 0x00, 0x06, 0x60, 0x04, 0x91, 0x69, 0x00, 0x06, 0x30, 0x2E,
    0x00, 0x04, 0x08, 0x2E, 0x00, 0x03, 0x00, 0x01, 0x66, 0x06, 0xD1, 0x69, 0x00, 0x08, 0x60, 0x04,
    0x91, 0x69, 0x00, 0x08, 0x30, 0x2E, 0x00, 0x06, 0x08, 0x2E, 0x00, 0x05, 0x00, 0x01, 0x66, 0x06,
    0xD1, 0x69, 0x00, 0x0A, 0x60, 0x04, 0x91, 0x69, 0x00, 0x0A, 0x06, 0xA9, 0x00, 0x00, 0x00, 0x08,
    0x00, 0x02, 0x4E, 0x75, 0x4E, 0x75, 0x4E, 0x75, 0x4E, 0x75, 0x00, 0x00, 0x4E, 0x75, 0x4E, 0x75,
    0x48, 0xE7, 0xFF, 0xFE, 0x4A, 0x2E, 0x00, 0x01, 0x67, 0x18, 0x41, 0xF9, 0x00, 0x00, 0x01, 0x2E,
    0x70, 0x00, 0x10, 0x2E, 0x00, 0x01, 0x53, 0x40, 0xE5, 0x88, 0x20, 0x70, 0x00, 0x00, 0x4E, 0x90,
    0x60, 0x1E, 0x30, 0x29, 0x00, 0x06, 0x32, 0x29, 0x00, 0x08, 0x34, 0x29, 0x00, 0x0A, 0x16, 0x29,
    0x00, 0x16, 0x24, 0x69, 0x00, 0x1C, 0x22, 0x69, 0x00, 0x18, 0x20, 0x6E, 0x00, 0x02, 0x4E, 0x90,
    0x4C, 0xDF, 0x7F, 0xFF, 0x06, 0xA9, 0x00, 0x00, 0x00, 0x06, 0x00, 0x02, 0x4E, 0x75, 0x06, 0xA9,
    0x00, 0x00, 0x00, 0x06, 0x00, 0x02, 0x4E, 0x75, 0x06, 0xA9, 0x00, 0x00, 0x00, 0x06, 0x00, 0x02,
    0x4E, 0x75, 0x06, 0xA9, 0x00, 0x00, 0x00, 0x06, 0x00, 0x02, 0x4E, 0x75, 0x20, 0x6E, 0x00, 0x02,
    0x30, 0x2E, 0x00, 0x06, 0x32, 0x2E, 0x00, 0x08, 0x34, 0x2E, 0x00, 0x0A, 0x16, 0x2E, 0x00, 0x16,
    0x4E, 0x75, 0x33, 0x7C, 0x00, 0x00, 0x00, 0x00, 0x06, 0xA9, 0x00, 0x00, 0x00, 0x02, 0x00, 0x02,
    0x4E, 0x75, 0x4B, 0xF9, 0x00, 0x00, 0x01, 0x56, 0x70, 0x00, 0x10, 0x2E, 0x00, 0x01, 0x53, 0x40,
    0xE5, 0x48, 0x23, 0x75, 0x00, 0x00, 0x00, 0x1C, 0x06, 0xA9, 0x00, 0x00, 0x00, 0x02, 0x00, 0x02,
    0x4E, 0x75, 0x2A, 0x69, 0x00, 0x18, 0x30, 0x2E, 0x00, 0x02, 0x08, 0x2E, 0x00, 0x00, 0x00, 0x01,
    0x66, 0x24, 0x08, 0x2E, 0x00, 0x01, 0x00, 0x01, 0x66, 0x0E, 0x4A, 0xB5, 0x00, 0x00, 0x66, 0x24,
    0x23, 0x6E, 0x00, 0x04, 0x00, 0x02, 0x4E, 0x75, 0x4A, 0x75, 0x00, 0x00, 0x66, 0x16, 0x23, 0x6E,
    0x00, 0x04, 0x00, 0x02, 0x4E, 0x75, 0x4A, 0x35, 0x00, 0x00, 0x66, 0x08, 0x23, 0x6E, 0x00, 0x04,
    0x00, 0x02, 0x4E, 0x75, 0x06, 0xA9, 0x00, 0x00, 0x00, 0x08, 0x00, 0x02, 0x4E, 0x75, 0x2A, 0x69,
    0x00, 0x18, 0x30, 0x2E, 0x00, 0x02, 0x08, 0x2E, 0x00, 0x00, 0x00, 0x01, 0x66, 0x24, 0x08, 0x2E,
    0x00, 0x01, 0x00, 0x01, 0x66, 0x0E, 0x4A, 0xB5, 0x00, 0x00, 0x67, 0x24, 0x23, 0x6E, 0x00, 0x04,
    0x00, 0x02, 0x4E, 0x75, 0x4A, 0x75, 0x00, 0x00, 0x67, 0x16, 0x23, 0x6E, 0x00, 0x04, 0x00, 0x02,
    0x4E, 0x75, 0x4A, 0x35, 0x00, 0x00, 0x67, 0x08, 0x23, 0x6E, 0x00, 0x04, 0x00, 0x02, 0x4E, 0x75,
    0x06, 0xA9, 0x00, 0x00, 0x00, 0x08, 0x00, 0x02, 0x4E, 0x75, 0x2A, 0x69, 0x00, 0x24, 0x2E, 0x3C,
    0x00, 0x00, 0x00, 0x2F, 0x1A, 0xFC, 0x00, 0x00, 0x51, 0xCF, 0xFF, 0xFA, 0x06, 0xA9, 0x00, 0x00,
    0x00, 0x02, 0x00, 0x02, 0x4E, 0x75, 0x4E, 0x75, 0x23, 0xFC, 0x00, 0x00, 0x00, 0x00, 0x00, 0x00,
    0x00, 0x80, 0x23, 0xF9, 0x00, 0x00, 0x00, 0x04, 0x00, 0x00, 0x01, 0x22, 0x2C, 0x79, 0x00, 0x00,
    0x01, 0x12, 0x0C, 0x6E, 0xFF, 0xFF, 0x00, 0x04, 0x67, 0x2E, 0x0C, 0xB9, 0x00, 0x00, 0x00, 0x82,
    0x00, 0x00, 0x00, 0x80, 0x67, 0x22, 0x4A, 0x6E, 0x00, 0x06, 0x67, 0x1C, 0x4A, 0x6E, 0x00, 0x04,
    0x67, 0x16, 0x61, 0x18, 0xDD, 0xFC, 0x00, 0x00, 0x00, 0x08, 0x06, 0xB9, 0x00, 0x00, 0x00, 0x01,
    0x00, 0x00, 0x00, 0x80, 0x60, 0x00, 0xFF, 0xCC, 0x4E, 0x75, 0x4E, 0x75, 0x30, 0x2E, 0x00, 0x00,
    0x32, 0x2E, 0x00, 0x02, 0xB2, 0x7C, 0x00, 0xC8, 0x6C, 0xF0, 0x34, 0x2E, 0x00, 0x04, 0xD4, 0x40,
    0xE6, 0x40, 0x08, 0x80, 0x00, 0x00, 0xB0, 0x7C, 0x00, 0x28, 0x6C, 0xDE, 0xE6, 0x42, 0x08, 0x82,
    0x00, 0x00, 0x4A, 0x42, 0x6D, 0xD4, 0x94, 0x40, 0x54, 0x42, 0xE2, 0x42, 0x36, 0x2E, 0x00, 0x06,
    0x38, 0x03, 0xD8, 0x41, 0x6F, 0xC4, 0x4A, 0x40, 0x6C, 0x08, 0xE2, 0x40, 0xD4, 0x40, 0x6F, 0xBA,
    0x42, 0x40, 0x38, 0x00, 0xD8, 0x42, 0xD8, 0x42, 0x04, 0x44, 0x00, 0x28, 0x6F, 0x06, 0xE2, 0x44,
    0x94, 0x44, 0x6F, 0xA6, 0x4A, 0x41, 0x6C, 0x06, 0xD6, 0x41, 0x6F, 0x9E, 0x42, 0x41, 0x38, 0x01,
    0xD8, 0x43, 0x04, 0x44, 0x00, 0xC8, 0x6F, 0x04, 0x96, 0x44, 0x6F, 0x8E, 0xC2, 0xFC, 0x00, 0x28,
    0xD0, 0x41, 0x20, 0x79, 0x00, 0x00, 0x02, 0x12, 0x22, 0x79, 0x00, 0x00, 0x00, 0x04, 0x41, 0xF0,
    0x00, 0x00, 0x43, 0xF1, 0x00, 0x00, 0x70, 0x28, 0x90, 0x42, 0x90, 0x42, 0x32, 0x00, 0x3F, 0x03,
    0x4E, 0xB9, 0x00, 0x00, 0x00, 0x36, 0x41, 0xE8, 0x1F, 0x40, 0x43, 0xE9, 0x1F, 0x40, 0x36, 0x17,
    0x4E, 0xB9, 0x00, 0x00, 0x00, 0x36, 0x41, 0xE8, 0x1F, 0x40, 0x43, 0xE9, 0x1F, 0x40, 0x36, 0x17,
    0x4E, 0xB9, 0x00, 0x00, 0x00, 0x36, 0x41, 0xE8, 0x1F, 0x40, 0x43, 0xE9, 0x1F, 0x40, 0x36, 0x17,
    0x4E, 0xB9, 0x00, 0x00, 0x00, 0x36, 0x41, 0xE8, 0x1F, 0x40, 0x43, 0xE9, 0x1F, 0x40, 0x36, 0x1F,
    0x4E, 0xF9, 0x00, 0x00, 0x00, 0x36, 0x41, 0xF9, 0x00, 0x00, 0x10, 0x3C, 0x20, 0x3C, 0x00, 0x00,
    0x08, 0x1F, 0x10, 0xFC, 0x00, 0xFF, 0x51, 0xC8, 0xFF, 0xFA, 0x4E, 0x75, 0x70, 0x00, 0x32, 0x29,
    0x00, 0x0A, 0x34, 0x28, 0x00, 0x0A, 0x94, 0x41, 0x6A, 0x02, 0x46, 0x42, 0xB4, 0x7C, 0x00, 0x0A,
    0x6E, 0x02, 0x70, 0x01, 0x4E, 0x75, 0x00, 0x00, 0x4A, 0x79, 0x00, 0x00, 0x00, 0x08, 0x66, 0x20,
    0x33, 0xC1, 0x00, 0x00, 0x00, 0x02, 0x33, 0xC1, 0x00, 0x00, 0x00, 0x00, 0x33, 0xC3, 0x00, 0x00,
    0x00, 0x04, 0x33, 0xC3, 0x00, 0x00, 0x00, 0x06, 0x33, 0xFC, 0x00, 0x01, 0x00, 0x00, 0x00, 0x08,
    0xB2, 0x79, 0x00, 0x00, 0x00, 0x02, 0x6E, 0x06, 0x33, 0xC1, 0x00, 0x00, 0x00, 0x02, 0xD2, 0x42,
    0xB2, 0x79, 0x00, 0x00, 0x00, 0x00, 0x6D, 0x06, 0x33, 0xC1, 0x00, 0x00, 0x00, 0x00, 0xB6, 0x79,
    0x00, 0x00, 0x00, 0x04, 0x6E, 0x06, 0x33, 0xC3, 0x00, 0x00, 0x00, 0x04, 0xD6, 0x44, 0xB6, 0x79,
    0x00, 0x00, 0x00, 0x06, 0x6D, 0x06, 0x33, 0xC3, 0x00, 0x00, 0x00, 0x06, 0x4E, 0x75, 0xB4, 0x80,
    0x6B, 0x10, 0xB4, 0x81, 0x6B, 0x08, 0xB6, 0x80, 0x6B, 0x0C, 0xB6, 0x81, 0x6C, 0x08, 0x52, 0x45,
    0x4E, 0x75, 0xB6, 0x80, 0x6C, 0xF8, 0x4E, 0x75, 0x48, 0xE7, 0x00, 0x60, 0x22, 0x7C, 0x00, 0xDF,
    0xF1, 0x80, 0x24, 0x79, 0x00, 0x00, 0x00, 0x0A, 0x70, 0x20, 0x32, 0xFC, 0x00, 0x00, 0x34, 0xFC,
    0x00, 0x00, 0x56, 0xC8, 0xFF, 0xF6, 0x4C, 0xDF, 0x06, 0x00, 0x4E, 0x75, 0x41, 0xF9, 0x00, 0x00,
    0x0D, 0xCA, 0x70, 0x02, 0x4E, 0xB9, 0x00, 0x00, 0x00, 0x1A, 0x4E, 0x75, 0x20, 0x3C, 0x00, 0x00,
    0x00, 0x1F, 0x43, 0xF9, 0x00, 0x00, 0x01, 0x46, 0x30, 0xD9, 0x51, 0xC8, 0xFF, 0xFC, 0x4E, 0x75,
    0x22, 0x79, 0x00, 0x00, 0x00, 0x0A, 0x70, 0x1F, 0x32, 0xD8, 0x51, 0xC8, 0xFF, 0xFC, 0x4E, 0x75,
    0x2F, 0x08, 0x41, 0xF9, 0x00, 0x00, 0x0D, 0xCA, 0x70, 0x02, 0x4E, 0xB9, 0x00, 0x00, 0x00, 0x1A,
    0x20, 0x3C, 0x00, 0x00, 0x00, 0x24, 0x4E, 0xB9, 0x00, 0x00, 0x06, 0x58, 0x20, 0x5F, 0x4E, 0x75,
    0x20, 0x39, 0x00, 0x00, 0x0C, 0x8C, 0x4E, 0xB9, 0x00, 0x00, 0x00, 0x1A, 0x20, 0x39, 0x00, 0x00,
    0x0C, 0x8C, 0xE9, 0x88, 0x4E, 0xB9, 0x00, 0x00, 0x06, 0x58, 0x4E, 0x75, 0x00, 0x00, 0x00, 0x02,
    0x00, 0x00, 0x4E, 0xB9, 0x00, 0x00, 0x05, 0x3E, 0x20, 0x39, 0x00, 0x00, 0x01, 0x12, 0x23, 0xF9,
    0x00, 0x00, 0x01, 0x16, 0x00, 0x00, 0x01, 0x12, 0x23, 0xC0, 0x00, 0x00, 0x01, 0x16, 0x23, 0xF9,
    0x00, 0x00, 0x01, 0x12, 0x00, 0x00, 0x01, 0x1E, 0x20, 0x39, 0x00, 0x00, 0x00, 0x04, 0x61, 0x00,
    0x00, 0xDA, 0x4E, 0x75, 0x20, 0x79, 0x00, 0x00, 0x02, 0x12, 0x22, 0x79, 0x00, 0x00, 0x00, 0x00,
    0x61, 0x10, 0x20, 0x79, 0x00, 0x00, 0x02, 0x12, 0x22, 0x79, 0x00, 0x00, 0x00, 0x04, 0x61, 0x02,
    0x4E, 0x75, 0x23, 0xC8, 0x00, 0x00, 0x0D, 0x62, 0x23, 0xC9, 0x00, 0x00, 0x0D, 0x66, 0x70, 0x04,
    0x23, 0xF9, 0x00, 0x00, 0x0D, 0x62, 0x00, 0xDF, 0xF0, 0x50, 0x23, 0xF9, 0x00, 0x00, 0x0D, 0x66,
    0x00, 0xDF, 0xF0, 0x54, 0x33, 0xFC, 0x00, 0x00, 0x00, 0xDF, 0xF0, 0x64, 0x33, 0xFC, 0x00, 0x00,
    0x00, 0xDF, 0xF0, 0x66, 0x33, 0xFC, 0xFF, 0xFF, 0x00, 0xDF, 0xF0, 0x44, 0x33, 0xFC, 0xFF, 0xFF,
    0x00, 0xDF, 0xF0, 0x46, 0x33, 0xFC, 0x09, 0xF0, 0x00, 0xDF, 0xF0, 0x40, 0x33, 0xFC, 0x00, 0x00,
    0x00, 0xDF, 0xF0, 0x42, 0x4E, 0xB9, 0x00, 0x00, 0x04, 0x1A, 0x33, 0xFC, 0x32, 0x14, 0x00, 0xDF,
    0xF0, 0x58, 0x06, 0xB9, 0x00, 0x00, 0x1F, 0x40, 0x00, 0x00, 0x0D, 0x62, 0x06, 0xB9, 0x00, 0x00,
    0x1F, 0x40, 0x00, 0x00, 0x0D, 0x66, 0x51, 0xC8, 0xFF, 0xDC, 0x4E, 0xB9, 0x00, 0x00, 0x04, 0x1A,
    0x4E, 0x75, 0x00, 0x07, 0x5A, 0x3C, 0x00, 0x06, 0xBD, 0xFA, 0x20, 0x3C, 0x00, 0x00, 0x27, 0x10,
    0x22, 0xD8, 0x53, 0x80, 0x66, 0xFA, 0x4E, 0x75, 0x20, 0x3C, 0x00, 0x00, 0x1F, 0x40, 0x22, 0xD8,
    0x53, 0x80, 0x66, 0xFA, 0x4E, 0x75, 0x20, 0x3C, 0x00, 0x00, 0x00, 0x1F, 0x45, 0xF9, 0x00, 0x00,
    0x00, 0x5E, 0x34, 0xD8, 0x51, 0xC8, 0xFF, 0xFC, 0x4E, 0x75, 0x22, 0x40, 0x06, 0x80, 0x00, 0x00,
    0x1F, 0x40, 0x24, 0x40, 0x06, 0x80, 0x00, 0x00, 0x1F, 0x40, 0x26, 0x40, 0x06, 0x80, 0x00, 0x00,
    0x1F, 0x40, 0x28, 0x40, 0x06, 0x80, 0x00, 0x00, 0x1F, 0x40, 0x2A, 0x40, 0x4E, 0xB9, 0x00, 0x00,
    0x00, 0x18, 0x4E, 0x75, 0x4E, 0x75, 0x4E, 0x75, 0x4E, 0x75, 0x00, 0x00, 0x00, 0x00, 0x00, 0x00,
    0x00, 0x00, 0x00, 0x00, 0x00, 0x00, 0x00, 0x00, 0x00, 0x00, 0x00, 0x00, 0x00, 0x00, 0x00, 0x00,
    0x00, 0x00, 0x00, 0x00, 0x00, 0x00, 0x00, 0x00, 0x00, 0x00, 0x00, 0x00, 0x00, 0x00, 0x00, 0x00,
    0x00, 0x00, 0x00, 0x00, 0x00, 0x00, 0x00, 0x00, 0x00, 0x00, 0x00, 0x00, 0x00, 0x00, 0x00, 0x00,
    0x00, 0x00, 0x00, 0x00, 0x00, 0x00, 0x00, 0x00, 0x00, 0x00, 0x00, 0x00, 0x4E, 0xF9, 0x00, 0x00,
    0x00, 0x56, 0x00, 0x00,
};
static const IxReloc ix_program_h10_rel[149] = {
    { 0x00002, 11 },
    { 0x00008, 11 },
    { 0x0000E, 11 },
    { 0x00014, 11 },
    { 0x0001A, 11 },
    { 0x00020, 11 },
    { 0x00026, 11 },
    { 0x0002C, 11 },
    { 0x00032, 11 },
    { 0x00038, 10 },
    { 0x00040, 10 },
    { 0x00048, 10 },
    { 0x00050, 10 },
    { 0x00058, 10 },
    { 0x00060, 10 },
    { 0x00068, 10 },
    { 0x00070, 10 },
    { 0x00078, 10 },
    { 0x00080, 10 },
    { 0x00088, 10 },
    { 0x00090, 10 },
    { 0x00098, 10 },
    { 0x000A0, 10 },
    { 0x000A8, 10 },
    { 0x000B0, 10 },
    { 0x000B8, 10 },
    { 0x000C0, 10 },
    { 0x000C8, 10 },
    { 0x000D0, 10 },
    { 0x000D8, 10 },
    { 0x000E0, 11 },
    { 0x000E4, 11 },
    { 0x000EA, 11 },
    { 0x000EE, 11 },
    { 0x000FC, 11 },
    { 0x0015E, 11 },
    { 0x0019C, 11 },
    { 0x001B6, 11 },
    { 0x00206, 11 },
    { 0x00242, 11 },
    { 0x00266, 11 },
    { 0x0027A, 11 },
    { 0x0028E, 10 },
    { 0x00294, 11 },
    { 0x0029A, 11 },
    { 0x002C0, 11 },
    { 0x002DE, 3 },
    { 0x0032C, 10 },
    { 0x00332, 11 },
    { 0x0033A, 11 },
    { 0x00340, 11 },
    { 0x0035C, 11 },
    { 0x00368, 10 },
    { 0x00370, 11 },
    { 0x00376, 11 },
    { 0x0038A, 11 },
    { 0x0039C, 11 },
    { 0x003A4, 10 },
    { 0x003AA, 11 },
    { 0x003B0, 10 },
    { 0x003BC, 11 },
    { 0x003C4, 11 },
    { 0x003F2, 10 },
    { 0x00426, 11 },
    { 0x004BA, 10 },
    { 0x004E4, 2 },
    { 0x004EA, 10 },
    { 0x004F4, 23 },
    { 0x004FA, 30 },
    { 0x00500, 10 },
    { 0x0050C, 11 },
    { 0x00534, 11 },
    { 0x00540, 11 },
    { 0x00562, 11 },
    { 0x0056E, 11 },
    { 0x00590, 11 },
    { 0x00598, 24 },
    { 0x005A6, 24 },
    { 0x005AE, 23 },
    { 0x005BE, 10 },
    { 0x005F8, 10 },
    { 0x006DA, 11 },
    { 0x006FE, 11 },
    { 0x007AC, 17 },
    { 0x008BC, 11 },
    { 0x00944, 11 },
    { 0x00A1E, 3 },
    { 0x00A24, 30 },
    { 0x00A28, 11 },
    { 0x00A2E, 11 },
    { 0x00A40, 3 },
    { 0x00A60, 3 },
    { 0x00AE4, 2 },
    { 0x00AEA, 30 },
    { 0x00B02, 25 },
    { 0x00B12, 25 },
    { 0x00B22, 25 },
    { 0x00B32, 25 },
    { 0x00B42, 25 },
    { 0x00B48, 11 },
    { 0x00B7A, 11 },
    { 0x00B82, 11 },
    { 0x00B88, 11 },
    { 0x00B8E, 11 },
    { 0x00B94, 11 },
    { 0x00B9C, 11 },
    { 0x00BA2, 11 },
    { 0x00BAA, 11 },
    { 0x00BB2, 11 },
    { 0x00BBA, 11 },
    { 0x00BC0, 11 },
    { 0x00BC8, 11 },
    { 0x00BD0, 11 },
    { 0x00BD8, 11 },
    { 0x00C04, 32 },
    { 0x00C1E, 10 },
    { 0x00C26, 31 },
    { 0x00C34, 26 },
    { 0x00C42, 32 },
    { 0x00C54, 10 },
    { 0x00C5C, 31 },
    { 0x00C68, 29 },
    { 0x00C72, 10 },
    { 0x00C78, 31 },
    { 0x00C7E, 10 },
    { 0x00C86, 29 },
    { 0x00C94, 29 },
    { 0x00C9A, 11 },
    { 0x00CA0, 11 },
    { 0x00CA4, 11 },
    { 0x00CAA, 11 },
    { 0x00CB0, 11 },
    { 0x00CB4, 11 },
    { 0x00CBA, 30 },
    { 0x00CC6, 2 },
    { 0x00CCC, 30 },
    { 0x00CD4, 2 },
    { 0x00CDA, 30 },
    { 0x00CE4, 10 },
    { 0x00CEA, 10 },
    { 0x00CF2, 10 },
    { 0x00CFC, 10 },
    { 0x00D36, 25 },
    { 0x00D48, 10 },
    { 0x00D52, 10 },
    { 0x00D5C, 25 },
    { 0x00D8E, 11 },
    { 0x00DBE, 23 },
    { 0x00E0E, 23 },
};


static const uint8_t ix_program_h12[916] = {
    0x33, 0xFC, 0x00, 0x01, 0x00, 0x00, 0x00, 0x18, 0x23, 0xC8, 0x00, 0x00, 0x2D, 0xDC, 0x33, 0xC0,
    0x00, 0x00, 0x2D, 0xD4, 0x33, 0xC0, 0x00, 0x00, 0x2D, 0xD8, 0x33, 0xC1, 0x00, 0x00, 0x2D, 0xD6,
    0x33, 0xC1, 0x00, 0x00, 0x2D, 0xDA, 0x13, 0xC2, 0x00, 0x00, 0x01, 0x30, 0x61, 0x00, 0x02, 0x50,
    0x08, 0x02, 0x00, 0x00, 0x67, 0x1E, 0x32, 0x3C, 0x01, 0x40, 0x92, 0x40, 0xE2, 0x49, 0x33, 0xC1,
    0x00, 0x00, 0x2D, 0xD4, 0x33, 0xC1, 0x00, 0x00, 0x2D, 0xD8, 0x23, 0xFC, 0x00, 0x00, 0x00, 0x00,
    0x00, 0x00, 0x01, 0x2C, 0xB1, 0x80, 0x20, 0x79, 0x00, 0x00, 0x2D, 0xDC, 0x10, 0x18, 0x67, 0x00,
    0x00, 0xB6, 0x23, 0xC8, 0x00, 0x00, 0x2D, 0xDC, 0x04, 0x00, 0x00, 0x20, 0x43, 0xF9, 0x00, 0x00,
    0x2D, 0xE0, 0x10, 0x31, 0x00, 0x00, 0x41, 0xF9, 0x00, 0x00, 0x00, 0x10, 0x20, 0x68, 0x00, 0x10,
    0x48, 0xE7, 0xC0, 0x00, 0x32, 0x00, 0xE7, 0x48, 0xE3, 0x49, 0xD0, 0x41, 0x33, 0xF0, 0x00, 0x0E,
    0x00, 0x00, 0x2D, 0xD0, 0x33, 0xF0, 0x00, 0x10, 0x00, 0x00, 0x2D, 0xD2, 0x4C, 0xDF, 0x00, 0x03,
    0x32, 0x39, 0x00, 0x00, 0x2D, 0xD4, 0x34, 0x39, 0x00, 0x00, 0x2D, 0xD6, 0x08, 0x39, 0x00, 0x01,
    0x00, 0x00, 0x01, 0x30, 0x67, 0x04, 0x61, 0x00, 0x02, 0xA8, 0x4E, 0xB9, 0x00, 0x00, 0x02, 0x2C,
    0x32, 0x39, 0x00, 0x00, 0x2D, 0xD4, 0x34, 0x39, 0x00, 0x00, 0x2D, 0xD6, 0xD2, 0x79, 0x00, 0x00,
    0x2D, 0xD0, 0x04, 0x41, 0x00, 0x02, 0x33, 0xC1, 0x00, 0x00, 0x2D, 0xD4, 0x0C, 0x79, 0x01, 0x40,
    0x00, 0x00, 0x2D, 0xD4, 0x6D, 0x2A, 0x33, 0xF9, 0x00, 0x00, 0x2D, 0xD8, 0x00, 0x00, 0x2D, 0xD4,
    0xD4, 0x79, 0x00, 0x00, 0x2D, 0xD2, 0x33, 0xC2, 0x00, 0x00, 0x2D, 0xD6, 0x0C, 0x79, 0x00, 0xC8,
    0x00, 0x00, 0x2D, 0xD6, 0x6D, 0x0A, 0x33, 0xF9, 0x00, 0x00, 0x2D, 0xDA, 0x00, 0x00, 0x2D, 0xD6,
    0x4E, 0xF9, 0x00, 0x00, 0x00, 0x54, 0x33, 0xFC, 0x00, 0x00, 0x00, 0x00, 0x00, 0x18, 0x30, 0x39,
    0x00, 0x00, 0x02, 0xE2, 0x32, 0x39, 0x00, 0x00, 0x2D, 0xD2, 0x4E, 0x75, 0x00, 0x00, 0x00, 0x00,
    0x00, 0x00, 0x33, 0xFC, 0x00, 0x01, 0x00, 0x00, 0x00, 0x18, 0xB1, 0xFC, 0x00, 0x00, 0x00, 0x00,
    0x67, 0x00, 0x01, 0x2E, 0x23, 0xC8, 0x00, 0x00, 0x02, 0x7A, 0x24, 0x79, 0x00, 0x00, 0x02, 0x7A,
    0x23, 0xEA, 0x00, 0x00, 0x00, 0x00, 0x2D, 0xDC, 0x33, 0xEA, 0x00, 0x04, 0x00, 0x00, 0x2D, 0xD4,
    0x33, 0xEA, 0x00, 0x04, 0x00, 0x00, 0x2D, 0xD8, 0x33, 0xEA, 0x00, 0x06, 0x00, 0x00, 0x2D, 0xD6,
    0x33, 0xEA, 0x00, 0x06, 0x00, 0x00, 0x2D, 0xDA, 0x08, 0x2A, 0x00, 0x00, 0x00, 0x09, 0x67, 0x18,
    0x61, 0x00, 0x00, 0xFC, 0x32, 0x3C, 0x01, 0x40, 0x92, 0x40, 0xE2, 0x49, 0x33, 0xC1, 0x00, 0x00,
    0x2D, 0xD4, 0x33, 0xC1, 0x00, 0x00, 0x2D, 0xD8, 0xB1, 0x80, 0x20, 0x79, 0x00, 0x00, 0x2D, 0xDC,
    0x10, 0x18, 0x67, 0x00, 0x00, 0xBA, 0x23, 0xC8, 0x00, 0x00, 0x2D, 0xDC, 0x04, 0x00, 0x00, 0x20,
    0x43, 0xF9, 0x00, 0x00, 0x2D, 0xE0, 0x10, 0x31, 0x00, 0x00, 0x41, 0xF9, 0x00, 0x00, 0x00, 0x10,
    0x20, 0x68, 0x00, 0x10, 0x48, 0xE7, 0xC0, 0x00, 0x32, 0x00, 0xE7, 0x48, 0xE3, 0x49, 0xD0, 0x41,
    0x33, 0xF0, 0x00, 0x0E, 0x00, 0x00, 0x2D, 0xD0, 0x33, 0xF0, 0x00, 0x10, 0x00, 0x00, 0x2D, 0xD2,
    0x4C, 0xDF, 0x00, 0x03, 0x32, 0x39, 0x00, 0x00, 0x2D, 0xD4, 0x34, 0x39, 0x00, 0x00, 0x2D, 0xD6,
    0x24, 0x79, 0x00, 0x00, 0x02, 0x7A, 0x08, 0x2A, 0x00, 0x01, 0x00, 0x09, 0x67, 0x04, 0x61, 0x00,
    0x01, 0x60, 0x4E, 0xB9, 0x00, 0x00, 0x02, 0x2C, 0x32, 0x39, 0x00, 0x00, 0x2D, 0xD4, 0x34, 0x39,
    0x00, 0x00, 0x2D, 0xD6, 0xD2, 0x79, 0x00, 0x00, 0x2D, 0xD0, 0x04, 0x41, 0x00, 0x02, 0x33, 0xC1,
    0x00, 0x00, 0x2D, 0xD4, 0x0C, 0x79, 0x01, 0x40, 0x00, 0x00, 0x2D, 0xD4, 0x6D, 0x2A, 0x33, 0xF9,
    0x00, 0x00, 0x2D, 0xD8, 0x00, 0x00, 0x2D, 0xD4, 0xD4, 0x79, 0x00, 0x00, 0x2D, 0xD2, 0x33, 0xC2,
    0x00, 0x00, 0x2D, 0xD6, 0x0C, 0x79, 0x00, 0xC8, 0x00, 0x00, 0x2D, 0xD6, 0x6D, 0x0A, 0x33, 0xF9,
    0x00, 0x00, 0x2D, 0xDA, 0x00, 0x00, 0x2D, 0xD6, 0x4E, 0xF9, 0x00, 0x00, 0x01, 0x98, 0x20, 0x79,
    0x00, 0x00, 0x02, 0x7A, 0x23, 0xE8, 0x00, 0x0A, 0x00, 0x00, 0x02, 0x7A, 0x66, 0x00, 0xFE, 0xDC,
    0x33, 0xFC, 0x00, 0x00, 0x00, 0x00, 0x00, 0x18, 0x4E, 0x75, 0x00, 0x00, 0x00, 0x00, 0x33, 0xFC,
    0x00, 0x00, 0x00, 0x00, 0x02, 0xE2, 0xB1, 0x80, 0x20, 0x79, 0x00, 0x00, 0x2D, 0xDC, 0x24, 0x48,
    0x10, 0x1A, 0x67, 0x00, 0x00, 0x46, 0x04, 0x00, 0x00, 0x20, 0x43, 0xF9, 0x00, 0x00, 0x2D, 0xE0,
    0x10, 0x31, 0x00, 0x00, 0x41, 0xF9, 0x00, 0x00, 0x00, 0x10, 0x20, 0x68, 0x00, 0x10, 0x32, 0x00,
    0xE7, 0x48, 0xE3, 0x49, 0xD0, 0x41, 0x33, 0xF0, 0x00, 0x0E, 0x00, 0x00, 0x2D, 0xD0, 0x33, 0xF0,
    0x00, 0x10, 0x00, 0x00, 0x2D, 0xD2, 0x30, 0x39, 0x00, 0x00, 0x2D, 0xD0, 0x04, 0x40, 0x00, 0x02,
    0xD1, 0x79, 0x00, 0x00, 0x02, 0xE2, 0x60, 0x00, 0xFF, 0xB8, 0x30, 0x39, 0x00, 0x00, 0x02, 0xE2,
    0x4E, 0x75, 0x00, 0x00, 0x41, 0xF9, 0x00, 0x00, 0x03, 0x34, 0x24, 0x00, 0x22, 0x00, 0x81, 0xFC,
    0x00, 0x64, 0x4A, 0x40, 0x67, 0x10, 0x14, 0xF0, 0x00, 0x00, 0x02, 0x80, 0x00, 0x00, 0x00, 0xFF,
    0xC0, 0xFC, 0x00, 0x64, 0x94, 0x40, 0x20, 0x02, 0x81, 0xFC, 0x00, 0x0A, 0x4A, 0x40, 0x67, 0x12,
    0x14, 0xF0, 0x00, 0x00, 0x02, 0x80, 0x00, 0x00, 0x00, 0xFF, 0xC0, 0xFC, 0x00, 0x0A, 0x94, 0x40,
    0x60, 0x0A, 0xB2, 0xBC, 0x00, 0x00, 0x00, 0x64, 0x6D, 0x02, 0x14, 0xD0, 0x20, 0x02, 0x14, 0xF0,
    0x00, 0x00, 0x4E, 0x75, 0x30, 0x31, 0x32, 0x33, 0x34, 0x35, 0x36, 0x37, 0x38, 0x39, 0x20, 0x00,
    0x80, 0xFC, 0x03, 0xE8, 0x61, 0x0E, 0x80, 0xFC, 0x00, 0x64, 0x61, 0x08, 0x80, 0xFC, 0x00, 0x0A,
    0x61, 0x00, 0x00, 0x02, 0x06, 0x40, 0x00, 0x30, 0x14, 0xC0, 0x42, 0x40, 0x48, 0x40, 0x4E, 0x75,
    0x2A, 0x79, 0x00, 0x00, 0x01, 0x1E, 0x3B, 0x41, 0x00, 0x00, 0x3B, 0x42, 0x00, 0x02, 0x3B, 0x79,
    0x00, 0x00, 0x2D, 0xD0, 0x00, 0x04, 0x3B, 0x79, 0x00, 0x00, 0x2D, 0xD2, 0x00, 0x06, 0x3B, 0x7C,
    0xFF, 0xFF, 0x00, 0x0C, 0x06, 0xB9, 0x00, 0x00, 0x00, 0x08, 0x00, 0x00, 0x01, 0x1E, 0x4E, 0x75,
    0x00, 0x00, 0x00, 0x00,
};
static const IxReloc ix_program_h12_rel[86] = {
    { 0x00004, 24 },
    { 0x0000A, 2 },
    { 0x00010, 2 },
    { 0x00016, 2 },
    { 0x0001C, 2 },
    { 0x00022, 2 },
    { 0x00028, 12 },
    { 0x00040, 2 },
    { 0x00046, 2 },
    { 0x00050, 12 },
    { 0x00058, 2 },
    { 0x00064, 2 },
    { 0x0006E, 2 },
    { 0x00078, 3 },
    { 0x00090, 2 },
    { 0x00098, 2 },
    { 0x000A2, 2 },
    { 0x000A8, 2 },
    { 0x000B0, 12 },
    { 0x000BC, 23 },
    { 0x000C2, 2 },
    { 0x000C8, 2 },
    { 0x000CE, 2 },
    { 0x000D8, 2 },
    { 0x000E0, 2 },
    { 0x000E8, 2 },
    { 0x000EC, 2 },
    { 0x000F2, 2 },
    { 0x000F8, 2 },
    { 0x00100, 2 },
    { 0x00108, 2 },
    { 0x0010C, 2 },
    { 0x00112, 12 },
    { 0x0011A, 24 },
    { 0x00120, 12 },
    { 0x00126, 2 },
    { 0x00136, 24 },
    { 0x00146, 12 },
    { 0x0014C, 12 },
    { 0x00154, 2 },
    { 0x0015C, 2 },
    { 0x00164, 2 },
    { 0x0016C, 2 },
    { 0x00174, 2 },
    { 0x0018E, 2 },
    { 0x00194, 2 },
    { 0x0019C, 2 },
    { 0x001A8, 2 },
    { 0x001B2, 2 },
    { 0x001BC, 3 },
    { 0x001D4, 2 },
    { 0x001DC, 2 },
    { 0x001E6, 2 },
    { 0x001EC, 2 },
    { 0x001F2, 12 },
    { 0x00204, 23 },
    { 0x0020A, 2 },
    { 0x00210, 2 },
    { 0x00216, 2 },
    { 0x00220, 2 },
    { 0x00228, 2 },
    { 0x00230, 2 },
    { 0x00234, 2 },
    { 0x0023A, 2 },
    { 0x00240, 2 },
    { 0x00248, 2 },
    { 0x00250, 2 },
    { 0x00254, 2 },
    { 0x0025A, 12 },
    { 0x00260, 12 },
    { 0x00268, 12 },
    { 0x00274, 24 },
    { 0x00282, 12 },
    { 0x0028A, 2 },
    { 0x0029C, 2 },
    { 0x002A6, 3 },
    { 0x002BA, 2 },
    { 0x002C2, 2 },
    { 0x002C8, 2 },
    { 0x002D2, 12 },
    { 0x002DC, 12 },
    { 0x002E6, 12 },
    { 0x00362, 11 },
    { 0x00370, 2 },
    { 0x00378, 2 },
    { 0x0038A, 11 },
};

static const uint8_t ix_program_h13[3136] = {
    0x33, 0xFC, 0x00, 0x01, 0x00, 0x00, 0x01, 0x82, 0x60, 0x0E, 0x42, 0x79, 0x00, 0x00, 0x01, 0x82,
    0x33, 0xFC, 0x00, 0x01, 0x00, 0x00, 0x01, 0x82, 0x48, 0xE7, 0xFF, 0xFE, 0x4E, 0xB9, 0x00, 0x00,
    0x01, 0x8E, 0x2F, 0x00, 0x80, 0xFC, 0x00, 0x0B, 0x32, 0x00, 0x48, 0x40, 0x33, 0xC0, 0x00, 0x07,
    0xFF, 0xEC, 0x20, 0x1F, 0x33, 0xFC, 0xFF, 0xFF, 0x00, 0x00, 0x01, 0xCA, 0x08, 0x01, 0x00, 0x00,
    0x66, 0x00, 0x00, 0x12, 0x00, 0x39, 0x00, 0x04, 0x00, 0xBF, 0xD1, 0x00, 0x32, 0x3C, 0x00, 0x00,
    0x60, 0x00, 0x00, 0x0E, 0x02, 0x39, 0x00, 0xFB, 0x00, 0xBF, 0xD1, 0x00, 0x32, 0x3C, 0x00, 0x01,
    0x80, 0xFC, 0x00, 0x16, 0x33, 0xC0, 0x00, 0x07, 0xFF, 0xEE, 0x42, 0x80, 0x30, 0x39, 0x00, 0x07,
    0xFF, 0xEE, 0x4A, 0x79, 0x00, 0x00, 0x04, 0x62, 0x66, 0x14, 0xB2, 0x79, 0x00, 0x00, 0x00, 0x02,
    0x66, 0x00, 0x00, 0x0C, 0xB0, 0x79, 0x00, 0x00, 0x00, 0x00, 0x67, 0x00, 0x00, 0x16, 0x42, 0x80,
    0x30, 0x39, 0x00, 0x07, 0xFF, 0xEE, 0x4E, 0xB9, 0x00, 0x00, 0x07, 0x2E, 0x33, 0xC1, 0x00, 0x00,
    0x00, 0x02, 0x42, 0x80, 0x30, 0x39, 0x00, 0x07, 0xFF, 0xEC, 0x20, 0x79, 0x00, 0x00, 0x00, 0x10,
    0x41, 0xE8, 0x75, 0x30, 0x22, 0x48, 0xD3, 0xFC, 0x00, 0x00, 0x17, 0x60, 0xB1, 0xC9, 0x67, 0x00,
    0x00, 0x88, 0xB0, 0x28, 0x00, 0x06, 0x66, 0x00, 0x00, 0x44, 0xD1, 0xFC, 0x00, 0x00, 0x00, 0x20,
    0x4A, 0x79, 0x00, 0x00, 0x01, 0x82, 0x66, 0x3E, 0x2C, 0xD0, 0x28, 0x18, 0x2C, 0xD0, 0xD8, 0x98,
    0x2C, 0xD0, 0xD8, 0x98, 0x2C, 0xD0, 0xD8, 0x98, 0x2C, 0xD0, 0xD8, 0x98, 0x26, 0x18, 0x2C, 0xC3,
    0x24, 0x3C, 0x00, 0x00, 0x00, 0x79, 0x26, 0x18, 0x2C, 0xC3, 0xD8, 0x83, 0x51, 0xCA, 0xFF, 0xF8,
    0x44, 0x84, 0xB6, 0x84, 0x66, 0x00, 0x00, 0x54, 0x60, 0x00, 0x00, 0x72, 0xD1, 0xFC, 0x00, 0x00,
    0x02, 0x20, 0x60, 0x00, 0xFF, 0xA8, 0x34, 0x3C, 0x00, 0x7F, 0x2C, 0xD8, 0x51, 0xCA, 0xFF, 0xFC,
    0x60, 0x00, 0x00, 0x5A, 0x4E, 0x6F, 0x20, 0x4D, 0x61, 0x74, 0x63, 0x68, 0x20, 0x45, 0x72, 0x72,
    0x6F, 0x72, 0x2E, 0x2E, 0x00, 0x00, 0x43, 0x68, 0x65, 0x63, 0x6B, 0x73, 0x75, 0x6D, 0x20, 0x45,
    0x72, 0x72, 0x6F, 0x72, 0x2E, 0x2E, 0x00, 0x00, 0x2F, 0x08, 0x41, 0xF9, 0x00, 0x00, 0x01, 0x24,
    0x4E, 0xB9, 0x00, 0x00, 0x03, 0x50, 0x20, 0x5F, 0x60, 0x10, 0x2F, 0x08, 0x41, 0xF9, 0x00, 0x00,
    0x01, 0x36, 0x4E, 0xB9, 0x00, 0x00, 0x03, 0x50, 0x20, 0x5F, 0x4E, 0xB9, 0x00, 0x00, 0x0B, 0xEE,
    0x33, 0xFC, 0xFF, 0xFF, 0x00, 0x00, 0x00, 0x00, 0x60, 0x00, 0xFF, 0x14, 0x4C, 0xDF, 0x7F, 0xFF,
    0x4E, 0x75, 0x00, 0x00, 0x33, 0xFC, 0x00, 0x01, 0x00, 0x00, 0x01, 0x82, 0x60, 0x44, 0x48, 0xE7,
    0x80, 0x02, 0x4A, 0x79, 0x00, 0x00, 0x01, 0xCA, 0x6D, 0x12, 0x80, 0xFC, 0x00, 0x0B, 0xB0, 0x79,
    0x00, 0x00, 0x01, 0xCA, 0x67, 0x06, 0x4E, 0xB9, 0x00, 0x00, 0x06, 0x34, 0x4C, 0xDF, 0x40, 0x01,
    0x4E, 0x75, 0x4A, 0x79, 0x00, 0x00, 0x01, 0xCA, 0x6D, 0x0E, 0x33, 0xFC, 0xFF, 0xFF, 0x00, 0x00,
    0x01, 0xCA, 0x4E, 0xF9, 0x00, 0x00, 0x06, 0x34, 0x4E, 0x75, 0xFF, 0xFF, 0x42, 0x79, 0x00, 0x00,
    0x01, 0x82, 0x48, 0xE7, 0xFF, 0xFE, 0x4E, 0xB9, 0x00, 0x00, 0x01, 0x8E, 0x2F, 0x00, 0x80, 0xFC,
    0x00, 0x0B, 0x32, 0x00, 0x48, 0x40, 0x33, 0xC0, 0x00, 0x07, 0xFF, 0xEC, 0x20, 0x1F, 0x33, 0xC1,
    0x00, 0x00, 0x01, 0xCA, 0x08, 0x01, 0x00, 0x00, 0x66, 0x00, 0x00, 0x18, 0x42, 0x79, 0x00, 0x00,
    0x00, 0x14, 0x00, 0x39, 0x00, 0x04, 0x00, 0xBF, 0xD1, 0x00, 0x32, 0x3C, 0x00, 0x00, 0x60, 0x00,
    0x00, 0x16, 0x02, 0x39, 0x00, 0xFB, 0x00, 0xBF, 0xD1, 0x00, 0x32, 0x3C, 0x00, 0x01, 0x33, 0xFC,
    0x00, 0x01, 0x00, 0x00, 0x00, 0x14, 0x80, 0xFC, 0x00, 0x16, 0x33, 0xC0, 0x00, 0x07, 0xFF, 0xEE,
    0x42, 0x80, 0x30, 0x39, 0x00, 0x07, 0xFF, 0xEE, 0x4A, 0x79, 0x00, 0x00, 0x04, 0x62, 0x66, 0x14,
    0xB2, 0x79, 0x00, 0x00, 0x00, 0x02, 0x66, 0x00, 0x00, 0x0C, 0xB0, 0x79, 0x00, 0x00, 0x00, 0x00,
    0x67, 0x00, 0x00, 0x16, 0x42, 0x80, 0x30, 0x39, 0x00, 0x07, 0xFF, 0xEE, 0x4E, 0xB9, 0x00, 0x00,
    0x07, 0x2E, 0x33, 0xC1, 0x00, 0x00, 0x00, 0x02, 0x42, 0x80, 0x30, 0x39, 0x00, 0x07, 0xFF, 0xEC,
    0x20, 0x79, 0x00, 0x00, 0x00, 0x10, 0x41, 0xE8, 0x75, 0x30, 0x43, 0xE8, 0x17, 0x60, 0xB1, 0xC9,
    0x67, 0x00, 0x00, 0x5E, 0xB0, 0x28, 0x00, 0x06, 0x66, 0x00, 0x00, 0x4C, 0x41, 0xE8, 0x00, 0x20,
    0x4A, 0x79, 0x00, 0x00, 0x01, 0x82, 0x66, 0x30, 0x20, 0xD6, 0x28, 0x1E, 0x20, 0xD6, 0xD8, 0x9E,
    0x20, 0xD6, 0xD8, 0x9E, 0x20, 0xD6, 0xD8, 0x9E, 0x20, 0xD6, 0xD8, 0x9E, 0x26, 0x1E, 0x22, 0x48,
    0x20, 0xC3, 0x24, 0x3C, 0x00, 0x00, 0x00, 0x79, 0x20, 0xD6, 0xD8, 0x9E, 0x51, 0xCA, 0xFF, 0xFA,
    0x44, 0x84, 0x22, 0x84, 0x60, 0x00, 0x00, 0x2C, 0x34, 0x3C, 0x00, 0x7F, 0x20, 0xDE, 0x51, 0xCA,
    0xFF, 0xFC, 0x60, 0x00, 0x00, 0x1E, 0xD1, 0xFC, 0x00, 0x00, 0x02, 0x20, 0x60, 0x00, 0xFF, 0xA0,
    0x4E, 0xB9, 0x00, 0x00, 0x0B, 0xEE, 0x33, 0xFC, 0xFF, 0xFF, 0x00, 0x00, 0x00, 0x00, 0x60, 0x00,
    0xFF, 0x64, 0x4C, 0xDF, 0x7F, 0xFF, 0x4E, 0x75, 0x48, 0xE7, 0xFF, 0xFE, 0x20, 0x79, 0x00, 0x00,
    0x00, 0x10, 0x41, 0xE8, 0x36, 0xB0, 0x22, 0x79, 0x00, 0x00, 0x00, 0x10, 0x24, 0x49, 0x30, 0x3C,
    0x01, 0x44, 0x24, 0xFC, 0xAA, 0xAA, 0xAA, 0xAA, 0x51, 0xC8, 0xFF, 0xF8, 0xD3, 0xFC, 0x00, 0x00,
    0x05, 0x00, 0x30, 0x39, 0x00, 0x07, 0xFF, 0xEE, 0xD0, 0x40, 0xD0, 0x79, 0x00, 0x00, 0x00, 0x14,
    0x28, 0x00, 0x24, 0x48, 0x26, 0x49, 0x74, 0x0B, 0x42, 0x43, 0x30, 0x3C, 0xFF, 0x00, 0x10, 0x04,
    0x48, 0x40, 0x30, 0x03, 0xE1, 0x48, 0x10, 0x02, 0x20, 0x4A, 0x22, 0x4B, 0x4E, 0xB9, 0x00, 0x00,
    0x03, 0x6A, 0xD7, 0xFC, 0x00, 0x00, 0x04, 0x40, 0xD5, 0xFC, 0x00, 0x00, 0x02, 0x00, 0x52, 0x43,
    0x53, 0x42, 0x66, 0xD6, 0x4C, 0xDF, 0x7F, 0xFF, 0x4E, 0x75, 0x48, 0xE7, 0x20, 0x28, 0x28, 0x49,
    0x24, 0x48, 0x24, 0x00, 0x70, 0x00, 0x41, 0xEC, 0x00, 0x00, 0x4E, 0xB9, 0x00, 0x00, 0x05, 0x00,
    0x29, 0x7C, 0x44, 0x89, 0x44, 0x89, 0x00, 0x04, 0x20, 0x02, 0x41, 0xEC, 0x00, 0x08, 0x4E, 0xB9,
    0x00, 0x00, 0x05, 0x00, 0x74, 0x03, 0x70, 0x00, 0x4E, 0xB9, 0x00, 0x00, 0x05, 0x00, 0x51, 0xCA,
    0xFF, 0xF6, 0x41, 0xEC, 0x00, 0x08, 0x72, 0x28, 0x4E, 0xB9, 0x00, 0x00, 0x05, 0x6C, 0x41, 0xEC,
    0x00, 0x30, 0x4E, 0xB9, 0x00, 0x00, 0x05, 0x00, 0x20, 0x3C, 0x00, 0x00, 0x02, 0x00, 0x20, 0x4A,
    0x43, 0xEC, 0x00, 0x40, 0x4E, 0xB9, 0x00, 0x00, 0x03, 0xE8, 0x41, 0xEC, 0x00, 0x40, 0x32, 0x3C,
    0x04, 0x00, 0x4E, 0xB9, 0x00, 0x00, 0x05, 0x6C, 0x41, 0xEC, 0x00, 0x38, 0x4E, 0xB9, 0x00, 0x00,
    0x05, 0x00, 0x4C, 0xDF, 0x14, 0x04, 0x4E, 0x75, 0x48, 0xE7, 0x20, 0x04, 0x32, 0x00, 0xE5, 0x49,
    0x00, 0x41, 0x00, 0x08, 0x34, 0x01, 0x48, 0xE7, 0xC0, 0xC4, 0x22, 0x08, 0x2A, 0x49, 0x41, 0xF9,
    0x00, 0xDF, 0xF0, 0x00, 0x4E, 0xB9, 0x00, 0x00, 0x04, 0xD0, 0x4E, 0xB9, 0x00, 0x00, 0x04, 0x34,
    0x4C, 0xDF, 0x23, 0x03, 0x22, 0x00, 0x20, 0x49, 0x4E, 0xB9, 0x00, 0x00, 0x05, 0x4E, 0xD1, 0xC1,
    0x4E, 0xB9, 0x00, 0x00, 0x05, 0x4E, 0xD1, 0xC1, 0x4E, 0xB9, 0x00, 0x00, 0x05, 0x4E, 0x4C, 0xDF,
    0x20, 0x04, 0x4E, 0x75, 0x4E, 0xB9, 0x00, 0x00, 0x04, 0xDC, 0x21, 0x41, 0x00, 0x4C, 0x21, 0x41,
    0x00, 0x50, 0x21, 0x4D, 0x00, 0x54, 0x31, 0x7C, 0x1D, 0xB1, 0x00, 0x40, 0x31, 0x7C, 0x00, 0x00,
    0x00, 0x42, 0x4E, 0xB9, 0x00, 0x00, 0x04, 0xCA, 0x21, 0x4D, 0x00, 0x4C, 0x21, 0x41, 0x00, 0x50,
    0x21, 0x4D, 0x00, 0x54, 0x31, 0x7C, 0x2D, 0x8C, 0x00, 0x40, 0x4E, 0xB9, 0x00, 0x00, 0x04, 0xCA,
    0x48, 0xE7, 0xC0, 0x04, 0xD2, 0x80, 0x55, 0x81, 0xDB, 0xC0, 0xDB, 0xC0, 0x55, 0x8D, 0x21, 0x41,
    0x00, 0x4C, 0x21, 0x41, 0x00, 0x50, 0x21, 0x4D, 0x00, 0x54, 0x31, 0x7C, 0x0D, 0xB1, 0x00, 0x40,
    0x31, 0x7C, 0x10, 0x02, 0x00, 0x42, 0x4E, 0xB9, 0x00, 0x00, 0x04, 0xCA, 0x4C, 0xDF, 0x20, 0x03,
    0x48, 0xE7, 0xC0, 0x04, 0xDB, 0xC0, 0x21, 0x4D, 0x00, 0x4C, 0x21, 0x41, 0x00, 0x50, 0x21, 0x4D,
    0x00, 0x54, 0x31, 0x7C, 0x1D, 0x8C, 0x00, 0x40, 0x31, 0x7C, 0x00, 0x00, 0x00, 0x42, 0x4E, 0xB9,
    0x00, 0x00, 0x04, 0xCA, 0x4C, 0xDF, 0x20, 0x03, 0x4E, 0x75, 0x33, 0xC2, 0x00, 0xDF, 0xF0, 0x58,
    0x08, 0x39, 0x00, 0x06, 0x00, 0xDF, 0xF0, 0x02, 0x66, 0xF6, 0x4E, 0x75, 0x48, 0xE7, 0x80, 0x40,
    0x70, 0x00, 0x43, 0xE8, 0x00, 0x44, 0x22, 0xBC, 0xFF, 0xFF, 0xFF, 0xFF, 0x43, 0xE8, 0x00, 0x62,
    0x22, 0xC0, 0x32, 0xC0, 0x50, 0x89, 0x32, 0xBC, 0x55, 0x55, 0x4C, 0xDF, 0x02, 0x01, 0x4E, 0x75,
    0x48, 0xE7, 0x30, 0x00, 0x26, 0x00, 0xE2, 0x88, 0x4E, 0xB9, 0x00, 0x00, 0x05, 0x22, 0x20, 0x03,
    0x4E, 0xB9, 0x00, 0x00, 0x05, 0x22, 0x4E, 0xB9, 0x00, 0x00, 0x05, 0x4E, 0x4C, 0xDF, 0x00, 0x0C,
    0x4E, 0x75, 0x02, 0x80, 0x55, 0x55, 0x55, 0x55, 0x24, 0x00, 0x0A, 0x82, 0x55, 0x55, 0x55, 0x55,
    0x22, 0x02, 0xE3, 0x8A, 0xE2, 0x89, 0x08, 0xC1, 0x00, 0x1F, 0xC2, 0x82, 0x80, 0x81, 0x08, 0x28,
    0x00, 0x00, 0xFF, 0xFF, 0x67, 0x04, 0x08, 0x80, 0x00, 0x1F, 0x20, 0xC0, 0x4E, 0x75, 0x10, 0x10,
    0x08, 0x28, 0x00, 0x00, 0xFF, 0xFF, 0x66, 0x0C, 0x08, 0x00, 0x00, 0x06, 0x66, 0x0C, 0x08, 0xC0,
    0x00, 0x07, 0x60, 0x04, 0x08, 0x80, 0x00, 0x07, 0x10, 0x80, 0x4E, 0x75, 0x2F, 0x02, 0xE4, 0x49,
    0x53, 0x41, 0x70, 0x00, 0x24, 0x18, 0xB5, 0x80, 0x51, 0xC9, 0xFF, 0xFA, 0x02, 0x80, 0x55, 0x55,
    0x55, 0x55, 0x24, 0x1F, 0x4E, 0x75, 0x48, 0xE7, 0x70, 0x20, 0x24, 0x49, 0xD5, 0xC0, 0xE2, 0x88,
    0xB0, 0x7C, 0x00, 0x00, 0x67, 0x00, 0x00, 0x8C, 0x34, 0x10, 0xE2, 0x4A, 0x02, 0x42, 0x55, 0x55,
    0x36, 0x02, 0x02, 0x43, 0xF0, 0x00, 0x66, 0x00, 0x00, 0x06, 0x00, 0x42, 0xA0, 0x00, 0x36, 0x02,
    0x02, 0x43, 0x0F, 0x00, 0x66, 0x00, 0x00, 0x06, 0x00, 0x42, 0x0A, 0x00, 0x36, 0x02, 0x02, 0x43,
    0x00, 0xF0, 0x66, 0x00, 0x00, 0x06, 0x00, 0x42, 0x00, 0xA0, 0x36, 0x02, 0x02, 0x43, 0x00, 0x0F,
    0x66, 0x00, 0x00, 0x06, 0x00, 0x42, 0x00, 0x0A, 0x32, 0xC2, 0x34, 0x18, 0x02, 0x42, 0x55, 0x55,
    0x36, 0x02, 0x02, 0x43, 0xF0, 0x00, 0x66, 0x00, 0x00, 0x06, 0x00, 0x42, 0xA0, 0x00, 0x36, 0x02,
    0x02, 0x43, 0x0F, 0x00, 0x66, 0x00, 0x00, 0x06, 0x00, 0x42, 0x0A, 0x00, 0x36, 0x02, 0x02, 0x43,
    0x00, 0xF0, 0x66, 0x00, 0x00, 0x06, 0x00, 0x42, 0x00, 0xA0, 0x36, 0x02, 0x02, 0x43, 0x00, 0x0F,
    0x66, 0x00, 0x00, 0x06, 0x00, 0x42, 0x00, 0x0A, 0x34, 0xC2, 0x04, 0x40, 0x00, 0x01, 0x60, 0x00,
    0xFF, 0x70, 0x22, 0x4A, 0x4C, 0xDF, 0x04, 0x0E, 0x4E, 0x75, 0xD1, 0xFC, 0x00, 0x00, 0x02, 0x20,
    0x60, 0x00, 0x00, 0x2C, 0x48, 0xE7, 0xFF, 0xFE, 0x2C, 0x79, 0x00, 0x00, 0x00, 0x10, 0xDD, 0xFC,
    0x00, 0x00, 0x36, 0xB0, 0x7E, 0x0A, 0x70, 0x00, 0x48, 0xE7, 0x81, 0x02, 0x20, 0x79, 0x00, 0x00,
    0x00, 0x10, 0x41, 0xE8, 0x75, 0x30, 0x22, 0x48, 0xD3, 0xFC, 0x00, 0x00, 0x17, 0x60, 0xB1, 0xC9,
    0x67, 0x00, 0xFA, 0xE6, 0xB0, 0x28, 0x00, 0x06, 0x66, 0x00, 0xFF, 0xC0, 0xD1, 0xFC, 0x00, 0x00,
    0x00, 0x20, 0x34, 0x3C, 0x00, 0x7F, 0x2C, 0xD8, 0x51, 0xCA, 0xFF, 0xFC, 0x4C, 0xDF, 0x40, 0x81,
    0xDD, 0xFC, 0x00, 0x00, 0x02, 0x00, 0x52, 0x40, 0x51, 0xCF, 0xFF, 0xBE, 0x42, 0x80, 0x30, 0x39,
    0x00, 0x07, 0xFF, 0xEE, 0x4E, 0xB9, 0x00, 0x00, 0x09, 0xB2, 0x4E, 0xB9, 0x00, 0x00, 0x09, 0x8A,
    0x4E, 0xB9, 0x00, 0x00, 0x02, 0xF8, 0x33, 0xFC, 0xFF, 0xFF, 0x00, 0x00, 0x00, 0x04, 0x2A, 0x79,
    0x00, 0x00, 0x00, 0x10, 0x20, 0x3C, 0x00, 0x00, 0x33, 0xC2, 0x72, 0x00, 0x34, 0x01, 0x36, 0x00,
    0xE2, 0x4B, 0x33, 0xFC, 0x00, 0x02, 0x00, 0xDF, 0xF0, 0x9C, 0x23, 0xCD, 0x00, 0xDF, 0xF0, 0x20,
    0x33, 0xFC, 0x82, 0x10, 0x00, 0xDF, 0xF0, 0x96, 0x33, 0xFC, 0x7F, 0x00, 0x00, 0xDF, 0xF0, 0x9E,
    0x33, 0xFC, 0x81, 0x00, 0x00, 0xDF, 0xF0, 0x9E, 0x0C, 0x79, 0x00, 0x28, 0x00, 0x07, 0xFF, 0xEE,
    0x65, 0x08, 0x33, 0xFC, 0xA0, 0x00, 0x00, 0xDF, 0xF0, 0x9E, 0x33, 0xFC, 0x40, 0x00, 0x00, 0xDF,
    0xF0, 0x24, 0x00, 0x43, 0xC0, 0x00, 0x33, 0xC3, 0x00, 0xDF, 0xF0, 0x24, 0x33, 0xC3, 0x00, 0xDF,
    0xF0, 0x24, 0x42, 0x80, 0x0C, 0x79, 0x00, 0x00, 0x00, 0x00, 0x00, 0x04, 0x66, 0x00, 0xFF, 0xF6,
    0x33, 0xFC, 0x40, 0x00, 0x00, 0xDF, 0xF0, 0x24, 0x4C, 0xDF, 0x7F, 0xFF, 0x4E, 0x75, 0x42, 0x79,
    0x00, 0x00, 0x04, 0x62, 0x48, 0xE7, 0xFF, 0xFE, 0x7E, 0x00, 0x60, 0x00, 0x00, 0x16, 0xBE, 0x7C,
    0x00, 0x05, 0x6D, 0x00, 0x00, 0x0E, 0x20, 0x3C, 0x00, 0x00, 0x00, 0x78, 0x4E, 0xB9, 0x00, 0x00,
    0x06, 0x58, 0xBE, 0x7C, 0x03, 0xE7, 0x6C, 0x00, 0x00, 0xBE, 0x28, 0x79, 0x00, 0x00, 0x00, 0x10,
    0x2E, 0x3C, 0x00, 0x00, 0x13, 0xFF, 0x70, 0x00, 0x28, 0xC0, 0x51, 0xCF, 0xFF, 0xFC, 0x42, 0x80,
    0x30, 0x39, 0x00, 0x07, 0xFF, 0xEE, 0x4E, 0xB9, 0x00, 0x00, 0x09, 0xB2, 0x28, 0x79, 0x00, 0x00,
    0x00, 0x10, 0x39, 0x7C, 0x2A, 0xAA, 0x00, 0x00, 0x39, 0x7C, 0xAA, 0xAA, 0x00, 0x02, 0x39, 0x7C,
    0x44, 0x89, 0x00, 0x04, 0x4E, 0xB9, 0x00, 0x00, 0x09, 0x8A, 0x33, 0xFC, 0x44, 0x89, 0x00, 0xDF,
    0xF0, 0x7E, 0x33, 0xFC, 0x84, 0x00, 0x00, 0xDF, 0xF0, 0x9E, 0x28, 0x79, 0x00, 0x00, 0x00, 0x10,
    0xD9, 0xFC, 0x00, 0x00, 0x00, 0x04, 0x23, 0xCC, 0x00, 0xDF, 0xF0, 0x20, 0x33, 0xFC, 0x82, 0x10,
    0x00, 0xDF, 0xF0, 0x96, 0x33, 0xFC, 0xFF, 0xFF, 0x00, 0x00, 0x00, 0x04, 0x33, 0xFC, 0x40, 0x00,
    0x00, 0xDF, 0xF0, 0x24, 0x33, 0xFC, 0xA8, 0x00, 0x00, 0xDF, 0xF0, 0x24, 0x33, 0xFC, 0xA8, 0x00,
    0x00, 0xDF, 0xF0, 0x24, 0x0C, 0x79, 0x00, 0x00, 0x00, 0x00, 0x00, 0x04, 0x66, 0x00, 0xFF, 0xF6,
    0x33, 0xFC, 0x40, 0x00, 0x00, 0xDF, 0xF0, 0x24, 0x52, 0x47, 0x0C, 0x6C, 0x44, 0x89, 0x00, 0x00,
    0x66, 0x00, 0xFF, 0x3C, 0x4E, 0xB9, 0x00, 0x00, 0x08, 0x5C, 0xB0, 0x7C, 0x00, 0x0B, 0x66, 0x00,
    0xFF, 0x2E, 0x60, 0x00, 0x00, 0x14, 0x02, 0x40, 0x01, 0x11, 0x33, 0xC0, 0x00, 0xDF, 0xF1, 0x80,
    0x06, 0x40, 0x01, 0x11, 0x60, 0x00, 0xFF, 0xF0, 0x33, 0xFC, 0x04, 0x00, 0x00, 0xDF, 0xF0, 0x9E,
    0x4C, 0xDF, 0x7F, 0xFF, 0x4E, 0x75, 0x00, 0x00, 0x33, 0xFC, 0x00, 0x01, 0x00, 0x00, 0x08, 0x36,
    0x4E, 0xB9, 0x00, 0x00, 0x0B, 0x34, 0x4E, 0xB9, 0x00, 0x00, 0x09, 0x8A, 0x4E, 0xB9, 0x00, 0x00,
    0x0B, 0xA4, 0x42, 0x79, 0x00, 0x00, 0x08, 0x36, 0x20, 0x07, 0x4E, 0x75, 0x48, 0xE7, 0x7F, 0xFE,
    0x47, 0xF9, 0x00, 0x07, 0xFF, 0xCA, 0x26, 0x3C, 0x00, 0x00, 0x00, 0x00, 0x17, 0xBC, 0x00, 0x00,
    0x30, 0x00, 0x52, 0x43, 0xB6, 0x7C, 0x00, 0x0B, 0x66, 0x00, 0xFF, 0xF2, 0x20, 0x79, 0x00, 0x00,
    0x00, 0x10, 0x22, 0x79, 0x00, 0x00, 0x00, 0x10, 0x43, 0xE9, 0x75, 0x30, 0x2E, 0x3C, 0x00, 0x00,
    0x00, 0x00, 0xBE, 0x7C, 0x00, 0x0B, 0x67, 0x00, 0x00, 0xB4, 0x28, 0x79, 0x00, 0x00, 0x00, 0x10,
    0xD9, 0xFC, 0x00, 0x00, 0x50, 0x00, 0xB1, 0xCC, 0x6C, 0x00, 0x00, 0xA2, 0x0C, 0x28, 0x00, 0x44,
    0x00, 0x06, 0x66, 0x00, 0x00, 0x8E, 0x0C, 0x28, 0x00, 0x89, 0x00, 0x07, 0x66, 0x00, 0x00, 0x84,
    0x0C, 0x28, 0x00, 0x55, 0x00, 0x08, 0x66, 0x00, 0x00, 0x7A, 0x0C, 0x28, 0x00, 0x55, 0x00, 0x0C,
    0x66, 0x00, 0x00, 0x70, 0x48, 0xE7, 0x00, 0x40, 0x70, 0x02, 0x4E, 0xB9, 0x00, 0x00, 0x09, 0x54,
    0x70, 0x02, 0x4E, 0xB9, 0x00, 0x00, 0x09, 0x54, 0x70, 0x04, 0x4E, 0xB9, 0x00, 0x00, 0x09, 0x54,
    0x30, 0x3C, 0x00, 0x10, 0x4E, 0xB9, 0x00, 0x00, 0x09, 0x54, 0x70, 0x04, 0x4E, 0xB9, 0x00, 0x00,
    0x09, 0x54, 0x70, 0x04, 0x4E, 0xB9, 0x00, 0x00, 0x09, 0x54, 0x30, 0x3C, 0x02, 0x00, 0x4E, 0xB9,
    0x00, 0x00, 0x09, 0x54, 0x4C, 0xDF, 0x02, 0x00, 0x42, 0x83, 0x16, 0x29, 0x00, 0x06, 0xB6, 0x3C,
    0x00, 0x0A, 0x6E, 0x00, 0xFF, 0x76, 0x0C, 0x33, 0x00, 0x00, 0x30, 0x00, 0x66, 0x00, 0xFF, 0x6C,
    0x17, 0xBC, 0x00, 0x01, 0x30, 0x00, 0xD3, 0xFC, 0x00, 0x00, 0x02, 0x20, 0x52, 0x47, 0x60, 0x00,
    0xFF, 0x52, 0xD1, 0xFC, 0x00, 0x00, 0x00, 0x01, 0x60, 0x00, 0xFF, 0x50, 0x20, 0x07, 0x4C, 0xDF,
    0x7F, 0xFE, 0x4E, 0x75, 0x48, 0xE7, 0x78, 0x20, 0x36, 0x3C, 0xAA, 0xAA, 0x38, 0x3C, 0x55, 0x55,
    0x24, 0x48, 0xD5, 0xC0, 0x02, 0x80, 0x00, 0x00, 0xFF, 0xFF, 0xE2, 0x88, 0x53, 0x40, 0x6D, 0x12,
    0x32, 0x18, 0xD2, 0x41, 0xC2, 0x43, 0x34, 0x1A, 0xC4, 0x44, 0x84, 0x41, 0x32, 0xC2, 0x51, 0xC8,
    0xFF, 0xF0, 0x20, 0x4A, 0x4C, 0xDF, 0x04, 0x1E, 0x4E, 0x75, 0x7E, 0x0F, 0x08, 0x39, 0x00, 0x05,
    0x00, 0xBF, 0xE0, 0x01, 0x67, 0x0C, 0x53, 0x47, 0x6F, 0x0C, 0x4E, 0xB9, 0x00, 0x00, 0x06, 0x7A,
    0x60, 0xEA, 0x7E, 0x00, 0x4E, 0x75, 0x4A, 0x79, 0x00, 0x00, 0x08, 0x36, 0x67, 0xDC, 0x7E, 0xFF,
    0x4E, 0x75, 0x4A, 0x79, 0x00, 0x00, 0x00, 0x00, 0x6A, 0x00, 0x00, 0x08, 0x4E, 0xB9, 0x00, 0x00,
    0x0A, 0x10, 0xB0, 0x79, 0x00, 0x00, 0x00, 0x00, 0x67, 0x00, 0x00, 0x1A, 0x6E, 0x00, 0x00, 0x0C,
    0x4E, 0xB9, 0x00, 0x00, 0x0A, 0x3C, 0x60, 0x00, 0xFF, 0xEA, 0x4E, 0xB9, 0x00, 0x00, 0x0A, 0x98,
    0x60, 0x00, 0xFF, 0xE0, 0x13, 0xFC, 0x00, 0x01, 0x00, 0xBF, 0xED, 0x01, 0x00, 0x39, 0x00, 0x08,
    0x00, 0xBF, 0xEE, 0x01, 0x02, 0x39, 0x00, 0xC8, 0x00, 0xBF, 0xEE, 0x01, 0x13, 0xFC, 0x00, 0xF4,
    0x00, 0xBF, 0xE4, 0x01, 0x13, 0xFC, 0x00, 0x29, 0x00, 0xBF, 0xE5, 0x01, 0x60, 0x00, 0x01, 0x0E,
    0x4E, 0xB9, 0x00, 0x00, 0x09, 0x8A, 0x08, 0x39, 0x00, 0x04, 0x00, 0xBF, 0xE0, 0x01, 0x67, 0x00,
    0x00, 0x0C, 0x4E, 0xB9, 0x00, 0x00, 0x0A, 0x3C, 0x60, 0x00, 0xFF, 0xE6, 0x33, 0xFC, 0x00, 0x00,
    0x00, 0x00, 0x00, 0x00, 0x4E, 0xB9, 0x00, 0x00, 0x09, 0xE4, 0x4E, 0x75, 0x0C, 0x79, 0x00, 0x01,
    0x00, 0x07, 0xFF, 0xD6, 0x67, 0x00, 0x00, 0x08, 0x4E, 0xB9, 0x00, 0x00, 0x09, 0xE4, 0x33, 0xFC,
    0x00, 0x01, 0x00, 0x07, 0xFF, 0xD6, 0x4E, 0xB9, 0x00, 0x00, 0x09, 0x8A, 0x00, 0x39, 0x00, 0x02,
    0x00, 0xBF, 0xD1, 0x00, 0x02, 0x39, 0x00, 0xFE, 0x00, 0xBF, 0xD1, 0x00, 0x4E, 0x71, 0x4E, 0x71,
    0x00, 0x39, 0x00, 0x01, 0x00, 0xBF, 0xD1, 0x00, 0x4E, 0xB9, 0x00, 0x00, 0x0A, 0xF4, 0x4A, 0x79,
    0x00, 0x00, 0x00, 0x00, 0x6B, 0x00, 0x00, 0x10, 0x4E, 0xB9, 0x00, 0x00, 0x0A, 0xF4, 0x04, 0x79,
    0x00, 0x01, 0x00, 0x00, 0x00, 0x00, 0x4E, 0x75, 0x0C, 0x79, 0x00, 0x02, 0x00, 0x07, 0xFF, 0xD6,
    0x67, 0x00, 0x00, 0x08, 0x4E, 0xB9, 0x00, 0x00, 0x09, 0xE4, 0x33, 0xFC, 0x00, 0x02, 0x00, 0x07,
    0xFF, 0xD6, 0x4E, 0xB9, 0x00, 0x00, 0x09, 0x8A, 0x02, 0x39, 0x00, 0xFD, 0x00, 0xBF, 0xD1, 0x00,
    0x02, 0x39, 0x00, 0xFE, 0x00, 0xBF, 0xD1, 0x00, 0x4E, 0x71, 0x4E, 0x71, 0x00, 0x39, 0x00, 0x01,
    0x00, 0xBF, 0xD1, 0x00, 0x4E, 0xB9, 0x00, 0x00, 0x0A, 0xF4, 0x4A, 0x79, 0x00, 0x00, 0x00, 0x00,
    0x6B, 0x00, 0x00, 0x10, 0x4E, 0xB9, 0x00, 0x00, 0x0A, 0xF4, 0x06, 0x79, 0x00, 0x01, 0x00, 0x00,
    0x00, 0x00, 0x4E, 0x75, 0x13, 0xFC, 0x00, 0x01, 0x00, 0xBF, 0xED, 0x01, 0x00, 0x39, 0x00, 0x08,
    0x00, 0xBF, 0xEE, 0x01, 0x02, 0x39, 0x00, 0xC8, 0x00, 0xBF, 0xEE, 0x01, 0x13, 0xFC, 0x00, 0x64,
    0x00, 0xBF, 0xE4, 0x01, 0x13, 0xFC, 0x00, 0x08, 0x00, 0xBF, 0xE5, 0x01, 0x08, 0xF9, 0x00, 0x00,
    0x00, 0xBF, 0xEE, 0x01, 0x08, 0x39, 0x00, 0x00, 0x00, 0xBF, 0xED, 0x01, 0x67, 0xF6, 0x4E, 0x75,
    0x00, 0x00, 0x00, 0x00, 0x48, 0xE7, 0xC0, 0x00, 0x30, 0x39, 0x00, 0x00, 0x0B, 0x30, 0xB0, 0x79,
    0x00, 0x00, 0x0B, 0x32, 0x67, 0x2A, 0x3F, 0x39, 0x00, 0x00, 0x0B, 0x30, 0x33, 0xF9, 0x00, 0x00,
    0x0B, 0x32, 0x00, 0x00, 0x0B, 0x30, 0x4E, 0xB9, 0x00, 0x00, 0x0B, 0xA4, 0x33, 0xDF, 0x00, 0x00,
    0x0B, 0x30, 0x33, 0xC0, 0x00, 0x00, 0x0B, 0x32, 0x33, 0xFC, 0xFF, 0xFF, 0x00, 0x00, 0x00, 0x00,
    0x13, 0xFC, 0x00, 0xFF, 0x00, 0xBF, 0xD3, 0x00, 0x13, 0xFC, 0x00, 0x7F, 0x00, 0xBF, 0xD1, 0x00,
    0x4E, 0x71, 0x4E, 0x71, 0x12, 0x3C, 0x00, 0x7F, 0x56, 0x40, 0x01, 0x81, 0x13, 0xC1, 0x00, 0xBF,
    0xD1, 0x00, 0x4E, 0xB9, 0x00, 0x00, 0x0B, 0xEE, 0x4E, 0xB9, 0x00, 0x00, 0x09, 0x8A, 0x4C, 0xDF,
    0x00, 0x03, 0x4E, 0x75, 0x48, 0xE7, 0xC0, 0x00, 0x30, 0x39, 0x00, 0x00, 0x0B, 0x30, 0x56, 0x40,
    0x42, 0x41, 0x01, 0xC1, 0x83, 0x39, 0x00, 0xBF, 0xD1, 0x00, 0x4E, 0x71, 0x13, 0xFC, 0x00, 0xFF,
    0x00, 0xBF, 0xD3, 0x00, 0x00, 0x39, 0x00, 0x80, 0x00, 0xBF, 0xD1, 0x00, 0x4E, 0x71, 0x4E, 0x71,
    0x0A, 0x41, 0xFF, 0xFF, 0xC3, 0x39, 0x00, 0xBF, 0xD1, 0x00, 0x0A, 0x41, 0xFF, 0xFF, 0x4E, 0x71,
    0x4E, 0x71, 0x83, 0x39, 0x00, 0xBF, 0xD1, 0x00, 0x4C, 0xDF, 0x00, 0x03, 0x4E, 0x75, 0x48, 0xE7,
    0xFF, 0xFE, 0x13, 0xFC, 0x00, 0x01, 0x00, 0xBF, 0xED, 0x01, 0x00, 0x39, 0x00, 0x08, 0x00, 0xBF,
    0xEE, 0x01, 0x02, 0x39, 0x00, 0xC8, 0x00, 0xBF, 0xEE, 0x01, 0x20, 0x3C, 0x00, 0x00, 0x00, 0x18,
    0x13, 0xFC, 0x00, 0xD8, 0x00, 0xBF, 0xE4, 0x01, 0x13, 0xFC, 0x00, 0x8B, 0x00, 0xBF, 0xE5, 0x01,
    0x08, 0xF9, 0x00, 0x00, 0x00, 0xBF, 0xEE, 0x01, 0x08, 0x39, 0x00, 0x00, 0x00, 0xBF, 0xED, 0x01,
    0x67, 0x00, 0xFF, 0xF6, 0x51, 0xC8, 0xFF, 0xDA, 0x4C, 0xDF, 0x7F, 0xFF, 0x4E, 0x75, 0x00, 0x00,
};
static const IxReloc ix_program_h13_rel[132] = {
    { 0x00004, 13 },
    { 0x0000C, 13 },
    { 0x00014, 13 },
    { 0x0001E, 13 },
    { 0x00038, 13 },
    { 0x00074, 26 },
    { 0x0007C, 14 },
    { 0x00086, 14 },
    { 0x00098, 13 },
    { 0x0009E, 14 },
    { 0x000AC, 14 },
    { 0x000D2, 13 },
    { 0x0014C, 13 },
    { 0x00152, 29 },
    { 0x0015E, 13 },
    { 0x00164, 29 },
    { 0x0016C, 13 },
    { 0x00174, 14 },
    { 0x00188, 13 },
    { 0x00194, 13 },
    { 0x001A0, 13 },
    { 0x001A8, 13 },
    { 0x001B4, 13 },
    { 0x001BE, 13 },
    { 0x001C4, 13 },
    { 0x001CE, 13 },
    { 0x001D8, 13 },
    { 0x001F0, 13 },
    { 0x001FE, 14 },
    { 0x00222, 14 },
    { 0x0023A, 26 },
    { 0x00242, 14 },
    { 0x0024C, 14 },
    { 0x0025E, 13 },
    { 0x00264, 14 },
    { 0x00272, 14 },
    { 0x00292, 13 },
    { 0x002E2, 13 },
    { 0x002EA, 14 },
    { 0x002FE, 14 },
    { 0x00308, 14 },
    { 0x0032C, 14 },
    { 0x0034E, 13 },
    { 0x0037C, 13 },
    { 0x00390, 13 },
    { 0x0039A, 13 },
    { 0x003AA, 13 },
    { 0x003B4, 13 },
    { 0x003C6, 13 },
    { 0x003D4, 13 },
    { 0x003DE, 13 },
    { 0x00406, 13 },
    { 0x0040C, 13 },
    { 0x0041A, 13 },
    { 0x00422, 13 },
    { 0x0042A, 13 },
    { 0x00436, 13 },
    { 0x00454, 13 },
    { 0x0046C, 13 },
    { 0x00498, 13 },
    { 0x004C0, 13 },
    { 0x0050A, 13 },
    { 0x00512, 13 },
    { 0x00518, 13 },
    { 0x0063A, 14 },
    { 0x0064E, 14 },
    { 0x00696, 13 },
    { 0x0069C, 13 },
    { 0x006A2, 13 },
    { 0x006AA, 16 },
    { 0x006B0, 14 },
    { 0x00718, 16 },
    { 0x00730, 26 },
    { 0x0074E, 29 },
    { 0x0075C, 14 },
    { 0x00778, 13 },
    { 0x0077E, 14 },
    { 0x00796, 13 },
    { 0x007AC, 14 },
    { 0x007C8, 16 },
    { 0x007E8, 16 },
    { 0x00806, 13 },
    { 0x0083C, 13 },
    { 0x00842, 13 },
    { 0x00848, 13 },
    { 0x0084E, 13 },
    { 0x00854, 13 },
    { 0x0087E, 14 },
    { 0x00884, 14 },
    { 0x0089C, 14 },
    { 0x008DC, 13 },
    { 0x008E4, 13 },
    { 0x008EC, 13 },
    { 0x008F6, 13 },
    { 0x008FE, 13 },
    { 0x00906, 13 },
    { 0x00910, 13 },
    { 0x0099C, 29 },
    { 0x009A8, 13 },
    { 0x009B4, 14 },
    { 0x009BE, 13 },
    { 0x009C4, 14 },
    { 0x009D2, 13 },
    { 0x009DC, 13 },
    { 0x00A12, 13 },
    { 0x00A24, 13 },
    { 0x00A30, 14 },
    { 0x00A36, 13 },
    { 0x00A4A, 13 },
    { 0x00A58, 13 },
    { 0x00A7A, 13 },
    { 0x00A80, 14 },
    { 0x00A8A, 13 },
    { 0x00A92, 14 },
    { 0x00AA6, 13 },
    { 0x00AB4, 13 },
    { 0x00AD6, 13 },
    { 0x00ADC, 14 },
    { 0x00AE6, 13 },
    { 0x00AEE, 14 },
    { 0x00B3A, 13 },
    { 0x00B40, 13 },
    { 0x00B48, 13 },
    { 0x00B4E, 13 },
    { 0x00B52, 13 },
    { 0x00B58, 13 },
    { 0x00B5E, 13 },
    { 0x00B64, 13 },
    { 0x00B6C, 14 },
    { 0x00B94, 13 },
    { 0x00B9A, 13 },
    { 0x00BAA, 13 },
};

static const uint8_t ix_program_h14[24] = {
    0xFF, 0xFF, 0xFF, 0xFF, 0xFF, 0xFF, 0xFF, 0xFF, 0x00, 0x00, 0x00, 0x00, 0x0D, 0x0A, 0x00, 0x00,
    0x00, 0x00, 0x00, 0x00, 0x00, 0x00, 0x00, 0x00,
};
static const IxReloc ix_program_h14_rel[1] = {
    { 0x00010, 27 },
};

static const uint8_t ix_program_h15[1676] = {
    0x4A, 0x79, 0x00, 0x00, 0x00, 0x3A, 0x66, 0x0E, 0x4A, 0x79, 0x00, 0x00, 0x00, 0x3C, 0x6D, 0x06,
    0x53, 0x79, 0x00, 0x00, 0x00, 0x3C, 0x66, 0x06, 0x4E, 0xB9, 0x00, 0x00, 0x0B, 0xA4, 0x48, 0xE7,
    0x00, 0xC0, 0x41, 0xF9, 0x00, 0x00, 0x01, 0x22, 0x4A, 0x90, 0x67, 0x0E, 0x22, 0x58, 0x48, 0xE7,
    0xFF, 0xBC, 0x4E, 0x91, 0x4C, 0xDF, 0x3D, 0xFF, 0x60, 0xEE, 0x4C, 0xDF, 0x03, 0x00, 0x4E, 0x75,
    0x33, 0xFC, 0x00, 0x00, 0x00, 0x00, 0x00, 0x00, 0x0C, 0x79, 0x00, 0x00, 0x00, 0x00, 0x00, 0x00,
    0x67, 0x00, 0xFF, 0xF6, 0x4E, 0x75, 0x0C, 0x79, 0x00, 0x00, 0x00, 0x00, 0x00, 0x0A, 0x66, 0x00,
    0xFF, 0xF6, 0x4E, 0x75, 0x4E, 0xB9, 0x00, 0x00, 0x06, 0x7A, 0x13, 0xF9, 0x00, 0xDF, 0xF0, 0x0A,
    0x00, 0x00, 0x00, 0x0C, 0x13, 0xF9, 0x00, 0xDF, 0xF0, 0x0B, 0x00, 0x00, 0x00, 0x0D, 0x4E, 0xB9,
    0x00, 0x00, 0x06, 0xAE, 0x23, 0xFC, 0x00, 0x00, 0x00, 0xF0, 0x00, 0x00, 0x00, 0x64, 0x23, 0xFC,
    0x00, 0x00, 0x01, 0x38, 0x00, 0x00, 0x00, 0x68, 0x23, 0xFC, 0x00, 0x00, 0x02, 0x66, 0x00, 0x00,
    0x00, 0x6C, 0x23, 0xFC, 0x00, 0x00, 0x03, 0x10, 0x00, 0x00, 0x00, 0x70, 0x23, 0xFC, 0x00, 0x00,
    0x03, 0x80, 0x00, 0x00, 0x00, 0x74, 0x23, 0xFC, 0x00, 0x00, 0x03, 0xB8, 0x00, 0x00, 0x00, 0x78,
    0x13, 0xFC, 0x00, 0x17, 0x00, 0xBF, 0xED, 0x01, 0x13, 0xFC, 0x00, 0x88, 0x00, 0xBF, 0xED, 0x01,
    0x13, 0xFC, 0x00, 0x1F, 0x00, 0xBF, 0xDD, 0x00, 0x33, 0xFC, 0x1F, 0x95, 0x00, 0xDF, 0xF0, 0x9A,
    0x33, 0xFC, 0xA0, 0x6A, 0x00, 0xDF, 0xF0, 0x9A, 0x4E, 0xB9, 0x00, 0x00, 0x06, 0xB8, 0x4E, 0x75,
    0x48, 0xE7, 0x80, 0x00, 0x30, 0x39, 0x00, 0xDF, 0xF0, 0x1E, 0x08, 0x00, 0x00, 0x01, 0x67, 0x00,
    0x00, 0x12, 0x33, 0xFC, 0x00, 0x00, 0x00, 0x00, 0x00, 0x04, 0x33, 0xFC, 0x00, 0x02, 0x00, 0xDF,
    0xF0, 0x9C, 0x08, 0x00, 0x00, 0x02, 0x67, 0x00, 0x00, 0x0A, 0x33, 0xFC, 0x00, 0x04, 0x00, 0xDF,
    0xF0, 0x9C, 0x08, 0x00, 0x00, 0x00, 0x67, 0x00, 0x00, 0x0A, 0x33, 0xFC, 0x00, 0x01, 0x00, 0xDF,
    0xF0, 0x9C, 0x4C, 0xDF, 0x00, 0x01, 0x4E, 0x73, 0x48, 0xE7, 0xE0, 0xC0, 0x20, 0x7C, 0x00, 0xDF,
    0xF0, 0x00, 0x22, 0x7C, 0x00, 0xBF, 0xE0, 0x01, 0x33, 0xFC, 0x00, 0x08, 0x00, 0xDF, 0xF0, 0x9C,
    0x10, 0x29, 0x0D, 0x00, 0x08, 0x00, 0x00, 0x03, 0x67, 0x00, 0x00, 0x78, 0x90, 0x40, 0x10, 0x29,
    0x0C, 0x00, 0x00, 0x29, 0x00, 0x40, 0x0E, 0x00, 0x02, 0x29, 0x00, 0xF6, 0x0E, 0x00, 0x13, 0x7C,
    0x00, 0x02, 0x04, 0x00, 0x13, 0x7C, 0x00, 0x00, 0x05, 0x00, 0x00, 0x29, 0x00, 0x01, 0x0E, 0x00,
    0x13, 0x7C, 0x00, 0x00, 0x0C, 0x00, 0x12, 0x29, 0x0D, 0x00, 0x08, 0x01, 0x00, 0x03, 0x67, 0xF6,
    0x33, 0xFC, 0x00, 0x08, 0x00, 0xDF, 0xF0, 0x9C, 0x02, 0x29, 0x00, 0xBF, 0x0E, 0x00, 0x43, 0xF9,
    0x00, 0x00, 0x00, 0x12, 0xE2, 0x18, 0x12, 0x00, 0x6A, 0x0E, 0x02, 0x40, 0x00, 0x7F, 0x10, 0x31,
    0x00, 0x00, 0x13, 0xC0, 0x00, 0x00, 0x00, 0x01, 0x10, 0x01, 0x02, 0x41, 0x00, 0x7F, 0x12, 0x31,
    0x10, 0x00, 0x02, 0x40, 0x00, 0x80, 0xE3, 0x18, 0x22, 0x7C, 0x00, 0x00, 0x00, 0x92, 0x13, 0x80,
    0x10, 0x00, 0x4C, 0xDF, 0x03, 0x07, 0x4E, 0x73, 0x48, 0xE7, 0x80, 0x00, 0x30, 0x39, 0x00, 0xDF,
    0xF0, 0x1E, 0x08, 0x00, 0x00, 0x03, 0x67, 0x00, 0x00, 0x78, 0x10, 0x39, 0x00, 0xBF, 0xED, 0x01,
    0x08, 0x00, 0x00, 0x07, 0x67, 0x00, 0x00, 0x62, 0x08, 0x00, 0x00, 0x03, 0x67, 0x00, 0x00, 0x5A,
    0x4E, 0xB9, 0x00, 0x00, 0x03, 0xF6, 0x00, 0x39, 0x00, 0x40, 0x00, 0xBF, 0xEE, 0x01, 0x13, 0xFC,
    0x00, 0x88, 0x00, 0xBF, 0xED, 0x01, 0x13, 0xFC, 0x00, 0x01, 0x00, 0xBF, 0xDD, 0x00, 0x00, 0x39,
    0x00, 0x08, 0x00, 0xBF, 0xDE, 0x00, 0x02, 0x39, 0x00, 0xC8, 0x00, 0xBF, 0xDE, 0x00, 0x13, 0xFC,
    0x00, 0xBC, 0x00, 0xBF, 0xD4, 0x00, 0x13, 0xFC, 0x00, 0x50, 0x00, 0xBF, 0xD5, 0x00, 0x08, 0xF9,
    0x00, 0x00, 0x00, 0xBF, 0xDE, 0x00, 0x08, 0x39, 0x00, 0x00, 0x00, 0xBF, 0xDD, 0x00, 0x67, 0xF6,
    0x02, 0x39, 0x00, 0xBF, 0x00, 0xBF, 0xEE, 0x01, 0x33, 0xFC, 0x00, 0x08, 0x00, 0xDF, 0xF0, 0x9C,
    0x4C, 0xDF, 0x00, 0x01, 0x4E, 0x73, 0x4A, 0x79, 0x00, 0x00, 0x01, 0x46, 0x66, 0x2E, 0x2F, 0x08,
    0x20, 0x79, 0x00, 0x00, 0x00, 0x0E, 0x20, 0x97, 0x21, 0x6F, 0x00, 0x04, 0x00, 0x04, 0x21, 0x6F,
    0x00, 0x08, 0x00, 0x08, 0x21, 0x6F, 0x00, 0x0C, 0x00, 0x0C, 0x21, 0x6F, 0x00, 0x10, 0x00, 0x10,
    0x2E, 0x48, 0x20, 0x5F, 0x33, 0xFC, 0x00, 0x01, 0x00, 0x00, 0x01, 0x46, 0x48, 0xE7, 0x80, 0x00,
    0x30, 0x39, 0x00, 0xDF, 0xF0, 0x1E, 0x08, 0x00, 0x00, 0x06, 0x67, 0x00, 0x00, 0x12, 0x33, 0xFC,
    0x00, 0x00, 0x00, 0x00, 0x00, 0x0A, 0x33, 0xFC, 0x00, 0x40, 0x00, 0xDF, 0xF0, 0x9C, 0x08, 0x00,
    0x00, 0x05, 0x67, 0x00, 0x00, 0x34, 0x0C, 0x79, 0x00, 0x00, 0x00, 0x00, 0x00, 0x02, 0x67, 0x00,
    0x00, 0x0C, 0x06, 0xB9, 0x00, 0x00, 0x00, 0x01, 0x00, 0x00, 0x00, 0x0A, 0x4E, 0xB9, 0x00, 0x00,
    0x05, 0x04, 0x33, 0xFC, 0x00, 0x01, 0x00, 0xDF, 0xF0, 0x34, 0x4E, 0xB9, 0x00, 0x00, 0x00, 0x00,
    0x33, 0xFC, 0x00, 0x20, 0x00, 0xDF, 0xF0, 0x9C, 0x08, 0x00, 0x00, 0x04, 0x67, 0x00, 0x00, 0x0A,
    0x33, 0xFC, 0x00, 0x10, 0x00, 0xDF, 0xF0, 0x9C, 0x4C, 0xDF, 0x00, 0x01, 0x4E, 0x73, 0x00, 0x00,
    0x48, 0xE7, 0x80, 0x80, 0x30, 0x39, 0x00, 0xDF, 0xF0, 0x1E, 0x08, 0x00, 0x00, 0x0A, 0x67, 0x00,
    0x00, 0x12, 0x33, 0xFC, 0x04, 0x00, 0x00, 0xDF, 0xF0, 0x9C, 0x20, 0x79, 0x00, 0x00, 0x01, 0x1E,
    0x4E, 0x90, 0x08, 0x00, 0x00, 0x09, 0x67, 0x00, 0x00, 0x12, 0x33, 0xFC, 0x02, 0x00, 0x00, 0xDF,
    0xF0, 0x9C, 0x20, 0x79, 0x00, 0x00, 0x01, 0x1A, 0x4E, 0x90, 0x08, 0x00, 0x00, 0x08, 0x67, 0x00,
    0x00, 0x12, 0x33, 0xFC, 0x01, 0x00, 0x00, 0xDF, 0xF0, 0x9C, 0x20, 0x79, 0x00, 0x00, 0x01, 0x16,
    0x4E, 0x90, 0x08, 0x00, 0x00, 0x07, 0x67, 0x00, 0x00, 0x12, 0x33, 0xFC, 0x00, 0x80, 0x00, 0xDF,
    0xF0, 0x9C, 0x20, 0x79, 0x00, 0x00, 0x01, 0x12, 0x4E, 0x90, 0x4C, 0xDF, 0x01, 0x01, 0x4E, 0x73,
    0x48, 0xE7, 0x80, 0x00, 0x30, 0x39, 0x00, 0xDF, 0xF0, 0x1E, 0x08, 0x00, 0x00, 0x0C, 0x67, 0x00,
    0x00, 0x12, 0x33, 0xFC, 0x00, 0x00, 0x00, 0x00, 0x00, 0x08, 0x33, 0xFC, 0x10, 0x00, 0x00, 0xDF,
    0xF0, 0x9C, 0x08, 0x00, 0x00, 0x0B, 0x67, 0x00, 0x00, 0x0A, 0x33, 0xFC, 0x08, 0x00, 0x00, 0xDF,
    0xF0, 0x9C, 0x4C, 0xDF, 0x00, 0x01, 0x4E, 0x73, 0x48, 0xE7, 0x80, 0x00, 0x30, 0x39, 0x00, 0xDF,
    0xF0, 0x1E, 0x08, 0x00, 0x00, 0x0D, 0x67, 0x00, 0x00, 0x28, 0x10, 0x39, 0x00, 0xBF, 0xDD, 0x00,
    0x08, 0x00, 0x00, 0x07, 0x67, 0x00, 0x00, 0x12, 0x08, 0x00, 0x00, 0x04, 0x67, 0x00, 0x00, 0x0A,
    0x33, 0xFC, 0x00, 0x00, 0x00, 0x00, 0x00, 0x06, 0x33, 0xFC, 0x20, 0x00, 0x00, 0xDF, 0xF0, 0x9C,
    0x4C, 0xDF, 0x00, 0x01, 0x4E, 0x73, 0x48, 0xE7, 0xFF, 0xFE, 0x42, 0x80, 0x10, 0x39, 0x00, 0xBF,
    0xEC, 0x01, 0xE2, 0x18, 0x22, 0x7C, 0x00, 0x00, 0x00, 0x12, 0x22, 0x00, 0x02, 0x41, 0x00, 0x7F,
    0x42, 0x82, 0x14, 0x31, 0x10, 0x00, 0x24, 0x7C, 0x00, 0x00, 0x00, 0x92, 0x08, 0x00, 0x00, 0x07,
    0x67, 0x00, 0x00, 0x78, 0x33, 0xC2, 0x00, 0x00, 0x00, 0x00, 0x15, 0xBC, 0x00, 0x01, 0x20, 0x00,
    0xB4, 0x7C, 0x00, 0xFF, 0x66, 0x00, 0x00, 0x60, 0x0C, 0x79, 0x00, 0x00, 0x00, 0x00, 0x00, 0x02,
    0x66, 0x00, 0x00, 0x0E, 0x33, 0xFC, 0xFF, 0xFF, 0x00, 0x00, 0x00, 0x02, 0x60, 0x00, 0x00, 0x48,
    0x33, 0xFC, 0x00, 0x00, 0x00, 0x00, 0x00, 0x02, 0x00, 0x39, 0x00, 0x40, 0x00, 0xBF, 0xEE, 0x01,
    0x13, 0xFC, 0x00, 0x88, 0x00, 0xBF, 0xED, 0x01, 0x02, 0x39, 0x00, 0xBF, 0x00, 0xBF, 0xEE, 0x01,
    0x33, 0xFC, 0x00, 0x08, 0x00, 0xDF, 0xF0, 0x9C, 0x4C, 0xDF, 0x7F, 0xFF, 0xDF, 0xFC, 0x00, 0x00,
    0x00, 0x04, 0x4C, 0xDF, 0x00, 0x01, 0x46, 0xD7, 0x0C, 0x79, 0x00, 0x00, 0x00, 0x00, 0x00, 0x02,
    0x67, 0x00, 0xFF, 0xF6, 0x4E, 0x73, 0x60, 0x00, 0x00, 0x08, 0x15, 0xBC, 0x00, 0x00, 0x20, 0x00,
    0x4C, 0xDF, 0x7F, 0xFF, 0x4E, 0x75, 0x48, 0xE7, 0xE0, 0x00, 0x30, 0x39, 0x00, 0xDF, 0xF0, 0x0C,
    0x42, 0x41, 0x08, 0x00, 0x00, 0x01, 0x67, 0x00, 0x00, 0x06, 0x00, 0x41, 0x00, 0x08, 0x08, 0x00,
    0x00, 0x09, 0x67, 0x00, 0x00, 0x06, 0x00, 0x41, 0x00, 0x04, 0x34, 0x00, 0xE3, 0x4A, 0xB1, 0x42,
    0x08, 0x02, 0x00, 0x01, 0x67, 0x00, 0x00, 0x06, 0x00, 0x41, 0x00, 0x02, 0x08, 0x02, 0x00, 0x09,
    0x67, 0x00, 0x00, 0x06, 0x00, 0x41, 0x00, 0x01, 0x08, 0x39, 0x00, 0x07, 0x00, 0xBF, 0xE0, 0x01,
    0x66, 0x00, 0x00, 0x06, 0x00, 0x41, 0x00, 0x10, 0x33, 0xC1, 0x00, 0x00, 0x00, 0x08, 0x4C, 0xDF,
    0x00, 0x07, 0x4E, 0x75, 0x48, 0xE7, 0xFF, 0xFE, 0x10, 0x39, 0x00, 0xDF, 0xF0, 0x0A, 0x12, 0x39,
    0x00, 0xDF, 0xF0, 0x0B, 0x14, 0x39, 0x00, 0x00, 0x00, 0x0C, 0x94, 0x00, 0x65, 0x00, 0x00, 0x1E,
    0xB4, 0x3C, 0x00, 0x80, 0x65, 0x00, 0x00, 0x0E, 0x1C, 0x3C, 0x00, 0xFF, 0x9C, 0x02, 0x14, 0x06,
    0x60, 0x00, 0x00, 0x20, 0x18, 0x02, 0x44, 0x84, 0x60, 0x00, 0x00, 0x1A, 0x44, 0x02, 0xB4, 0x3C,
    0x00, 0x80, 0x65, 0x00, 0x00, 0x0E, 0x1C, 0x3C, 0x00, 0xFF, 0x9C, 0x02, 0x14, 0x06, 0x60, 0x00,
    0xFF, 0xE4, 0x18, 0x02, 0x16, 0x39, 0x00, 0x00, 0x00, 0x0D, 0x96, 0x01, 0x65, 0x00, 0x00, 0x1E,
    0xB6, 0x3C, 0x00, 0x80, 0x65, 0x00, 0x00, 0x0E, 0x1C, 0x3C, 0x00, 0xFF, 0x9C, 0x03, 0x16, 0x06,
    0x60, 0x00, 0x00, 0x20, 0x1A, 0x03, 0x44, 0x85, 0x60, 0x00, 0x00, 0x1A, 0x44, 0x03, 0xB6, 0x3C,
    0x00, 0x80, 0x65, 0x00, 0x00, 0x0E, 0x1C, 0x3C, 0x00, 0xFF, 0x9C, 0x03, 0x16, 0x06, 0x60, 0x00,
    0xFF, 0xE4, 0x1A, 0x03, 0x48, 0x84, 0x48, 0x85, 0xD9, 0x79, 0x00, 0x00, 0x00, 0x02, 0xDB, 0x79,
    0x00, 0x00, 0x00, 0x00, 0xB8, 0x7C, 0x00, 0x00, 0x66, 0x00, 0x00, 0x0A, 0xBA, 0x7C, 0x00, 0x00,
    0x67, 0x00, 0x00, 0x14, 0x23, 0xFC, 0x00, 0x00, 0x00, 0x10, 0x00, 0x00, 0x00, 0x10, 0x33, 0xFC,
    0x00, 0x00, 0x00, 0x00, 0x00, 0x0E, 0x4E, 0xB9, 0x00, 0x00, 0x06, 0x14, 0x33, 0xFC, 0xFF, 0xFF,
    0x00, 0x00, 0x00, 0x04, 0x33, 0xFC, 0xFF, 0xFF, 0x00, 0x00, 0x00, 0x06, 0x08, 0x39, 0x00, 0x06,
    0x00, 0xBF, 0xE0, 0x01, 0x66, 0x00, 0x00, 0x1C, 0x23, 0xFC, 0x00, 0x00, 0x00, 0x10, 0x00, 0x00,
    0x00, 0x10, 0x33, 0xFC, 0x00, 0x00, 0x00, 0x00, 0x00, 0x04, 0x33, 0xFC, 0x00, 0x00, 0x00, 0x00,
    0x00, 0x0E, 0x13, 0xC0, 0x00, 0x00, 0x00, 0x0C, 0x13, 0xC1, 0x00, 0x00, 0x00, 0x0D, 0x4C, 0xDF,
    0x7F, 0xFF, 0x4E, 0x75, 0x0C, 0x79, 0xFF, 0xF9, 0x00, 0x00, 0x00, 0x00, 0x6C, 0x00, 0x00, 0x0A,
    0x33, 0xFC, 0xFF, 0xF9, 0x00, 0x00, 0x00, 0x00, 0x0C, 0x79, 0x01, 0x3F, 0x00, 0x00, 0x00, 0x00,
    0x6F, 0x00, 0x00, 0x0A, 0x33, 0xFC, 0x01, 0x3F, 0x00, 0x00, 0x00, 0x00, 0x0C, 0x79, 0xFF, 0xF9,
    0x00, 0x00, 0x00, 0x02, 0x6C, 0x00, 0x00, 0x0A, 0x33, 0xFC, 0xFF, 0xF9, 0x00, 0x00, 0x00, 0x02,
    0x0C, 0x79, 0x00, 0xC7, 0x00, 0x00, 0x00, 0x02, 0x6F, 0x00, 0x00, 0x0A, 0x33, 0xFC, 0x00, 0xC7,
    0x00, 0x00, 0x00, 0x02, 0x4E, 0x75, 0x48, 0xE7, 0xFF, 0xFE, 0x20, 0x7C, 0x00, 0x00, 0x00, 0x92,
    0x20, 0x3C, 0x00, 0x00, 0x00, 0x7F, 0x42, 0x18, 0x51, 0xC8, 0xFF, 0xFC, 0x33, 0xFC, 0x00, 0x00,
    0x00, 0x00, 0x00, 0x00, 0x4C, 0xDF, 0x7F, 0xFF, 0x4E, 0x75, 0x4E, 0x75,
};
static const IxReloc ix_program_h15_rel[70] = {
    { 0x00002, 18 },
    { 0x0000A, 18 },
    { 0x00012, 18 },
    { 0x0001A, 13 },
    { 0x00024, 16 },
    { 0x00044, 16 },
    { 0x0004C, 16 },
    { 0x0005A, 16 },
    { 0x00066, 29 },
    { 0x00070, 16 },
    { 0x0007A, 16 },
    { 0x00080, 29 },
    { 0x00086, 15 },
    { 0x00090, 15 },
    { 0x0009A, 15 },
    { 0x000A4, 15 },
    { 0x000AE, 15 },
    { 0x000B8, 15 },
    { 0x000EA, 29 },
    { 0x00106, 16 },
    { 0x001A0, 16 },
    { 0x001B4, 16 },
    { 0x001CA, 16 },
    { 0x00202, 15 },
    { 0x00268, 16 },
    { 0x00272, 17 },
    { 0x00298, 16 },
    { 0x002B2, 16 },
    { 0x002CA, 16 },
    { 0x002D8, 17 },
    { 0x002DE, 15 },
    { 0x002EC, 15 },
    { 0x0032C, 16 },
    { 0x00344, 16 },
    { 0x0035C, 16 },
    { 0x00374, 16 },
    { 0x00396, 16 },
    { 0x003E4, 16 },
    { 0x00406, 16 },
    { 0x00418, 16 },
    { 0x00426, 16 },
    { 0x0043C, 16 },
    { 0x00448, 16 },
    { 0x00454, 16 },
    { 0x0048C, 16 },
    { 0x004FA, 17 },
    { 0x00516, 16 },
    { 0x00556, 16 },
    { 0x0059A, 17 },
    { 0x005A0, 17 },
    { 0x005BA, 16 },
    { 0x005C2, 16 },
    { 0x005C8, 15 },
    { 0x005D0, 17 },
    { 0x005D8, 17 },
    { 0x005EE, 16 },
    { 0x005F6, 17 },
    { 0x005FE, 16 },
    { 0x00604, 16 },
    { 0x0060A, 16 },
    { 0x00618, 17 },
    { 0x00624, 17 },
    { 0x0062C, 17 },
    { 0x00638, 17 },
    { 0x00640, 17 },
    { 0x0064C, 17 },
    { 0x00654, 17 },
    { 0x00660, 17 },
    { 0x0066C, 16 },
    { 0x00680, 16 },
};

static const uint8_t ix_program_h16[328] = {
    0x00, 0x00, 0xFF, 0xFF, 0xFF, 0xFF, 0xFF, 0xFF, 0xFF, 0xFF, 0xFF, 0xFF, 0x00, 0x00, 0xFF, 0xFF,
    0x00, 0x00, 0x00, 0x00, 0x00, 0x00, 0x00, 0x00, 0x00, 0x00, 0x00, 0x00, 0x00, 0x00, 0x00, 0x00,
    0x00, 0x00, 0x00, 0x00, 0x00, 0x00, 0x00, 0x00, 0x00, 0x00, 0x7F, 0x7E, 0x38, 0x38, 0x1D, 0x3A,
    0x36, 0x2A, 0x62, 0x4E, 0x66, 0x65, 0x64, 0x63, 0x44, 0x43, 0x42, 0x41, 0x40, 0x3F, 0x3E, 0x3D,
    0x3C, 0x3B, 0x4B, 0x4D, 0x50, 0x48, 0x00, 0x4A, 0x00, 0x00, 0x00, 0x53, 0x01, 0x1C, 0x72, 0x0F,
    0x0E, 0x39, 0x69, 0x68, 0x67, 0x71, 0x00, 0x35, 0x34, 0x33, 0x32, 0x31, 0x30, 0x2F, 0x2E, 0x2D,
    0x2C, 0x00, 0x6C, 0x6B, 0x6A, 0x00, 0x00, 0x28, 0x27, 0x26, 0x25, 0x24, 0x23, 0x22, 0x21, 0x20,
    0x1F, 0x1E, 0x6F, 0x6E, 0x6D, 0x00, 0x1B, 0x1A, 0x19, 0x18, 0x17, 0x16, 0x15, 0x14, 0x13, 0x12,
    0x11, 0x10, 0x70, 0x00, 0x2B, 0x0D, 0x0C, 0x0B, 0x0A, 0x09, 0x08, 0x07, 0x06, 0x05, 0x04, 0x03,
    0x02, 0x29, 0x00, 0x00, 0x00, 0x00, 0x00, 0x00, 0x00, 0x00, 0x00, 0x00, 0x00, 0x00, 0x00, 0x00,
    0x00, 0x00, 0x00, 0x00, 0x00, 0x00, 0x00, 0x00, 0x00, 0x00, 0x00, 0x00, 0x00, 0x00, 0x00, 0x00,
    0x00, 0x00, 0x00, 0x00, 0x00, 0x00, 0x00, 0x00, 0x00, 0x00, 0x00, 0x00, 0x00, 0x00, 0x00, 0x00,
    0x00, 0x00, 0x00, 0x00, 0x00, 0x00, 0x00, 0x00, 0x00, 0x00, 0x00, 0x00, 0x00, 0x00, 0x00, 0x00,
    0x00, 0x00, 0x00, 0x00, 0x00, 0x00, 0x00, 0x00, 0x00, 0x00, 0x00, 0x00, 0x00, 0x00, 0x00, 0x00,
    0x00, 0x00, 0x00, 0x00, 0x00, 0x00, 0x00, 0x00, 0x00, 0x00, 0x00, 0x00, 0x00, 0x00, 0x00, 0x00,
    0x00, 0x00, 0x00, 0x00, 0x00, 0x00, 0x00, 0x00, 0x00, 0x00, 0x00, 0x00, 0x00, 0x00, 0x00, 0x00,
    0x00, 0x00, 0x00, 0x00, 0x00, 0x00, 0x00, 0x00, 0x00, 0x00, 0x00, 0x00, 0x00, 0x00, 0x00, 0x00,
    0x00, 0x00, 0x00, 0x00, 0x06, 0x8A, 0x00, 0x00, 0x06, 0x8A, 0x00, 0x00, 0x06, 0x8A, 0x00, 0x00,
    0x06, 0x8A, 0x00, 0x00, 0x00, 0x00, 0x00, 0x00, 0x00, 0x00, 0x00, 0x00, 0x00, 0x00, 0x00, 0x00,
    0x00, 0x00, 0x00, 0x00, 0x00, 0x00, 0x00, 0x00, 0x00, 0x00, 0x00, 0x00, 0x00, 0x00, 0x00, 0x00,
    0x00, 0x00, 0x00, 0x00, 0x00, 0x00, 0x00, 0x01,
};
static const IxReloc ix_program_h16_rel[4] = {
    { 0x00112, 15 },
    { 0x00116, 15 },
    { 0x0011A, 15 },
    { 0x0011E, 15 },
};


static const uint8_t ix_program_h18[2184] = {
    0x00, 0x00, 0x00, 0x00, 0x00, 0x00, 0x00, 0x00, 0x00, 0x00, 0x00, 0x00, 0x00, 0x00, 0x00, 0x00,
    0x00, 0x00, 0x00, 0x00, 0x00, 0x00, 0x00, 0x00, 0x00, 0x00, 0x00, 0x00, 0x00, 0x00, 0x00, 0x00,
    0x00, 0x00, 0x00, 0x00, 0x00, 0x00, 0x00, 0x00, 0x00, 0x00, 0x00, 0x00, 0x00, 0x00, 0x00, 0x00,
    0x00, 0x00, 0x00, 0x00, 0x00, 0x00, 0x00, 0x00, 0x00, 0x00, 0x00, 0x00, 0x00, 0x00, 0x00, 0x00,
    0x4E, 0x75, 0x33, 0xFC, 0x00, 0x32, 0x00, 0x00, 0x00, 0x3C, 0x33, 0xFC, 0x00, 0x01, 0x00, 0x00,
    0x00, 0x3A, 0x4E, 0xB9, 0x00, 0x00, 0x0B, 0x34, 0x4D, 0xF9, 0x00, 0x00, 0x00, 0x00, 0x20, 0x3C,
    0x00, 0x00, 0x03, 0x70, 0x33, 0xFC, 0x00, 0x01, 0x00, 0x00, 0x00, 0x3E, 0x4E, 0xB9, 0x00, 0x00,
    0x00, 0x0A, 0x42, 0x79, 0x00, 0x00, 0x00, 0x3A, 0x4E, 0x75, 0x42, 0x79, 0x00, 0x00, 0x00, 0x3E,
    0x4E, 0x75, 0x33, 0xFC, 0x00, 0x01, 0x00, 0x00, 0x00, 0x1C, 0x60, 0x0C, 0x23, 0xC8, 0x00, 0x00,
    0x00, 0x26, 0x42, 0x79, 0x00, 0x00, 0x00, 0x1C, 0x42, 0x79, 0x00, 0x00, 0x00, 0x1A, 0x4A, 0x79,
    0x00, 0x00, 0x00, 0x3C, 0x6E, 0x06, 0x4E, 0xB9, 0x00, 0x00, 0x0B, 0x34, 0x33, 0xFC, 0x00, 0x01,
    0x00, 0x00, 0x00, 0x3A, 0x23, 0xFC, 0x00, 0x00, 0x02, 0x00, 0x00, 0x00, 0x00, 0x12, 0x22, 0x48,
    0x72, 0x00, 0x4A, 0x19, 0x67, 0x04, 0x52, 0x41, 0x60, 0xF8, 0x22, 0x48, 0x70, 0x00, 0x10, 0x19,
    0x67, 0x1C, 0x0C, 0x00, 0x00, 0x61, 0x6D, 0x0A, 0x0C, 0x00, 0x00, 0x7A, 0x6E, 0x04, 0x04, 0x00,
    0x00, 0x20, 0xC2, 0xFC, 0x00, 0x0D, 0xD2, 0x40, 0x02, 0x41, 0x07, 0xFF, 0x60, 0xE0, 0x48, 0xC1,
    0x82, 0xFC, 0x00, 0x48, 0x48, 0x41, 0x33, 0xC1, 0x00, 0x00, 0x00, 0x00, 0x2F, 0x08, 0x4A, 0x79,
    0x00, 0x00, 0x00, 0x3E, 0x67, 0x16, 0x41, 0xF9, 0x00, 0x00, 0x00, 0x00, 0x22, 0x7A, 0xFF, 0x04,
    0x7E, 0x3F, 0x22, 0xD8, 0x22, 0xD8, 0x51, 0xCF, 0xFF, 0xFA, 0x60, 0x10, 0x2C, 0x7A, 0xFE, 0xF4,
    0x20, 0x3C, 0x00, 0x00, 0x03, 0x70, 0x4E, 0xB9, 0x00, 0x00, 0x00, 0x0A, 0x20, 0x7A, 0xFE, 0xE4,
    0x30, 0x3A, 0xFE, 0xCE, 0xE5, 0x48, 0x33, 0xC0, 0x00, 0x00, 0x00, 0x1E, 0x06, 0x79, 0x00, 0x18,
    0x00, 0x00, 0x00, 0x1E, 0x20, 0x30, 0x00, 0x18, 0x2F, 0x00, 0x4A, 0x40, 0x67, 0x00, 0x00, 0x9C,
    0x23, 0xC0, 0x00, 0x00, 0x00, 0x20, 0x42, 0x79, 0x00, 0x00, 0x00, 0x1E, 0x2C, 0x7A, 0xFE, 0xB4,
    0x4E, 0xB9, 0x00, 0x00, 0x00, 0x0A, 0x20, 0x6F, 0x00, 0x04, 0x26, 0x48, 0x2F, 0x08, 0x7C, 0xFF,
    0x52, 0x46, 0x4A, 0x18, 0x66, 0xFA, 0x20, 0x5F, 0x22, 0x7A, 0xFE, 0x98, 0x43, 0xE9, 0x01, 0xB1,
    0x24, 0x49, 0x1E, 0x29, 0xFF, 0xFF, 0x53, 0x06, 0x02, 0x47, 0x00, 0xFF, 0x53, 0x47, 0xBE, 0x06,
    0x66, 0x2E, 0x10, 0x19, 0x0C, 0x00, 0x00, 0x61, 0x6D, 0x0A, 0x0C, 0x00, 0x00, 0x7A, 0x6E, 0x04,
    0x04, 0x00, 0x00, 0x20, 0x12, 0x18, 0x0C, 0x01, 0x00, 0x61, 0x6D, 0x0A, 0x0C, 0x01, 0x00, 0x7A,
    0x6E, 0x04, 0x04, 0x01, 0x00, 0x20, 0xB0, 0x01, 0x66, 0x06, 0x51, 0xCF, 0xFF, 0xD6, 0x60, 0x3C,
    0x20, 0x2A, 0x00, 0x3F, 0x67, 0x24, 0x2E, 0x80, 0x22, 0x4A, 0x20, 0x4B, 0x48, 0xE7, 0x02, 0xF0,
    0x23, 0xC0, 0x00, 0x00, 0x00, 0x20, 0x2C, 0x7A, 0xFE, 0x3A, 0x4E, 0xB9, 0x00, 0x00, 0x00, 0x0A,
    0x4C, 0xDF, 0x0F, 0x40, 0x1E, 0x29, 0xFF, 0xFF, 0x60, 0x9E, 0x50, 0x8F, 0x33, 0xFC, 0xFF, 0xFF,
    0x00, 0x00, 0x00, 0x1A, 0x4E, 0xB9, 0x00, 0x00, 0x0B, 0xA4, 0x4E, 0x75, 0x20, 0x1F, 0x23, 0xC0,
    0x00, 0x00, 0x00, 0x02, 0x23, 0xC0, 0x00, 0x00, 0x00, 0x16, 0x42, 0xB9, 0x00, 0x00, 0x00, 0x06,
    0x42, 0xB9, 0x00, 0x00, 0x00, 0x0A, 0x58, 0x8F, 0x42, 0x79, 0x00, 0x00, 0x00, 0x1A, 0x22, 0x7A,
    0xFD, 0xF2, 0x23, 0xE9, 0x01, 0x44, 0x00, 0x00, 0x00, 0x0E, 0x4A, 0x79, 0x00, 0x00, 0x00, 0x1C,
    0x67, 0x38, 0x42, 0xB9, 0x00, 0x00, 0x00, 0x16, 0x43, 0xF9, 0x00, 0x00, 0x04, 0x00, 0x20, 0x7A,
    0xFD, 0xD2, 0x20, 0x28, 0x01, 0xF8, 0xD1, 0xFC, 0x00, 0x00, 0x01, 0x34, 0x7E, 0x47, 0x22, 0xD0,
    0x59, 0x88, 0x51, 0xCF, 0xFF, 0xFA, 0x4A, 0x80, 0x67, 0x10, 0x2C, 0x7A, 0xFD, 0xB6, 0x2F, 0x09,
    0x4E, 0xB9, 0x00, 0x00, 0x00, 0x0A, 0x22, 0x5F, 0x60, 0xD4, 0x4E, 0x75, 0x41, 0xF9, 0x00, 0x00,
    0x04, 0x04, 0x70, 0x02, 0x22, 0x18, 0x74, 0x00, 0x05, 0x01, 0x66, 0x14, 0x52, 0x40, 0x0C, 0x40,
    0x06, 0xE0, 0x6C, 0x00, 0x01, 0x0E, 0x52, 0x42, 0x0C, 0x42, 0x00, 0x20, 0x6D, 0xEA, 0x60, 0xE4,
    0x05, 0x81, 0x21, 0x41, 0xFF, 0xFC, 0x4E, 0x75, 0x42, 0xB9, 0x00, 0x00, 0x00, 0x36, 0x33, 0xFC,
    0x00, 0x01, 0x00, 0x00, 0x07, 0xDE, 0x4E, 0xBA, 0xFD, 0xE4, 0x4A, 0x79, 0x00, 0x00, 0x00, 0x1A,
    0x6D, 0x08, 0x42, 0x79, 0x00, 0x00, 0x00, 0x24, 0x4E, 0x75, 0x4E, 0xB9, 0x00, 0x00, 0x0B, 0x34,
    0x33, 0xFC, 0x00, 0x01, 0x00, 0x00, 0x00, 0x24, 0x4D, 0xF9, 0x00, 0x00, 0x04, 0x00, 0x4B, 0xF9,
    0x00, 0x00, 0x00, 0x00, 0x20, 0x2D, 0x01, 0x3C, 0x23, 0xC0, 0x00, 0x00, 0x00, 0x2A, 0x4E, 0xB9,
    0x00, 0x00, 0x00, 0x00, 0x4E, 0xBA, 0xFF, 0x86, 0x3E, 0x3A, 0xFD, 0x34, 0x4A, 0x47, 0x67, 0x1C,
    0x4D, 0xF9, 0x00, 0x00, 0x00, 0x00, 0x2D, 0x80, 0x70, 0x00, 0x2F, 0x00, 0x20, 0x3C, 0x00, 0x00,
    0x03, 0x70, 0x4E, 0xB9, 0x00, 0x00, 0x01, 0xCC, 0x20, 0x1F, 0x60, 0x2C, 0x2F, 0x00, 0x20, 0x3A,
    0xFD, 0x10, 0x4D, 0xF9, 0x00, 0x00, 0x02, 0x00, 0x4E, 0xB9, 0x00, 0x00, 0x00, 0x0A, 0x20, 0x17,
    0x23, 0xC0, 0x00, 0x00, 0x03, 0xF0, 0x20, 0x3A, 0xFC, 0xF8, 0x4D, 0xF9, 0x00, 0x00, 0x02, 0x00,
    0x4E, 0xB9, 0x00, 0x00, 0x01, 0xCC, 0x20, 0x1F, 0x43, 0xF9, 0x00, 0x00, 0x06, 0x00, 0x24, 0x49,
    0x3E, 0x3C, 0x00, 0x7F, 0x42, 0x9A, 0x51, 0xCF, 0xFF, 0xFC, 0x20, 0x7A, 0xFC, 0xDA, 0x45, 0xE9,
    0x01, 0xB1, 0x72, 0x00, 0x14, 0x18, 0x14, 0xC2, 0x4A, 0x02, 0x67, 0x04, 0x52, 0x01, 0x60, 0xF4,
    0x13, 0x41, 0x01, 0xB0, 0x23, 0x40, 0x00, 0x04, 0x23, 0xC0, 0x00, 0x00, 0x00, 0x2E, 0x4E, 0xBA,
    0xFE, 0xFC, 0x23, 0x40, 0x00, 0x10, 0x23, 0xC0, 0x00, 0x00, 0x00, 0x32, 0x42, 0xB9, 0x00, 0x00,
    0x02, 0x04, 0x42, 0xB9, 0x00, 0x00, 0x02, 0x0C, 0x42, 0xB9, 0x00, 0x00, 0x02, 0x10, 0x70, 0x00,
    0x4E, 0x75, 0x58, 0x8F, 0x70, 0xFF, 0x4E, 0x75, 0x42, 0x79, 0x00, 0x00, 0x05, 0x4C, 0x48, 0xE7,
    0x80, 0x80, 0x20, 0x3A, 0xFC, 0x5E, 0xB0, 0xBA, 0xFC, 0x6E, 0x67, 0x12, 0x2C, 0x7A, 0xFC, 0x64,
    0x4E, 0xB9, 0x00, 0x00, 0x00, 0x0A, 0x23, 0xFA, 0xFC, 0x4A, 0x00, 0x00, 0x00, 0x16, 0x4C, 0xDF,
    0x01, 0x01, 0x22, 0x7A, 0xFC, 0x4E, 0x22, 0x3A, 0xFC, 0x3A, 0xB2, 0xA9, 0x00, 0x04, 0x66, 0x1E,
    0x22, 0x29, 0x01, 0x44, 0xB0, 0x81, 0x6F, 0x02, 0x20, 0x01, 0x2E, 0x29, 0x00, 0x10, 0x23, 0xE9,
    0x01, 0x44, 0x00, 0x00, 0x00, 0x0E, 0x23, 0xC7, 0x00, 0x00, 0x00, 0x02, 0x60, 0x10, 0x7E, 0x00,
    0x22, 0x3A, 0xFC, 0x1C, 0x92, 0xBA, 0xFC, 0x14, 0xB0, 0x81, 0x6F, 0x02, 0x20, 0x01, 0x4A, 0x80,
    0x67, 0x00, 0xFD, 0xF8, 0x48, 0xE7, 0x80, 0x80, 0x4A, 0x47, 0x67, 0x16, 0x2C, 0x7A, 0xFC, 0x04,
    0x20, 0x3A, 0xFB, 0xF0, 0x23, 0xC0, 0x00, 0x00, 0x00, 0x16, 0x4E, 0xB9, 0x00, 0x00, 0x00, 0x0A,
    0x7E, 0x00, 0x4C, 0xDF, 0x01, 0x01, 0x22, 0x7A, 0xFB, 0xEA, 0xD3, 0xFC, 0x00, 0x00, 0x00, 0x18,
    0xD3, 0xFA, 0xFB, 0xD4, 0x22, 0x3C, 0x00, 0x00, 0x01, 0xE8, 0x92, 0xBA, 0xFB, 0xCA, 0xB0, 0x81,
    0x6E, 0x64, 0xD1, 0xB9, 0x00, 0x00, 0x00, 0x06, 0x0C, 0xB9, 0x00, 0x00, 0x01, 0xE8, 0x00, 0x00,
    0x00, 0x06, 0x6D, 0x12, 0x2A, 0x7A, 0xFB, 0xBC, 0x23, 0xED, 0x00, 0x10, 0x00, 0x00, 0x00, 0x02,
    0x42, 0xB9, 0x00, 0x00, 0x00, 0x06, 0xD1, 0xB9, 0x00, 0x00, 0x00, 0x0A, 0x4A, 0x79, 0x00, 0x00,
    0x05, 0x4C, 0x66, 0x14, 0x32, 0x08, 0x34, 0x09, 0x82, 0x42, 0x08, 0x01, 0x00, 0x00, 0x67, 0x0A,
    0x53, 0x40, 0x10, 0xD9, 0x51, 0xC8, 0xFF, 0xFC, 0x4E, 0x75, 0x0C, 0x40, 0x00, 0x02, 0x6D, 0xF0,
    0x32, 0x00, 0xE2, 0x48, 0x53, 0x40, 0x30, 0xD9, 0x51, 0xC8, 0xFF, 0xFC, 0x30, 0x01, 0x02, 0x40,
    0x00, 0x01, 0x66, 0xDC, 0x4E, 0x75, 0x42, 0xB9, 0x00, 0x00, 0x00, 0x06, 0x2A, 0x7A, 0xFB, 0x64,
    0x23, 0xED, 0x00, 0x10, 0x00, 0x00, 0x00, 0x02, 0xD3, 0xB9, 0x00, 0x00, 0x00, 0x0A, 0x90, 0x81,
    0x4A, 0x79, 0x00, 0x00, 0x05, 0x4C, 0x66, 0x30, 0x3E, 0x09, 0x3C, 0x08, 0x8E, 0x46, 0x08, 0x07,
    0x00, 0x00, 0x67, 0x0A, 0x53, 0x41, 0x10, 0xD9, 0x51, 0xC9, 0xFF, 0xFC, 0x60, 0x1A, 0x0C, 0x41,
    0x00, 0x02, 0x6D, 0xF2, 0x3E, 0x01, 0xE2, 0x49, 0x53, 0x41, 0x30, 0xD9, 0x51, 0xC9, 0xFF, 0xFC,
    0x32, 0x07, 0x02, 0x41, 0x00, 0x01, 0x66, 0xDC, 0x7E, 0x01, 0x60, 0x00, 0xFF, 0x02, 0x33, 0xFC,
    0x00, 0x01, 0x00, 0x00, 0x05, 0x4C, 0x4A, 0x79, 0x00, 0x00, 0x00, 0x1C, 0x67, 0x00, 0xFE, 0x90,
    0x22, 0x3A, 0xFA, 0xF8, 0xD2, 0x80, 0xB2, 0xBA, 0xFA, 0xF6, 0x6C, 0x26, 0x23, 0xC1, 0x00, 0x00,
    0x00, 0x0A, 0x82, 0xFC, 0x01, 0xE8, 0xE5, 0x49, 0x43, 0xF9, 0x00, 0x00, 0x04, 0x00, 0x23, 0xF1,
    0x10, 0x00, 0x00, 0x00, 0x00, 0x02, 0x48, 0x41, 0x48, 0xC1, 0x23, 0xC1, 0x00, 0x00, 0x00, 0x06,
    0x4E, 0x75, 0x23, 0xFA, 0xFA, 0xCA, 0x00, 0x00, 0x00, 0x0A, 0x4E, 0x75, 0x00, 0x00, 0x4E, 0x75,
    0x43, 0xF9, 0x00, 0x00, 0x02, 0x18, 0x2E, 0x3C, 0x00, 0x00, 0x01, 0xE8, 0x2C, 0x39, 0x00, 0x00,
    0x02, 0x0C, 0x4A, 0x80, 0x6F, 0xE8, 0xD1, 0xB9, 0x00, 0x00, 0x00, 0x36, 0x9E, 0x86, 0x6E, 0x38,
    0x48, 0xE7, 0x80, 0x80, 0x4E, 0xBA, 0xFC, 0xF6, 0x23, 0xC0, 0x00, 0x00, 0x00, 0x32, 0x42, 0xB9,
    0x00, 0x00, 0x02, 0x04, 0x42, 0xB9, 0x00, 0x00, 0x02, 0x08, 0x42, 0xB9, 0x00, 0x00, 0x02, 0x0C,
    0x42, 0xB9, 0x00, 0x00, 0x02, 0x10, 0x43, 0xF9, 0x00, 0x00, 0x02, 0x18, 0x2E, 0x3C, 0x00, 0x00,
    0x01, 0xE8, 0x7C, 0x00, 0x4C, 0xDF, 0x01, 0x01, 0x43, 0xF1, 0x60, 0x00, 0x4A, 0x80, 0x67, 0x60,
    0x12, 0xD8, 0x53, 0x80, 0x52, 0x46, 0x53, 0x47, 0x66, 0xF2, 0x4A, 0x80, 0x67, 0x52, 0x48, 0xE7,
    0x80, 0xC0, 0x4E, 0xBA, 0xFC, 0xA8, 0x23, 0xFC, 0x00, 0x00, 0x01, 0xE8, 0x00, 0x00, 0x02, 0x0C,
    0x23, 0xC0, 0x00, 0x00, 0x02, 0x10, 0x2F, 0x00, 0x4D, 0xF9, 0x00, 0x00, 0x02, 0x00, 0x20, 0x3A,
    0xFA, 0x52, 0x42, 0x96, 0x4E, 0xB9, 0x00, 0x00, 0x01, 0xCC, 0x20, 0x1F, 0x23, 0xC0, 0x00, 0x00,
    0x00, 0x32, 0x42, 0xB9, 0x00, 0x00, 0x02, 0x0C, 0x42, 0xB9, 0x00, 0x00, 0x02, 0x10, 0x4C, 0xDF,
    0x03, 0x01, 0x43, 0xF9, 0x00, 0x00, 0x02, 0x18, 0x3E, 0x3C, 0x01, 0xE8, 0x42, 0x46, 0x60, 0x9C,
    0x23, 0xC6, 0x00, 0x00, 0x02, 0x0C, 0x42, 0xB9, 0x00, 0x00, 0x02, 0x10, 0x4D, 0xF9, 0x00, 0x00,
    0x02, 0x00, 0x20, 0x3A, 0xFA, 0x0E, 0x42, 0x96, 0x4E, 0xF9, 0x00, 0x00, 0x01, 0xCC, 0x4A, 0x79,
    0x00, 0x00, 0x00, 0x24, 0x66, 0x00, 0xFF, 0x1A, 0x42, 0x79, 0x00, 0x00, 0x05, 0x4C, 0x48, 0xE7,
    0x80, 0x80, 0x20, 0x3A, 0xF9, 0xBE, 0xB0, 0xBA, 0xF9, 0xCE, 0x67, 0x2C, 0x4A, 0xB9, 0x00, 0x00,
    0x00, 0x16, 0x67, 0x12, 0x2C, 0x7A, 0xF9, 0xBC, 0x20, 0x3A, 0xF9, 0xBC, 0x4E, 0xB9, 0x00, 0x00,
    0x01, 0xCC, 0x20, 0x3A, 0xF9, 0x9E, 0x2C, 0x7A, 0xF9, 0xAA, 0x4E, 0xB9, 0x00, 0x00, 0x00, 0x0A,
    0x23, 0xFA, 0xF9, 0x90, 0x00, 0x00, 0x00, 0x16, 0x4C, 0xDF, 0x01, 0x01, 0x22, 0x7A, 0xF9, 0x94,
    0x22, 0x3A, 0xF9, 0x80, 0xB2, 0xA9, 0x00, 0x04, 0x66, 0x1E, 0x22, 0x29, 0x01, 0x44, 0xB0, 0x81,
    0x6F, 0x02, 0x20, 0x01, 0x2E, 0x29, 0x00, 0x10, 0x23, 0xE9, 0x01, 0x44, 0x00, 0x00, 0x00, 0x0E,
    0x23, 0xC7, 0x00, 0x00, 0x00, 0x02, 0x60, 0x10, 0x7E, 0x00, 0x22, 0x3A, 0xF9, 0x62, 0x92, 0xBA,
    0xF9, 0x5A, 0xB0, 0x81, 0x6F, 0x02, 0x20, 0x01, 0x4A, 0x80, 0x67, 0x00, 0xFB, 0x3E, 0x48, 0xE7,
    0x80, 0x80, 0x4A, 0x47, 0x67, 0x2C, 0x4A, 0xB9, 0x00, 0x00, 0x00, 0x16, 0x67, 0x0E, 0x20, 0x3A,
    0xF9, 0x46, 0x2C, 0x7A, 0xF9, 0x3E, 0x4E, 0xB9, 0x00, 0x00, 0x01, 0xCC, 0x2C, 0x7A, 0xF9, 0x34,
    0x20, 0x3A, 0xF9, 0x20, 0x23, 0xC0, 0x00, 0x00, 0x00, 0x16, 0x4E, 0xB9, 0x00, 0x00, 0x00, 0x0A,
    0x7E, 0x00, 0x4C, 0xDF, 0x01, 0x01, 0x22, 0x7A, 0xF9, 0x1A, 0xD3, 0xFC, 0x00, 0x00, 0x00, 0x18,
    0xD3, 0xFA, 0xF9, 0x04, 0x22, 0x3C, 0x00, 0x00, 0x01, 0xE8, 0x92, 0xBA, 0xF8, 0xFA, 0xB0, 0x81,
    0x6E, 0x3C, 0xD1, 0xB9, 0x00, 0x00, 0x00, 0x06, 0x0C, 0xB9, 0x00, 0x00, 0x01, 0xE8, 0x00, 0x00,
    0x00, 0x06, 0x6D, 0x12, 0x2A, 0x7A, 0xF8, 0xEC, 0x23, 0xED, 0x00, 0x10, 0x00, 0x00, 0x00, 0x02,
    0x42, 0xB9, 0x00, 0x00, 0x00, 0x06, 0xD1, 0xB9, 0x00, 0x00, 0x00, 0x0A, 0x4A, 0x79, 0x00, 0x00,
    0x05, 0x4C, 0x66, 0x08, 0x53, 0x40, 0x12, 0xD8, 0x51, 0xC8, 0xFF, 0xFC, 0x4E, 0x75, 0x42, 0xB9,
    0x00, 0x00, 0x00, 0x06, 0x2A, 0x7A, 0xF8, 0xBC, 0x23, 0xED, 0x00, 0x10, 0x00, 0x00, 0x00, 0x02,
    0xD3, 0xB9, 0x00, 0x00, 0x00, 0x0A, 0x90, 0x81, 0x4A, 0x79, 0x00, 0x00, 0x05, 0x4C, 0x66, 0x08,
    0x53, 0x41, 0x12, 0xD8, 0x51, 0xC9, 0xFF, 0xFC, 0x7E, 0x01, 0x60, 0x00, 0xFF, 0x3C, 0x4A, 0x79,
    0x00, 0x00, 0x07, 0xDE, 0x67, 0x42, 0x4A, 0x79, 0x00, 0x00, 0x00, 0x24, 0x67, 0x2C, 0x23, 0xFA,
    0xF8, 0xA6, 0x00, 0x00, 0x07, 0x44, 0x4D, 0xF9, 0x00, 0x00, 0x06, 0x00, 0x20, 0x3A, 0xF8, 0x90,
    0x42, 0x96, 0x4E, 0xB9, 0x00, 0x00, 0x01, 0xCC, 0x4D, 0xF9, 0x00, 0x00, 0x04, 0x00, 0x20, 0x3A,
    0xF8, 0x7A, 0x4E, 0xB9, 0x00, 0x00, 0x01, 0x84, 0x60, 0x0E, 0x20, 0x3A, 0xF8, 0x5A, 0x2C, 0x7A,
    0xF8, 0x52, 0x4E, 0xB9, 0x00, 0x00, 0x01, 0xCC, 0x42, 0x79, 0x00, 0x00, 0x07, 0xDE, 0x42, 0x79,
    0x00, 0x00, 0x00, 0x3A, 0x33, 0xFC, 0x01, 0x2C, 0x00, 0x00, 0x00, 0x3C, 0x4E, 0x75, 0x00, 0x00,
    0x33, 0xFC, 0x00, 0x32, 0x00, 0x00, 0x00, 0x3C, 0x33, 0xFC, 0x00, 0x01, 0x00, 0x00, 0x00, 0x3A,
    0x4E, 0xB9, 0x00, 0x00, 0x0B, 0x34, 0x4D, 0xF9, 0x00, 0x00, 0x04, 0x00, 0x4B, 0xF9, 0x00, 0x00,
    0x00, 0x00, 0x20, 0x2D, 0x01, 0x3C, 0x23, 0xC0, 0x00, 0x00, 0x00, 0x2A, 0x4E, 0xB9, 0x00, 0x00,
    0x00, 0x00, 0x41, 0xF9, 0x00, 0x00, 0x04, 0x04, 0x70, 0x02, 0x22, 0x18, 0x74, 0x00, 0x0C, 0x40,
    0x03, 0x70, 0x67, 0x1E, 0xB0, 0x7A, 0xF8, 0x04, 0x67, 0x18, 0x05, 0xC1, 0x52, 0x40, 0x0C, 0x40,
    0x06, 0xE0, 0x6C, 0x12, 0x52, 0x42, 0x0C, 0x42, 0x00, 0x20, 0x6D, 0xE2, 0x21, 0x41, 0xFF, 0xFC,
    0x60, 0xD8, 0x05, 0x81, 0x60, 0xE6, 0x21, 0x41, 0xFF, 0xFC, 0x4D, 0xF9, 0x00, 0x00, 0x04, 0x00,
    0x20, 0x3A, 0xF7, 0xD8, 0x4E, 0xB9, 0x00, 0x00, 0x01, 0x84, 0x41, 0xF9, 0x00, 0x00, 0x00, 0x18,
    0x70, 0x47, 0x42, 0x98, 0x51, 0xC8, 0xFF, 0xFC, 0x4D, 0xF9, 0x00, 0x00, 0x00, 0x00, 0x20, 0x3C,
    0x00, 0x00, 0x03, 0x70, 0x4E, 0xB9, 0x00, 0x00, 0x01, 0xCC, 0x42, 0x79, 0x00, 0x00, 0x00, 0x3A,
    0x4E, 0x75, 0x44, 0x49, 0x44, 0x49, 0x54, 0x00,
};
static const IxReloc ix_program_h18_rel[156] = {
    { 0x00046, 18 },
    { 0x0004E, 18 },
    { 0x00054, 13 },
    { 0x0005A, 19 },
    { 0x00068, 18 },
    { 0x0006E, 13 },
    { 0x00074, 18 },
    { 0x0007C, 18 },
    { 0x00086, 18 },
    { 0x0008E, 18 },
    { 0x00094, 18 },
    { 0x0009A, 18 },
    { 0x000A0, 18 },
    { 0x000A8, 13 },
    { 0x000B0, 18 },
    { 0x000B6, 19 },
    { 0x000BA, 18 },
    { 0x000F8, 18 },
    { 0x00100, 18 },
    { 0x00108, 19 },
    { 0x00128, 13 },
    { 0x00138, 18 },
    { 0x00140, 18 },
    { 0x00152, 18 },
    { 0x00158, 18 },
    { 0x00162, 13 },
    { 0x001D2, 18 },
    { 0x001DC, 13 },
    { 0x001F0, 18 },
    { 0x001F6, 13 },
    { 0x00200, 18 },
    { 0x00206, 18 },
    { 0x0020C, 18 },
    { 0x00212, 18 },
    { 0x0021A, 18 },
    { 0x00226, 18 },
    { 0x0022C, 18 },
    { 0x00234, 18 },
    { 0x0023A, 19 },
    { 0x00262, 13 },
    { 0x0026E, 19 },
    { 0x0029A, 18 },
    { 0x002A2, 18 },
    { 0x002AC, 18 },
    { 0x002B4, 18 },
    { 0x002BC, 13 },
    { 0x002C4, 18 },
    { 0x002CA, 19 },
    { 0x002D0, 19 },
    { 0x002DA, 18 },
    { 0x002E0, 13 },
    { 0x002F2, 19 },
    { 0x00304, 13 },
    { 0x00314, 19 },
    { 0x0031A, 13 },
    { 0x00322, 19 },
    { 0x0032C, 19 },
    { 0x00332, 13 },
    { 0x0033A, 19 },
    { 0x0036A, 18 },
    { 0x00378, 18 },
    { 0x0037E, 19 },
    { 0x00384, 19 },
    { 0x0038A, 19 },
    { 0x0039A, 18 },
    { 0x003B2, 13 },
    { 0x003BA, 18 },
    { 0x003E2, 18 },
    { 0x003E8, 18 },
    { 0x00416, 18 },
    { 0x0041C, 13 },
    { 0x00444, 18 },
    { 0x0044E, 18 },
    { 0x0045C, 18 },
    { 0x00462, 18 },
    { 0x00468, 18 },
    { 0x0046E, 18 },
    { 0x004A8, 18 },
    { 0x004B4, 18 },
    { 0x004BA, 18 },
    { 0x004C2, 18 },
    { 0x00502, 18 },
    { 0x00508, 18 },
    { 0x0051E, 18 },
    { 0x0052A, 19 },
    { 0x00532, 18 },
    { 0x0053C, 18 },
    { 0x00546, 18 },
    { 0x00552, 19 },
    { 0x0055E, 19 },
    { 0x00568, 18 },
    { 0x0057A, 18 },
    { 0x00580, 19 },
    { 0x00586, 19 },
    { 0x0058C, 19 },
    { 0x00592, 19 },
    { 0x00598, 19 },
    { 0x005CC, 19 },
    { 0x005D2, 19 },
    { 0x005DA, 19 },
    { 0x005E6, 13 },
    { 0x005EE, 18 },
    { 0x005F4, 19 },
    { 0x005FA, 19 },
    { 0x00604, 19 },
    { 0x00612, 19 },
    { 0x00618, 19 },
    { 0x0061E, 19 },
    { 0x0062A, 13 },
    { 0x00630, 18 },
    { 0x0063A, 18 },
    { 0x0064E, 18 },
    { 0x0065E, 13 },
    { 0x0066C, 13 },
    { 0x00674, 18 },
    { 0x0069C, 18 },
    { 0x006A2, 18 },
    { 0x006C8, 18 },
    { 0x006D8, 13 },
    { 0x006E6, 18 },
    { 0x006EC, 13 },
    { 0x00714, 18 },
    { 0x0071E, 18 },
    { 0x0072C, 18 },
    { 0x00732, 18 },
    { 0x00738, 18 },
    { 0x0073E, 18 },
    { 0x00750, 18 },
    { 0x0075C, 18 },
    { 0x00762, 18 },
    { 0x0076A, 18 },
    { 0x00780, 18 },
    { 0x00788, 18 },
    { 0x00792, 19 },
    { 0x00798, 19 },
    { 0x007A4, 13 },
    { 0x007AA, 19 },
    { 0x007B4, 13 },
    { 0x007C4, 13 },
    { 0x007CA, 18 },
    { 0x007D0, 18 },
    { 0x007D8, 18 },
    { 0x007E4, 18 },
    { 0x007EC, 18 },
    { 0x007F2, 13 },
    { 0x007F8, 19 },
    { 0x007FE, 19 },
    { 0x00808, 18 },
    { 0x0080E, 13 },
    { 0x00814, 19 },
    { 0x0084C, 19 },
    { 0x00856, 13 },
    { 0x0085C, 19 },
    { 0x0086A, 19 },
    { 0x00876, 13 },
    { 0x0087C, 18 },
};


static const uint8_t ix_program_h20[1540] = {
    0x00, 0x00, 0x00, 0x00, 0x23, 0xC8, 0x00, 0x00, 0x00, 0x00, 0x70, 0x20, 0x33, 0xD0, 0x00, 0x00,
    0x03, 0xE4, 0x0C, 0x50, 0x00, 0x04, 0x67, 0x02, 0x70, 0x40, 0x2F, 0x00, 0x5C, 0x88, 0x3E, 0x00,
    0x53, 0x47, 0x43, 0xF9, 0x00, 0x00, 0x01, 0x46, 0x12, 0xD8, 0x51, 0xCF, 0xFF, 0xFC, 0x2E, 0x1F,
    0xE2, 0x4F, 0x53, 0x47, 0x43, 0xF9, 0x00, 0x00, 0x01, 0x46, 0x30, 0x11, 0x08, 0x80, 0x00, 0x0F,
    0x66, 0x02, 0xE3, 0x48, 0x32, 0xC0, 0x51, 0xCF, 0xFF, 0xF2, 0x22, 0x7A, 0xFF, 0xB4, 0x54, 0x89,
    0x20, 0x11, 0x53, 0x40, 0x12, 0xD8, 0x51, 0xC8, 0xFF, 0xFC, 0x60, 0x6A, 0x23, 0xC9, 0x00, 0x00,
    0x00, 0x00, 0x4E, 0xB9, 0x00, 0x00, 0x00, 0x8C, 0x20, 0x7A, 0xFF, 0x96, 0x70, 0x06, 0x4E, 0xB9,
    0x00, 0x00, 0x03, 0x98, 0x70, 0x20, 0x22, 0x7A, 0xFF, 0x88, 0x33, 0xD1, 0x00, 0x00, 0x03, 0xE4,
    0x0C, 0x51, 0x00, 0x04, 0x67, 0x02, 0x70, 0x40, 0x2F, 0x00, 0x41, 0xF9, 0x00, 0x00, 0x01, 0x46,
    0x4E, 0xB9, 0x00, 0x00, 0x03, 0x98, 0x2E, 0x1F, 0xE2, 0x4F, 0x53, 0x47, 0x41, 0xF9, 0x00, 0x00,
    0x01, 0x46, 0x30, 0x10, 0x08, 0x80, 0x00, 0x0F, 0x66, 0x02, 0xE3, 0x48, 0x30, 0xC0, 0x51, 0xCF,
    0xFF, 0xF2, 0x20, 0x7A, 0xFF, 0x4C, 0x54, 0x88, 0x20, 0x10, 0x4E, 0xB9, 0x00, 0x00, 0x03, 0x98,
    0x4E, 0xB9, 0x00, 0x00, 0x07, 0x7E, 0x20, 0x7A, 0xFF, 0x38, 0x54, 0x88, 0x22, 0x79, 0x00, 0x00,
    0x00, 0x02, 0x4E, 0xB9, 0x00, 0x00, 0x02, 0x1A, 0x22, 0x79, 0x00, 0x00, 0x00, 0x02, 0xD3, 0xFC,
    0x00, 0x00, 0x1F, 0x40, 0x4E, 0xB9, 0x00, 0x00, 0x02, 0x1A, 0x22, 0x79, 0x00, 0x00, 0x00, 0x02,
    0xD3, 0xFC, 0x00, 0x00, 0x3E, 0x80, 0x4E, 0xB9, 0x00, 0x00, 0x02, 0x1A, 0x22, 0x79, 0x00, 0x00,
    0x00, 0x02, 0xD3, 0xFC, 0x00, 0x00, 0x5D, 0xC0, 0x4E, 0xB9, 0x00, 0x00, 0x02, 0x1A, 0x0C, 0x79,
    0x00, 0x04, 0x00, 0x00, 0x03, 0xE4, 0x67, 0x12, 0x22, 0x79, 0x00, 0x00, 0x00, 0x02, 0xD3, 0xFC,
    0x00, 0x00, 0x7D, 0x00, 0x4E, 0xB9, 0x00, 0x00, 0x02, 0x1A, 0x4E, 0x75, 0x23, 0xC8, 0x00, 0x00,
    0x00, 0x00, 0x70, 0x20, 0x33, 0xD0, 0x00, 0x00, 0x03, 0xE4, 0x0C, 0x50, 0x00, 0x04, 0x67, 0x02,
    0x70, 0x40, 0x2F, 0x00, 0x5C, 0x88, 0x3E, 0x00, 0x53, 0x47, 0x43, 0xF9, 0x00, 0x00, 0x01, 0x46,
    0x12, 0xD8, 0x51, 0xCF, 0xFF, 0xFC, 0x2E, 0x1F, 0xE2, 0x4F, 0x53, 0x47, 0x43, 0xF9, 0x00, 0x00,
    0x01, 0x46, 0x30, 0x11, 0x08, 0x80, 0x00, 0x0F, 0x66, 0x02, 0xE3, 0x48, 0x32, 0xC0, 0x51, 0xCF,
    0xFF, 0xF2, 0x22, 0x7A, 0xFE, 0x8C, 0x54, 0x89, 0x20, 0x11, 0x2F, 0x00, 0x53, 0x40, 0x12, 0xD8,
    0x51, 0xC8, 0xFF, 0xFC, 0x60, 0x6C, 0x23, 0xC9, 0x00, 0x00, 0x00, 0x00, 0x4E, 0xB9, 0x00, 0x00,
    0x00, 0x8C, 0x20, 0x7A, 0xFE, 0x6C, 0x70, 0x06, 0x4E, 0xB9, 0x00, 0x00, 0x03, 0x98, 0x70, 0x20,
    0x22, 0x7A, 0xFE, 0x5E, 0x33, 0xD1, 0x00, 0x00, 0x03, 0xE4, 0x0C, 0x51, 0x00, 0x04, 0x67, 0x02,
    0x70, 0x40, 0x2F, 0x00, 0x41, 0xF9, 0x00, 0x00, 0x01, 0x46, 0x4E, 0xB9, 0x00, 0x00, 0x03, 0x98,
    0x2E, 0x1F, 0xE2, 0x4F, 0x53, 0x47, 0x41, 0xF9, 0x00, 0x00, 0x01, 0x46, 0x30, 0x10, 0x08, 0x80,
    0x00, 0x0F, 0x66, 0x02, 0xE3, 0x48, 0x30, 0xC0, 0x51, 0xCF, 0xFF, 0xF2, 0x20, 0x7A, 0xFE, 0x22,
    0x54, 0x88, 0x20, 0x10, 0x2F, 0x00, 0x4E, 0xB9, 0x00, 0x00, 0x03, 0x98, 0x4E, 0xB9, 0x00, 0x00,
    0x07, 0x7E, 0x20, 0x7A, 0xFE, 0x0C, 0x54, 0x88, 0x22, 0x79, 0x00, 0x00, 0x00, 0x02, 0x45, 0xF9,
    0x00, 0x00, 0x00, 0x00, 0x33, 0xFC, 0x00, 0x01, 0x00, 0x00, 0x04, 0x62, 0x20, 0x1F, 0x4E, 0xB9,
    0x00, 0x00, 0x09, 0x06, 0x4E, 0x75, 0x52, 0x88, 0x4E, 0x75, 0x2E, 0x3C, 0x00, 0x00, 0xFA, 0x00,
    0x7C, 0x07, 0x7A, 0x07, 0x4A, 0x87, 0x6F, 0xEE, 0x70, 0x00, 0x0B, 0x10, 0x67, 0x02, 0x70, 0x02,
    0x53, 0x45, 0x6C, 0x04, 0x7A, 0x07, 0x52, 0x88, 0x0B, 0x10, 0x67, 0x02, 0x52, 0x40, 0x53, 0x45,
    0x6C, 0x04, 0x7A, 0x07, 0x52, 0x88, 0x4A, 0x40, 0x67, 0x00, 0x01, 0x58, 0x53, 0x40, 0x67, 0x00,
    0x01, 0x14, 0x53, 0x40, 0x67, 0x00, 0x00, 0xD0, 0x4E, 0xB9, 0x00, 0x00, 0x03, 0xB6, 0x3F, 0x00,
    0x4E, 0xB9, 0x00, 0x00, 0x03, 0xB6, 0x78, 0x02, 0x4A, 0x57, 0x67, 0x02, 0x52, 0x44, 0x4E, 0xB9,
    0x00, 0x00, 0x03, 0xC8, 0x52, 0x43, 0xEF, 0x8B, 0x4A, 0x5F, 0x67, 0x04, 0xC6, 0xFC, 0x00, 0x09,
    0x53, 0x43, 0x4A, 0x40, 0x67, 0x00, 0x00, 0x50, 0x70, 0x07, 0xBC, 0x40, 0x67, 0x12, 0x0D, 0xD1,
    0x53, 0x87, 0x53, 0x46, 0x6C, 0x04, 0x7C, 0x07, 0x52, 0x89, 0x51, 0xCB, 0xFF, 0xEE, 0x60, 0x84,
    0x52, 0x43, 0xB6, 0x40, 0x6F, 0x12, 0x3F, 0x03, 0xE6, 0x4B, 0x53, 0x43, 0x72, 0xFF, 0x12, 0xC1,
    0x51, 0x87, 0x51, 0xCB, 0xFF, 0xFA, 0x36, 0x1F, 0x7C, 0x07, 0xC6, 0x46, 0x53, 0x43, 0x6D, 0x00,
    0xFF, 0x64, 0x0D, 0xD1, 0x53, 0x87, 0x53, 0x46, 0x6C, 0x04, 0x7C, 0x07, 0x52, 0x89, 0x51, 0xCB,
    0xFF, 0xF2, 0x60, 0x00, 0xFF, 0x50, 0x70, 0x07, 0xBC, 0x40, 0x67, 0x14, 0x0D, 0x91, 0x53, 0x87,
    0x53, 0x46, 0x6C, 0x04, 0x7C, 0x07, 0x52, 0x89, 0x51, 0xCB, 0xFF, 0xEE, 0x60, 0x00, 0xFF, 0x36,
    0x52, 0x43, 0xB6, 0x40, 0x6F, 0x12, 0x3F, 0x03, 0xE6, 0x4B, 0x53, 0x43, 0x72, 0x00, 0x12, 0xC1,
    0x51, 0x87, 0x51, 0xCB, 0xFF, 0xFA, 0x36, 0x1F, 0x7C, 0x07, 0xC6, 0x46, 0x53, 0x43, 0x6D, 0x00,
    0xFF, 0x14, 0x0D, 0x91, 0x53, 0x87, 0x53, 0x46, 0x6C, 0x04, 0x7C, 0x07, 0x52, 0x89, 0x51, 0xCB,
    0xFF, 0xF2, 0x60, 0x00, 0xFF, 0x00, 0x4E, 0xB9, 0x00, 0x00, 0x03, 0xB6, 0x78, 0x05, 0x4E, 0xB9,
    0x00, 0x00, 0x03, 0xC8, 0x60, 0x00, 0xFF, 0x4C, 0x4A, 0x40, 0x67, 0x14, 0x0D, 0xD1, 0x53, 0x87,
    0x53, 0x46, 0x6C, 0x04, 0x7C, 0x07, 0x52, 0x89, 0x51, 0xCB, 0xFF, 0xF2, 0x60, 0x00, 0xFE, 0xD6,
    0x0D, 0x91, 0x53, 0x87, 0x53, 0x46, 0x6C, 0x04, 0x7C, 0x07, 0x52, 0x89, 0x51, 0xCB, 0xFF, 0xF2,
    0x60, 0x00, 0xFE, 0xC2, 0x78, 0x03, 0x0B, 0x10, 0x67, 0x1C, 0x0D, 0xD1, 0x53, 0x87, 0x53, 0x46,
    0x6C, 0x04, 0x7C, 0x07, 0x52, 0x89, 0x53, 0x45, 0x6C, 0x04, 0x7A, 0x07, 0x52, 0x88, 0x51, 0xCC,
    0xFF, 0xE6, 0x60, 0x00, 0xFE, 0xA0, 0x0D, 0x91, 0x53, 0x87, 0x53, 0x46, 0x6C, 0x04, 0x7C, 0x07,
    0x52, 0x89, 0x53, 0x45, 0x6C, 0x04, 0x7A, 0x07, 0x52, 0x88, 0x51, 0xCC, 0xFF, 0xCA, 0x60, 0x00,
    0xFE, 0x84, 0x78, 0x03, 0x4E, 0xB9, 0x00, 0x00, 0x03, 0xC8, 0xE5, 0x4B, 0x06, 0x43, 0x00, 0x10,
    0x53, 0x43, 0x38, 0x03, 0x60, 0xB0, 0x70, 0x00, 0x0B, 0x10, 0x67, 0x02, 0x70, 0x01, 0x53, 0x45,
    0x6C, 0x04, 0x7A, 0x07, 0x52, 0x88, 0x4E, 0x75, 0x76, 0x00, 0x0B, 0x10, 0x67, 0x04, 0x00, 0x43,
    0x00, 0x01, 0x53, 0x45, 0x6C, 0x04, 0x7A, 0x07, 0x52, 0x88, 0xE3, 0x4B, 0x51, 0xCC, 0xFF, 0xEC,
    0xE2, 0x4B, 0x4E, 0x75, 0x00, 0x00, 0x23, 0xC9, 0x00, 0x00, 0x06, 0x00, 0x4E, 0xB9, 0x00, 0x00,
    0x00, 0x8C, 0x41, 0xF9, 0x00, 0x00, 0x05, 0x54, 0x20, 0x3C, 0x00, 0x00, 0x00, 0x0C, 0x4E, 0xB9,
    0x00, 0x00, 0x03, 0x98, 0x0C, 0xB9, 0x46, 0x4F, 0x52, 0x4D, 0x00, 0x00, 0x05, 0x54, 0x66, 0x00,
    0x01, 0x42, 0x0C, 0xB9, 0x49, 0x4C, 0x42, 0x4D, 0x00, 0x00, 0x05, 0x5C, 0x66, 0x00, 0x01, 0x34,
    0x41, 0xF9, 0x00, 0x00, 0x05, 0x54, 0x70, 0x08, 0x4E, 0xB9, 0x00, 0x00, 0x03, 0x98, 0x20, 0x39,
    0x00, 0x00, 0x05, 0x54, 0x0C, 0x80, 0x42, 0x4D, 0x48, 0x44, 0x66, 0x00, 0x00, 0x16, 0x20, 0x79,
    0x00, 0x00, 0x06, 0x00, 0x20, 0x3C, 0x00, 0x00, 0x00, 0x14, 0x4E, 0xB9, 0x00, 0x00, 0x03, 0x98,
    0x60, 0xCE, 0x0C, 0x80, 0x43, 0x4D, 0x41, 0x50, 0x66, 0x00, 0x00, 0x60, 0x20, 0x39, 0x00, 0x00,
    0x05, 0x58, 0x2F, 0x00, 0x41, 0xF9, 0x00, 0x00, 0x05, 0x60, 0x4E, 0xB9, 0x00, 0x00, 0x03, 0x98,
    0x20, 0x1F, 0x80, 0xFC, 0x00, 0x03, 0x3F, 0x00, 0x53, 0x40, 0x41, 0xF9, 0x00, 0x00, 0x05, 0x60,
    0x47, 0xF9, 0x00, 0x00, 0x01, 0x46, 0x12, 0x18, 0xE9, 0x49, 0x82, 0x18, 0xE9, 0x49, 0x82, 0x18,
    0xEA, 0x49, 0x02, 0x41, 0x07, 0x77, 0x36, 0xC1, 0x51, 0xC8, 0xFF, 0xEC, 0x30, 0x1F, 0x33, 0xFC,
    0x00, 0x04, 0x00, 0x00, 0x03, 0xE4, 0x0C, 0x40, 0x00, 0x10, 0x67, 0x00, 0xFF, 0x74, 0x33, 0xFC,
    0x00, 0x05, 0x00, 0x00, 0x03, 0xE4, 0x60, 0x00, 0xFF, 0x68, 0x0C, 0x80, 0x42, 0x4F, 0x44, 0x59,
    0x67, 0x00, 0x00, 0x18, 0x20, 0x79, 0x00, 0x00, 0x06, 0x00, 0x20, 0x39, 0x00, 0x00, 0x05, 0x58,
    0x4E, 0xB9, 0x00, 0x00, 0x03, 0x98, 0x60, 0x00, 0xFF, 0x48, 0x20, 0x39, 0x00, 0x00, 0x05, 0x58,
    0x20, 0x79, 0x00, 0x00, 0x06, 0x00, 0x4E, 0xB9, 0x00, 0x00, 0x03, 0x98, 0x4E, 0xB9, 0x00, 0x00,
    0x07, 0x7E, 0x4D, 0xF9, 0x00, 0x00, 0x00, 0x02, 0x3C, 0x3C, 0x00, 0x28, 0x20, 0x79, 0x00, 0x00,
    0x06, 0x00, 0x38, 0x3C, 0x00, 0xC7, 0x76, 0x00, 0x7A, 0x00, 0x3A, 0x3A, 0xFE, 0xD8, 0x24, 0x4E,
    0x51, 0xCD, 0x00, 0x0C, 0xD6, 0x46, 0x51, 0xCC, 0xFF, 0xF0, 0x60, 0x00, 0x00, 0x36, 0x22, 0x5A,
    0xD2, 0xC3, 0x34, 0x06, 0x4A, 0x42, 0x67, 0xE8, 0x72, 0x00, 0x12, 0x18, 0x6B, 0x00, 0x00, 0x0E,
    0x94, 0x41, 0x53, 0x42, 0x12, 0xD8, 0x51, 0xC9, 0xFF, 0xFC, 0x60, 0xE8, 0x0C, 0x01, 0x00, 0x80,
    0x67, 0xE2, 0x44, 0x01, 0x94, 0x41, 0x53, 0x42, 0x10, 0x18, 0x12, 0xC0, 0x51, 0xC9, 0xFF, 0xFC,
    0x60, 0xD2, 0x4E, 0x75, 0x00, 0x00, 0x00, 0x00, 0x00, 0x00, 0x00, 0x00, 0x00, 0x00, 0x00, 0x00,
    0x00, 0x00, 0x00, 0x00, 0x00, 0x00, 0x00, 0x00, 0x00, 0x00, 0x00, 0x00, 0x00, 0x00, 0x00, 0x00,
    0x00, 0x00, 0x00, 0x00, 0x00, 0x00, 0x00, 0x00, 0x00, 0x00, 0x00, 0x00, 0x00, 0x00, 0x00, 0x00,
    0x00, 0x00, 0x00, 0x00, 0x00, 0x00, 0x00, 0x00, 0x00, 0x00, 0x00, 0x00, 0x00, 0x00, 0x00, 0x00,
    0x00, 0x00, 0x00, 0x00, 0x00, 0x00, 0x00, 0x00, 0x00, 0x00, 0x00, 0x00, 0x00, 0x00, 0x00, 0x00,
    0x00, 0x00, 0x00, 0x00, 0x00, 0x00, 0x00, 0x00, 0x00, 0x00, 0x00, 0x00, 0x00, 0x00, 0x00, 0x00,
    0x00, 0x00, 0x00, 0x00, 0x00, 0x00, 0x00, 0x00, 0x00, 0x00, 0x00, 0x00, 0x00, 0x00, 0x00, 0x00,
    0x00, 0x00, 0x00, 0x00, 0x00, 0x00, 0x00, 0x00, 0x00, 0x00, 0x00, 0x00, 0x00, 0x00, 0x00, 0x00,
    0x00, 0x00, 0x00, 0x00, 0x00, 0x00, 0x00, 0x00, 0x00, 0x00, 0x00, 0x00, 0x00, 0x00, 0x00, 0x00,
    0x00, 0x00, 0x00, 0x00, 0x00, 0x00, 0x00, 0x00, 0x00, 0x00, 0x00, 0x00, 0x00, 0x00, 0x00, 0x00,
    0x00, 0x00, 0x00, 0x00, 0x00, 0x00, 0x00, 0x00, 0x00, 0x00, 0x00, 0x00, 0x00, 0x00, 0x00, 0x00,
    0x00, 0x00, 0x00, 0x00,
};
static const IxReloc ix_program_h20_rel[74] = {
    { 0x00006, 20 },
    { 0x0000E, 20 },
    { 0x00024, 26 },
    { 0x00036, 26 },
    { 0x0005E, 20 },
    { 0x00064, 18 },
    { 0x00070, 18 },
    { 0x0007C, 20 },
    { 0x0008C, 26 },
    { 0x00092, 18 },
    { 0x0009E, 26 },
    { 0x000BC, 18 },
    { 0x000C2, 18 },
    { 0x000CE, 24 },
    { 0x000D4, 20 },
    { 0x000DA, 24 },
    { 0x000E6, 20 },
    { 0x000EC, 24 },
    { 0x000F8, 20 },
    { 0x000FE, 24 },
    { 0x0010A, 20 },
    { 0x00112, 20 },
    { 0x0011A, 24 },
    { 0x00126, 20 },
    { 0x0012E, 20 },
    { 0x00136, 20 },
    { 0x0014C, 26 },
    { 0x0015E, 26 },
    { 0x00188, 20 },
    { 0x0018E, 18 },
    { 0x0019A, 18 },
    { 0x001A6, 20 },
    { 0x001B6, 26 },
    { 0x001BC, 18 },
    { 0x001C8, 26 },
    { 0x001E8, 18 },
    { 0x001EE, 18 },
    { 0x001FA, 24 },
    { 0x00200, 27 },
    { 0x00208, 26 },
    { 0x00210, 21 },
    { 0x0025A, 20 },
    { 0x00262, 20 },
    { 0x00270, 20 },
    { 0x00328, 20 },
    { 0x00330, 20 },
    { 0x003A6, 20 },
    { 0x003E8, 20 },
    { 0x003EE, 18 },
    { 0x003F4, 20 },
    { 0x00400, 18 },
    { 0x0040A, 20 },
    { 0x00418, 20 },
    { 0x00422, 20 },
    { 0x0042A, 18 },
    { 0x00430, 20 },
    { 0x00440, 20 },
    { 0x0044C, 18 },
    { 0x0045E, 20 },
    { 0x00466, 20 },
    { 0x0046C, 18 },
    { 0x0047C, 20 },
    { 0x00482, 26 },
    { 0x004A2, 20 },
    { 0x004B2, 20 },
    { 0x004C6, 20 },
    { 0x004CC, 20 },
    { 0x004D2, 18 },
    { 0x004DC, 20 },
    { 0x004E2, 20 },
    { 0x004E8, 18 },
    { 0x004EE, 18 },
    { 0x004F4, 24 },
    { 0x004FE, 20 },
};

static const uint8_t ix_program_h21[2440] = {
    0x52, 0x88, 0x4E, 0x75, 0x7C, 0x07, 0x7A, 0x07, 0x4A, 0x87, 0x6F, 0xF4, 0x70, 0x00, 0x0B, 0x10,
    0x67, 0x02, 0x70, 0x02, 0x53, 0x45, 0x6C, 0x04, 0x7A, 0x07, 0x52, 0x88, 0x0B, 0x10, 0x67, 0x02,
    0x52, 0x40, 0x53, 0x45, 0x6C, 0x04, 0x7A, 0x07, 0x52, 0x88, 0x4A, 0x40, 0x67, 0x00, 0x01, 0x56,
    0x53, 0x40, 0x67, 0x00, 0x01, 0x08, 0x53, 0x40, 0x67, 0x3E, 0x4E, 0xB9, 0x00, 0x00, 0x04, 0xD6,
    0x78, 0x01, 0x4E, 0xB9, 0x00, 0x00, 0x04, 0xE8, 0x58, 0x43, 0x48, 0xC3, 0x9E, 0x83, 0x53, 0x87,
    0x4A, 0x40, 0x67, 0x12, 0x0D, 0xD1, 0x53, 0x46, 0x6C, 0x06, 0x7C, 0x07, 0x52, 0x89, 0x42, 0x11,
    0x51, 0xCB, 0xFF, 0xF2, 0x60, 0xA2, 0x0D, 0x91, 0x53, 0x46, 0x6C, 0x06, 0x7C, 0x07, 0x52, 0x89,
    0x42, 0x11, 0x51, 0xCB, 0xFF, 0xF2, 0x60, 0x90, 0x4E, 0xB9, 0x00, 0x00, 0x04, 0xD6, 0x78, 0x05,
    0x4E, 0xB9, 0x00, 0x00, 0x04, 0xE8, 0x50, 0x43, 0x48, 0xC3, 0x9E, 0x83, 0x53, 0x87, 0x4A, 0x40,
    0x67, 0x56, 0x0C, 0x43, 0x00, 0x0F, 0x6F, 0x3C, 0x38, 0x06, 0x0C, 0x44, 0x00, 0x07, 0x67, 0x14,
    0x96, 0x44, 0x53, 0x43, 0x0D, 0xD1, 0x53, 0x46, 0x6C, 0x06, 0x7C, 0x07, 0x52, 0x89, 0x42, 0x11,
    0x51, 0xCC, 0xFF, 0xF2, 0x52, 0x43, 0x38, 0x03, 0xE6, 0x43, 0x53, 0x43, 0x6D, 0x0A, 0x70, 0xFF,
    0x12, 0xC0, 0x51, 0xCB, 0xFF, 0xFC, 0x42, 0x11, 0x02, 0x44, 0x00, 0x07, 0x67, 0x00, 0xFF, 0x3A,
    0x53, 0x44, 0x36, 0x04, 0x0D, 0xD1, 0x53, 0x46, 0x6C, 0x06, 0x7C, 0x07, 0x52, 0x89, 0x42, 0x11,
    0x51, 0xCB, 0xFF, 0xF2, 0x60, 0x00, 0xFF, 0x22, 0x0C, 0x43, 0x00, 0x0F, 0x6F, 0x3A, 0x38, 0x06,
    0x0C, 0x44, 0x00, 0x07, 0x67, 0x14, 0x96, 0x44, 0x53, 0x43, 0x0D, 0x91, 0x53, 0x46, 0x6C, 0x06,
    0x7C, 0x07, 0x52, 0x89, 0x42, 0x11, 0x51, 0xCC, 0xFF, 0xF2, 0x52, 0x43, 0x38, 0x03, 0xE6, 0x43,
    0x53, 0x43, 0x6D, 0x08, 0x42, 0x19, 0x51, 0xCB, 0xFF, 0xFC, 0x42, 0x11, 0x02, 0x44, 0x00, 0x07,
    0x67, 0x00, 0xFE, 0xE6, 0x53, 0x44, 0x36, 0x04, 0x0D, 0x91, 0x53, 0x46, 0x6C, 0x06, 0x7C, 0x07,
    0x52, 0x89, 0x42, 0x11, 0x51, 0xCB, 0xFF, 0xF2, 0x60, 0x00, 0xFE, 0xCE, 0x59, 0x87, 0x4E, 0xB9,
    0x00, 0x00, 0x02, 0xF8, 0x60, 0x00, 0xFE, 0xC2, 0x0B, 0x10, 0x67, 0x1C, 0x0D, 0xD1, 0x53, 0x45,
    0x6C, 0x04, 0x7A, 0x07, 0x52, 0x88, 0x53, 0x46, 0x6C, 0x06, 0x7C, 0x07, 0x52, 0x89, 0x42, 0x11,
    0x51, 0xCC, 0xFF, 0xE6, 0x60, 0x00, 0xFE, 0xA2, 0x0D, 0x91, 0x53, 0x45, 0x6C, 0x04, 0x7A, 0x07,
    0x52, 0x88, 0x53, 0x46, 0x6C, 0x06, 0x7C, 0x07, 0x52, 0x89, 0x42, 0x11, 0x51, 0xCC, 0xFF, 0xCA,
    0x60, 0x00, 0xFE, 0x86, 0x78, 0x03, 0x4E, 0xB9, 0x00, 0x00, 0x04, 0xE8, 0xE5, 0x4B, 0x48, 0xC3,
    0x9E, 0x83, 0x04, 0x87, 0x00, 0x00, 0x00, 0x10, 0x4E, 0xB9, 0x00, 0x00, 0x03, 0xCC, 0x4A, 0x43,
    0x67, 0x00, 0xFE, 0x66, 0x0C, 0x43, 0x00, 0x08, 0x6C, 0x0A, 0x59, 0x43, 0x4E, 0xB9, 0x00, 0x00,
    0x02, 0xF8, 0x60, 0xEA, 0x51, 0x43, 0x4E, 0xB9, 0x00, 0x00, 0x03, 0x6C, 0x60, 0xE0, 0x00, 0x00,
    0x00, 0x00, 0x00, 0x00, 0x00, 0x00, 0x00, 0x00, 0x00, 0x00, 0x00, 0x00, 0x00, 0x00, 0x00, 0x00,
    0x00, 0x00, 0x00, 0x00, 0x00, 0x00, 0x00, 0x00, 0x00, 0x00, 0x00, 0x00, 0x00, 0x00, 0x00, 0x00,
    0x00, 0x00, 0x00, 0x00, 0x00, 0x00, 0x00, 0x00, 0x00, 0x00, 0x00, 0x00, 0x00, 0x00, 0x00, 0x00,
    0x00, 0x00, 0x00, 0x00, 0x00, 0x00, 0x00, 0x00, 0x00, 0x00, 0x00, 0x00, 0x00, 0x00, 0x00, 0x00,
    0x00, 0x00, 0x00, 0x00, 0x00, 0x00, 0x00, 0x00, 0x00, 0x00, 0x00, 0x00, 0x00, 0x00, 0x00, 0x00,
    0x00, 0x00, 0x00, 0x00, 0x00, 0x00, 0x00, 0x00, 0x00, 0x00, 0x00, 0x00, 0x00, 0x00, 0x00, 0x00,
    0x00, 0x00, 0x00, 0x00, 0x00, 0x00, 0x00, 0x00, 0x00, 0x00, 0x00, 0x00, 0x00, 0x00, 0x00, 0x00,
    0x00, 0x00, 0x00, 0x00, 0x00, 0x00, 0x00, 0x00, 0x00, 0x00, 0x00, 0x00, 0x00, 0x00, 0x00, 0x00,
    0x00, 0x00, 0x00, 0x00, 0x00, 0x00, 0x00, 0x00, 0x00, 0x00, 0x00, 0x00, 0x00, 0x00, 0x00, 0x00,
    0x00, 0x00, 0x00, 0x00, 0x00, 0x00, 0x00, 0x00, 0x00, 0x00, 0x00, 0x00, 0x00, 0x00, 0x00, 0x00,
    0x00, 0x00, 0x00, 0x00, 0x00, 0x00, 0x00, 0x00, 0x00, 0x00, 0x00, 0x00, 0x00, 0x00, 0x00, 0x00,
    0x00, 0x00, 0x00, 0x00, 0x00, 0x00, 0x00, 0x00, 0x00, 0x00, 0x00, 0x00, 0x00, 0x00, 0x00, 0x00,
    0x00, 0x00, 0x00, 0x00, 0x00, 0x00, 0x00, 0x00, 0x00, 0x00, 0x00, 0x00, 0x00, 0x00, 0x00, 0x00,
    0x00, 0x00, 0x00, 0x00, 0x00, 0x00, 0x00, 0x00, 0x00, 0x00, 0x00, 0x00, 0x00, 0x00, 0x00, 0x00,
    0x00, 0x00, 0x00, 0x00, 0x00, 0x00, 0x00, 0x00, 0x00, 0x00, 0x00, 0x00, 0x00, 0x00, 0x00, 0x00,
    0x00, 0x00, 0x00, 0x00, 0x00, 0x00, 0x00, 0x00, 0x00, 0x00, 0x00, 0x00, 0x00, 0x00, 0x41, 0xFA,
    0xFE, 0xFE, 0x32, 0x3C, 0x00, 0xF0, 0x70, 0x07, 0x34, 0x01, 0xE0, 0x7A, 0x10, 0xC2, 0xE0, 0x4A,
    0x10, 0xC2, 0x53, 0x40, 0x6C, 0xF2, 0x06, 0x41, 0x00, 0x0F, 0x0C, 0x41, 0x00, 0xFF, 0x6F, 0xE6,
    0x41, 0xFA, 0xFE, 0xFC, 0x22, 0x3C, 0xFF, 0xFF, 0x00, 0x00, 0x70, 0x07, 0x24, 0x01, 0xE0, 0xBA,
    0x20, 0xC2, 0x53, 0x40, 0x6C, 0xF6, 0x4E, 0x75, 0x30, 0x08, 0x08, 0x00, 0x00, 0x00, 0x66, 0x00,
    0x01, 0x24, 0x30, 0x09, 0x08, 0x00, 0x00, 0x00, 0x66, 0x00, 0x01, 0x1A, 0x38, 0x10, 0x34, 0x05,
    0x94, 0x46, 0x67, 0x04, 0x6D, 0x2A, 0xE4, 0x7C, 0x34, 0x06, 0x45, 0xFA, 0xFE, 0xA2, 0xD4, 0x42,
    0xC8, 0x72, 0x20, 0x00, 0x42, 0x29, 0x00, 0x01, 0x89, 0x51, 0x59, 0x45, 0x6C, 0x06, 0x02, 0x45,
    0x00, 0x07, 0x52, 0x88, 0x59, 0x46, 0x6C, 0x06, 0x02, 0x46, 0x00, 0x07, 0x52, 0x89, 0x4E, 0x75,
    0x44, 0x42, 0xE5, 0x7C, 0x34, 0x06, 0x45, 0xFA, 0xFE, 0x76, 0xD4, 0x42, 0xC8, 0x72, 0x20, 0x00,
    0x42, 0x29, 0x00, 0x01, 0x89, 0x51, 0x59, 0x45, 0x6C, 0x06, 0x02, 0x45, 0x00, 0x07, 0x52, 0x88,
    0x59, 0x46, 0x6C, 0x06, 0x02, 0x46, 0x00, 0x07, 0x52, 0x89, 0x4E, 0x75, 0x30, 0x08, 0x08, 0x00,
    0x00, 0x00, 0x66, 0x00, 0x01, 0x1E, 0x30, 0x09, 0x08, 0x00, 0x00, 0x00, 0x66, 0x00, 0x01, 0x14,
    0x38, 0x10, 0x34, 0x05, 0x94, 0x46, 0x67, 0x04, 0x6D, 0x1A, 0xE4, 0x7C, 0x34, 0x06, 0x45, 0xFA,
    0xFE, 0x3E, 0xD4, 0x42, 0xC8, 0x72, 0x20, 0x00, 0x42, 0x29, 0x00, 0x01, 0x89, 0x51, 0x52, 0x88,
    0x52, 0x89, 0x4E, 0x75, 0x44, 0x42, 0xE5, 0x7C, 0x34, 0x06, 0x45, 0xFA, 0xFE, 0x22, 0xD4, 0x42,
    0xC8, 0x72, 0x20, 0x00, 0x42, 0x29, 0x00, 0x01, 0x89, 0x51, 0x52, 0x88, 0x52, 0x89, 0x4E, 0x75,
    0x4E, 0xB9, 0x00, 0x00, 0x04, 0x92, 0x4E, 0xF9, 0x00, 0x00, 0x04, 0x92, 0x30, 0x08, 0x08, 0x00,
    0x00, 0x00, 0x66, 0xEC, 0x30, 0x09, 0x08, 0x00, 0x00, 0x00, 0x66, 0xE4, 0x28, 0x10, 0x34, 0x05,
    0x94, 0x46, 0x67, 0x04, 0x6D, 0x1E, 0xE4, 0xBC, 0x34, 0x06, 0x45, 0xFA, 0xFD, 0xF2, 0xE5, 0x4A,
    0xC8, 0xB2, 0x20, 0x00, 0x42, 0x29, 0x00, 0x01, 0x42, 0x29, 0x00, 0x02, 0x89, 0x91, 0x54, 0x88,
    0x54, 0x89, 0x4E, 0x75, 0x44, 0x42, 0xE5, 0xBC, 0x34, 0x06, 0x45, 0xFA, 0xFD, 0xD2, 0xE5, 0x4A,
    0xC8, 0xB2, 0x20, 0x00, 0x42, 0x29, 0x00, 0x01, 0x42, 0x29, 0x00, 0x02, 0x89, 0x91, 0x54, 0x88,
    0x54, 0x89, 0x4E, 0x75, 0x0C, 0x45, 0x00, 0x03, 0x6D, 0x12, 0x10, 0x10, 0x57, 0x45, 0xEA, 0x28,
    0x53, 0x45, 0x6C, 0x20, 0x02, 0x45, 0x00, 0x07, 0x52, 0x88, 0x60, 0x18, 0x38, 0x05, 0x5A, 0x44,
    0x10, 0x28, 0x00, 0x01, 0xE8, 0x28, 0x12, 0x10, 0x74, 0x08, 0x94, 0x44, 0xE5, 0x29, 0x80, 0x01,
    0x58, 0x45, 0x52, 0x88, 0x0C, 0x46, 0x00, 0x03, 0x6D, 0x1C, 0x38, 0x06, 0x57, 0x44, 0x02, 0x00,
    0x00, 0x0F, 0xE9, 0x28, 0x81, 0x11, 0x59, 0x46, 0x6C, 0x00, 0x00, 0x0A, 0x02, 0x46, 0x00, 0x07,
    0x52, 0x89, 0x42, 0x11, 0x4E, 0x75, 0x02, 0x00, 0x00, 0x0F, 0x32, 0x00, 0x38, 0x06, 0x0A, 0x44,
    0x00, 0x03, 0xE8, 0x28, 0x81, 0x11, 0x5A, 0x46, 0xED, 0x29, 0x52, 0x89, 0x53, 0x46, 0x12, 0x81,
    0x4E, 0x75, 0x0C, 0x45, 0x00, 0x07, 0x66, 0x04, 0x10, 0x18, 0x60, 0x16, 0x38, 0x05, 0x52, 0x44,
    0x10, 0x28, 0x00, 0x01, 0xE8, 0x28, 0x12, 0x18, 0x0A, 0x44, 0x00, 0x07, 0x52, 0x44, 0xE9, 0x29,
    0x80, 0x01, 0x0C, 0x46, 0x00, 0x07, 0x66, 0x06, 0x12, 0xC0, 0x42, 0x11, 0x4E, 0x75, 0x32, 0x00,
    0x38, 0x06, 0x0A, 0x44, 0x00, 0x07, 0xE8, 0x28, 0x81, 0x11, 0x38, 0x06, 0x52, 0x44, 0xE9, 0x29,
    0x52, 0x89, 0x12, 0x81, 0x4E, 0x75, 0x70, 0x00, 0x0B, 0x10, 0x67, 0x02, 0x70, 0x01, 0x53, 0x45,
    0x6C, 0x04, 0x7A, 0x07, 0x52, 0x88, 0x4E, 0x75, 0x76, 0x00, 0x0B, 0x10, 0x67, 0x02, 0x09, 0xC3,
    0x53, 0x45, 0x6C, 0x04, 0x7A, 0x07, 0x52, 0x88, 0x51, 0xCC, 0xFF, 0xF0, 0x4E, 0x75, 0xB1, 0xF9,
    0x00, 0x00, 0x00, 0x02, 0x67, 0x40, 0x4E, 0xB9, 0x00, 0x00, 0x00, 0x8C, 0x41, 0xF9, 0x00, 0x00,
    0x00, 0x42, 0x20, 0x3C, 0x00, 0x00, 0x00, 0x0A, 0x4E, 0xB9, 0x00, 0x00, 0x03, 0x98, 0x4E, 0xB9,
    0x00, 0x00, 0x07, 0x7E, 0x20, 0x39, 0x00, 0x00, 0x00, 0x48, 0xE6, 0x88, 0x06, 0x80, 0x00, 0x00,
    0x01, 0x68, 0x32, 0x39, 0x00, 0x00, 0x00, 0x42, 0xC2, 0xFC, 0x00, 0x0A, 0xD0, 0x81, 0x06, 0x80,
    0x00, 0x00, 0x00, 0x0A, 0x4E, 0x75, 0x20, 0x39, 0x00, 0x00, 0x00, 0x06, 0x52, 0x80, 0x02, 0x00,
    0x00, 0xFE, 0x4E, 0x75, 0x2F, 0x09, 0x23, 0xC8, 0x00, 0x00, 0x00, 0x02, 0x23, 0xC9, 0x00, 0x00,
    0x00, 0x06, 0x22, 0xD0, 0x22, 0xE8, 0x00, 0x04, 0x32, 0xE8, 0x00, 0x08, 0x23, 0xD8, 0x00, 0x00,
    0x00, 0x42, 0x23, 0xD8, 0x00, 0x00, 0x00, 0x46, 0x33, 0xD8, 0x00, 0x00, 0x00, 0x4A, 0x2F, 0x08,
    0x20, 0x49, 0x30, 0x39, 0x00, 0x00, 0x00, 0x42, 0xC0, 0xFC, 0x00, 0x0A, 0x43, 0xF1, 0x00, 0x00,
    0x2F, 0x09, 0x4E, 0xB9, 0x00, 0x00, 0x03, 0x98, 0x20, 0x39, 0x00, 0x00, 0x00, 0x48, 0xE6, 0x80,
    0x06, 0x80, 0x00, 0x00, 0x01, 0x68, 0x32, 0x39, 0x00, 0x00, 0x00, 0x00, 0xC2, 0xFC, 0x00, 0x0A,
    0xD0, 0x81, 0x06, 0x80, 0x00, 0x00, 0x00, 0x0A, 0x22, 0x39, 0x00, 0x00, 0x00, 0x48, 0xE6, 0x89,
    0x92, 0xB9, 0x00, 0x00, 0x00, 0x44, 0x06, 0x81, 0x00, 0x00, 0x01, 0x68, 0x4A, 0x81, 0x6C, 0x06,
    0x22, 0x3C, 0x00, 0x00, 0x01, 0x68, 0x02, 0x01, 0x00, 0xFE, 0x20, 0x5F, 0x41, 0xF0, 0x18, 0x00,
    0x22, 0x6F, 0x00, 0x04, 0x23, 0x48, 0x00, 0x02, 0x20, 0x39, 0x00, 0x00, 0x00, 0x44, 0x22, 0x5F,
    0x10, 0xD9, 0x53, 0x80, 0x66, 0xFA, 0x24, 0x5F, 0x20, 0x6A, 0x00, 0x02, 0x30, 0x39, 0x00, 0x00,
    0x00, 0x42, 0xC0, 0xFC, 0x00, 0x0A, 0x43, 0xF2, 0x00, 0x0A, 0x25, 0x49, 0x00, 0x02, 0x2E, 0x2A,
    0x00, 0x06, 0x4E, 0xBA, 0xF9, 0xF0, 0x93, 0xF9, 0x00, 0x00, 0x00, 0x06, 0x23, 0xC9, 0x00, 0x00,
    0x00, 0x06, 0x4E, 0x75, 0x23, 0xC8, 0x00, 0x00, 0x00, 0x02, 0x23, 0xC9, 0x00, 0x00, 0x00, 0x06,
    0x2F, 0x09, 0x2F, 0x09, 0x4E, 0xB9, 0x00, 0x00, 0x00, 0x8C, 0x20, 0x57, 0x20, 0x3C, 0x00, 0x00,
    0x00, 0x0A, 0x4E, 0xB9, 0x00, 0x00, 0x03, 0x98, 0x20, 0x57, 0x43, 0xF9, 0x00, 0x00, 0x00, 0x42,
    0x32, 0xD8, 0x22, 0xD8, 0x22, 0xD8, 0x30, 0x39, 0x00, 0x00, 0x00, 0x42, 0xC0, 0xFC, 0x00, 0x0A,
    0x43, 0xF0, 0x08, 0x00, 0x2E, 0x89, 0x4E, 0xB9, 0x00, 0x00, 0x03, 0x98, 0x20, 0x39, 0x00, 0x00,
    0x00, 0x48, 0xE6, 0x80, 0x06, 0x80, 0x00, 0x00, 0x01, 0x68, 0x32, 0x39, 0x00, 0x00, 0x00, 0x00,
    0xC2, 0xFC, 0x00, 0x0A, 0xD0, 0x81, 0x06, 0x80, 0x00, 0x00, 0x00, 0x0A, 0x22, 0x39, 0x00, 0x00,
    0x00, 0x48, 0xE6, 0x89, 0x92, 0xB9, 0x00, 0x00, 0x00, 0x44, 0x06, 0x81, 0x00, 0x00, 0x01, 0x68,
    0x4A, 0x81, 0x6C, 0x00, 0x00, 0x08, 0x22, 0x3C, 0x00, 0x00, 0x01, 0x68, 0x02, 0x01, 0x00, 0xFE,
    0x20, 0x5F, 0x41, 0xF0, 0x18, 0x00, 0x22, 0x57, 0x23, 0x48, 0x00, 0x02, 0x20, 0x39, 0x00, 0x00,
    0x00, 0x44, 0x4E, 0xB9, 0x00, 0x00, 0x03, 0x98, 0x4E, 0xB9, 0x00, 0x00, 0x07, 0x7E, 0x24, 0x5F,
    0x20, 0x6A, 0x00, 0x02, 0x30, 0x39, 0x00, 0x00, 0x00, 0x42, 0xC0, 0xFC, 0x00, 0x0A, 0x43, 0xF2,
    0x00, 0x0A, 0x25, 0x49, 0x00, 0x02, 0x2E, 0x2A, 0x00, 0x06, 0x4E, 0xBA, 0xF9, 0x18, 0x93, 0xF9,
    0x00, 0x00, 0x00, 0x06, 0x23, 0xC9, 0x00, 0x00, 0x00, 0x06, 0x4E, 0x75, 0x23, 0xC8, 0x00, 0x00,
    0x00, 0x02, 0x23, 0xC9, 0x00, 0x00, 0x00, 0x06, 0x2F, 0x09, 0x2F, 0x09, 0x4E, 0xB9, 0x00, 0x00,
    0x00, 0x8C, 0x20, 0x57, 0x20, 0x3C, 0x00, 0x00, 0x00, 0x0A, 0x4E, 0xB9, 0x00, 0x00, 0x03, 0x98,
    0x20, 0x57, 0x43, 0xF9, 0x00, 0x00, 0x00, 0x42, 0x32, 0xD8, 0x22, 0xD8, 0x22, 0xD8, 0x30, 0x39,
    0x00, 0x00, 0x00, 0x42, 0xC0, 0xFC, 0x00, 0x0A, 0x43, 0xF0, 0x08, 0x00, 0x2E, 0x89, 0x4E, 0xB9,
    0x00, 0x00, 0x03, 0x98, 0x20, 0x5F, 0x22, 0x57, 0x23, 0x48, 0x00, 0x02, 0x20, 0x39, 0x00, 0x00,
    0x00, 0x44, 0x4E, 0xB9, 0x00, 0x00, 0x03, 0x98, 0x4E, 0xB9, 0x00, 0x00, 0x07, 0x7E, 0x24, 0x5F,
    0x20, 0x6A, 0x00, 0x02, 0x33, 0xFC, 0x00, 0x01, 0x00, 0x00, 0x04, 0x62, 0x43, 0xF9, 0x00, 0x00,
    0x11, 0x94, 0x2E, 0x39, 0x00, 0x00, 0x00, 0x44, 0x2C, 0x07, 0xEA, 0x8E, 0x53, 0x46, 0x6D, 0x18,
    0x4C, 0xD8, 0x18, 0x3F, 0x48, 0xD1, 0x18, 0x3F, 0x43, 0xE9, 0x00, 0x20, 0x51, 0xCE, 0xFF, 0xF2,
    0x02, 0x87, 0x00, 0x00, 0x00, 0x1F, 0x67, 0x06, 0x12, 0xD8, 0x53, 0x87, 0x66, 0xFA, 0x30, 0x39,
    0x00, 0x00, 0x00, 0x42, 0xC0, 0xFC, 0x00, 0x0A, 0x43, 0xF2, 0x00, 0x0A, 0x25, 0x49, 0x00, 0x02,
    0x20, 0x39, 0x00, 0x00, 0x00, 0x44, 0x41, 0xF9, 0x00, 0x00, 0x11, 0x94, 0x45, 0xF9, 0x00, 0x00,
    0x00, 0x00, 0x4E, 0xB9, 0x00, 0x00, 0x09, 0x06, 0x32, 0x39, 0x00, 0x00, 0x00, 0x42, 0xC2, 0xFC,
    0x00, 0x0A, 0x06, 0x41, 0x00, 0x0A, 0xD0, 0x81, 0x23, 0xC0, 0x00, 0x00, 0x00, 0x06, 0x4E, 0x75,
    0x2F, 0x09, 0x23, 0xC8, 0x00, 0x00, 0x00, 0x02, 0x23, 0xC9, 0x00, 0x00, 0x00, 0x06, 0x22, 0xD0,
    0x22, 0xE8, 0x00, 0x04, 0x32, 0xE8, 0x00, 0x08, 0x23, 0xD8, 0x00, 0x00, 0x00, 0x42, 0x23, 0xD8,
    0x00, 0x00, 0x00, 0x46, 0x33, 0xD8, 0x00, 0x00, 0x00, 0x4A, 0x2F, 0x08, 0x20, 0x49, 0x30, 0x39,
    0x00, 0x00, 0x00, 0x42, 0xC0, 0xFC, 0x00, 0x0A, 0x43, 0xF1, 0x00, 0x00, 0x2F, 0x09, 0x4E, 0xB9,
    0x00, 0x00, 0x03, 0x98, 0x20, 0x39, 0x00, 0x00, 0x00, 0x48, 0xE6, 0x80, 0x06, 0x80, 0x00, 0x00,
    0x01, 0x68, 0x32, 0x39, 0x00, 0x00, 0x00, 0x00, 0xC2, 0xFC, 0x00, 0x0A, 0xD0, 0x81, 0x06, 0x80,
    0x00, 0x00, 0x00, 0x0A, 0x22, 0x39, 0x00, 0x00, 0x00, 0x48, 0xE6, 0x89, 0x92, 0xB9, 0x00, 0x00,
    0x00, 0x44, 0x06, 0x81, 0x00, 0x00, 0x01, 0x68, 0x4A, 0x81, 0x6C, 0x06, 0x22, 0x3C, 0x00, 0x00,
    0x01, 0x68, 0x02, 0x01, 0x00, 0xFE, 0x20, 0x5F, 0x22, 0x6F, 0x00, 0x04, 0x23, 0x48, 0x00, 0x02,
    0x22, 0x5F, 0x24, 0x5F, 0x20, 0x49, 0x30, 0x39, 0x00, 0x00, 0x00, 0x42, 0xC0, 0xFC, 0x00, 0x0A,
    0x43, 0xF2, 0x00, 0x0A, 0x25, 0x49, 0x00, 0x02, 0x20, 0x39, 0x00, 0x00, 0x00, 0x44, 0x45, 0xF9,
    0x00, 0x00, 0x00, 0x00, 0x33, 0xFC, 0x00, 0x01, 0x00, 0x00, 0x04, 0x62, 0x4E, 0xB9, 0x00, 0x00,
    0x09, 0x06, 0x32, 0x39, 0x00, 0x00, 0x00, 0x42, 0xC2, 0xFC, 0x00, 0x0A, 0x06, 0x41, 0x00, 0x0A,
    0xD0, 0x81, 0x23, 0xC0, 0x00, 0x00, 0x00, 0x06, 0x4E, 0x75, 0x48, 0xE7, 0x00, 0x60, 0x4E, 0xB9,
    0x00, 0x00, 0x00, 0x8C, 0x20, 0x6F, 0x00, 0x04, 0x70, 0x04, 0x4E, 0xB9, 0x00, 0x00, 0x03, 0x98,
    0x20, 0x6F, 0x00, 0x04, 0x20, 0x10, 0x2F, 0x00, 0x4E, 0xB9, 0x00, 0x00, 0x03, 0x98, 0x4E, 0xB9,
    0x00, 0x00, 0x07, 0x7E, 0x20, 0x1F, 0x22, 0x5F, 0x20, 0x5F, 0x45, 0xF9, 0x00, 0x00, 0x00, 0x00,
    0x33, 0xFC, 0x00, 0x01, 0x00, 0x00, 0x04, 0x62, 0x4E, 0xF9, 0x00, 0x00, 0x09, 0x06, 0x22, 0x5F,
    0x95, 0xC9, 0x20, 0x0A, 0x4E, 0x75, 0x24, 0x49, 0x43, 0xF0, 0x08, 0x00, 0x2F, 0x0A, 0x48, 0x7A,
    0xFF, 0xEE, 0x14, 0x18, 0x76, 0x07, 0xD4, 0x02, 0x64, 0x60, 0x1F, 0x18, 0x32, 0x1F, 0x12, 0x18,
    0x38, 0x01, 0x02, 0x41, 0xF8, 0x00, 0x02, 0x44, 0x07, 0xFF, 0x47, 0xD2, 0x96, 0xC4, 0xED, 0x59,
    0x4E, 0xFB, 0x10, 0x02, 0x14, 0xDB, 0x14, 0xDB, 0x14, 0xDB, 0x14, 0xDB, 0x14, 0xDB, 0x14, 0xDB,
    0x14, 0xDB, 0x14, 0xDB, 0x14, 0xDB, 0x14, 0xDB, 0x14, 0xDB, 0x14, 0xDB, 0x14, 0xDB, 0x14, 0xDB,
    0x14, 0xDB, 0x14, 0xDB, 0x14, 0xDB, 0x14, 0xDB, 0x14, 0xDB, 0x14, 0xDB, 0x14, 0xDB, 0x14, 0xDB,
    0x14, 0xDB, 0x14, 0xDB, 0x14, 0xDB, 0x14, 0xDB, 0x14, 0xDB, 0x14, 0xDB, 0x14, 0xDB, 0x14, 0xDB,
    0x14, 0xDB, 0x14, 0xDB, 0x14, 0xDB, 0x14, 0xDB, 0x60, 0x02, 0x14, 0xD8, 0xB1, 0xC9, 0x54, 0xCB,
    0xFF, 0x96, 0x65, 0x8E, 0x4E, 0x75, 0x00, 0x00,
};
static const IxReloc ix_program_h21_rel[96] = {
    { 0x0003C, 21 },
    { 0x00044, 21 },
    { 0x0007A, 21 },
    { 0x00082, 21 },
    { 0x00140, 21 },
    { 0x00188, 21 },
    { 0x0019A, 21 },
    { 0x001AE, 21 },
    { 0x001B8, 21 },
    { 0x003C2, 21 },
    { 0x003C8, 21 },
    { 0x00500, 22 },
    { 0x00508, 18 },
    { 0x0050E, 26 },
    { 0x0051A, 18 },
    { 0x00520, 18 },
    { 0x00526, 26 },
    { 0x00534, 26 },
    { 0x00548, 22 },
    { 0x00558, 22 },
    { 0x0055E, 22 },
    { 0x0056E, 26 },
    { 0x00574, 26 },
    { 0x0057A, 26 },
    { 0x00584, 26 },
    { 0x00594, 18 },
    { 0x0059A, 26 },
    { 0x005A8, 22 },
    { 0x005BA, 26 },
    { 0x005C2, 26 },
    { 0x005EA, 26 },
    { 0x005FE, 26 },
    { 0x00618, 22 },
    { 0x0061E, 22 },
    { 0x00626, 22 },
    { 0x0062C, 22 },
    { 0x00636, 18 },
    { 0x00644, 18 },
    { 0x0064C, 26 },
    { 0x00658, 26 },
    { 0x00668, 18 },
    { 0x0066E, 26 },
    { 0x0067C, 22 },
    { 0x0068E, 26 },
    { 0x00696, 26 },
    { 0x006BE, 26 },
    { 0x006C4, 18 },
    { 0x006CA, 18 },
    { 0x006D6, 26 },
    { 0x006F0, 22 },
    { 0x006F6, 22 },
    { 0x006FE, 22 },
    { 0x00704, 22 },
    { 0x0070E, 18 },
    { 0x0071C, 18 },
    { 0x00724, 26 },
    { 0x00730, 26 },
    { 0x00740, 18 },
    { 0x0074E, 26 },
    { 0x00754, 18 },
    { 0x0075A, 18 },
    { 0x00768, 26 },
    { 0x0076E, 27 },
    { 0x00774, 26 },
    { 0x007A0, 26 },
    { 0x007B2, 26 },
    { 0x007B8, 27 },
    { 0x007BE, 27 },
    { 0x007C4, 21 },
    { 0x007CA, 26 },
    { 0x007DA, 22 },
    { 0x007E4, 22 },
    { 0x007EA, 22 },
    { 0x007FA, 26 },
    { 0x00800, 26 },
    { 0x00806, 26 },
    { 0x00810, 26 },
    { 0x00820, 18 },
    { 0x00826, 26 },
    { 0x00834, 22 },
    { 0x00846, 26 },
    { 0x0084E, 26 },
    { 0x00878, 26 },
    { 0x0088A, 26 },
    { 0x00890, 27 },
    { 0x00898, 26 },
    { 0x0089E, 21 },
    { 0x008A4, 26 },
    { 0x008B4, 22 },
    { 0x008C0, 18 },
    { 0x008CC, 18 },
    { 0x008DA, 18 },
    { 0x008E0, 18 },
    { 0x008EC, 27 },
    { 0x008F4, 26 },
    { 0x008FA, 21 },
};

static const uint8_t ix_program_h22[12] = {
    0x00, 0x00, 0x00, 0x00, 0x00, 0x00, 0x00, 0x00, 0x00, 0x00, 0x00, 0x00,
};

static const uint8_t ix_program_h23[1856] = {
    0x48, 0xE7, 0xFF, 0xFE, 0x53, 0x47, 0x33, 0xC7, 0x00, 0x00, 0x00, 0x16, 0x4E, 0xB9, 0x00, 0x00,
    0x01, 0x06, 0x4C, 0xDF, 0x7F, 0xFF, 0x4E, 0x75, 0x23, 0xC9, 0x00, 0x00, 0x00, 0x02, 0x23, 0xCA,
    0x00, 0x00, 0x00, 0x06, 0x23, 0xCB, 0x00, 0x00, 0x00, 0x0A, 0x23, 0xCC, 0x00, 0x00, 0x00, 0x0E,
    0x23, 0xCD, 0x00, 0x00, 0x00, 0x12, 0x4E, 0x75, 0x94, 0x40, 0x33, 0xC2, 0x00, 0x00, 0x00, 0x5C,
    0x96, 0x41, 0x33, 0xC3, 0x00, 0x00, 0x00, 0x5A, 0xC2, 0xFC, 0x00, 0x28, 0xD2, 0x40, 0x33, 0xC1,
    0x00, 0x00, 0x00, 0x5E, 0x4E, 0x75, 0x4A, 0x40, 0x6D, 0x00, 0x05, 0xA0, 0xB0, 0x50, 0x6C, 0x00,
    0x05, 0x9A, 0xE3, 0x48, 0x38, 0x00, 0xE5, 0x48, 0xD0, 0x44, 0x24, 0x68, 0x00, 0x02, 0xD1, 0xFC,
    0x00, 0x00, 0x00, 0x0A, 0x41, 0xF0, 0x00, 0x00, 0x28, 0x18, 0x45, 0xF2, 0x48, 0x00, 0x3A, 0x18,
    0x3C, 0x05, 0x06, 0x45, 0x00, 0x0F, 0x02, 0x45, 0xFF, 0xF0, 0x3E, 0x05, 0x9E, 0x46, 0xE6, 0x4D,
    0x38, 0x18, 0x10, 0x10, 0x08, 0x00, 0x00, 0x00, 0x66, 0x06, 0x10, 0xFC, 0x00, 0x01, 0x60, 0x04,
    0xE9, 0x4F, 0x10, 0xC7, 0x1C, 0x18, 0x48, 0xA7, 0x0C, 0x00, 0xE3, 0x4D, 0xCA, 0xC4, 0x23, 0xC5,
    0x00, 0x00, 0x00, 0x60, 0x4C, 0x9F, 0x00, 0x30, 0x7E, 0x04, 0xE2, 0x4E, 0x65, 0x06, 0x51, 0xCF,
    0xFF, 0xFA, 0x4E, 0x75, 0x20, 0x79, 0x00, 0x00, 0x02, 0x3A, 0x43, 0xF9, 0x00, 0x00, 0x01, 0x2C,
    0x41, 0xF0, 0x50, 0x00, 0x36, 0x04, 0x53, 0x43, 0x42, 0x40, 0x2F, 0x08, 0x2F, 0x0A, 0x34, 0x05,
    0x53, 0x42, 0x10, 0x1A, 0x10, 0x31, 0x00, 0x00, 0x11, 0x00, 0x51, 0xCA, 0xFF, 0xF6, 0x24, 0x5F,
    0x34, 0x05, 0x53, 0x42, 0x14, 0xD8, 0x51, 0xCA, 0xFF, 0xFC, 0x20, 0x5F, 0x51, 0xCB, 0xFF, 0xDC,
    0x51, 0xCF, 0xFF, 0xB8, 0x4E, 0x75, 0x3E, 0x3C, 0x00, 0xFF, 0x42, 0x40, 0x41, 0xF9, 0x00, 0x00,
    0x01, 0x2C, 0x3F, 0x00, 0x7C, 0x07, 0x42, 0x41, 0xE2, 0x48, 0xE3, 0x51, 0x51, 0xCE, 0xFF, 0xFA,
    0x10, 0xC1, 0x30, 0x1F, 0x52, 0x40, 0x51, 0xCF, 0xFF, 0xEA, 0x4E, 0x75, 0x00, 0x00, 0x00, 0x00,
    0x00, 0x00, 0x00, 0x00, 0x00, 0x00, 0x00, 0x00, 0x00, 0x00, 0x00, 0x00, 0x00, 0x00, 0x00, 0x00,
    0x00, 0x00, 0x00, 0x00, 0x00, 0x00, 0x00, 0x00, 0x00, 0x00, 0x00, 0x00, 0x00, 0x00, 0x00, 0x00,
    0x00, 0x00, 0x00, 0x00, 0x00, 0x00, 0x00, 0x00, 0x00, 0x00, 0x00, 0x00, 0x00, 0x00, 0x00, 0x00,
    0x00, 0x00, 0x00, 0x00, 0x00, 0x00, 0x00, 0x00, 0x00, 0x00, 0x00, 0x00, 0x00, 0x00, 0x00, 0x00,
    0x00, 0x00, 0x00, 0x00, 0x00, 0x00, 0x00, 0x00, 0x00, 0x00, 0x00, 0x00, 0x00, 0x00, 0x00, 0x00,
    0x00, 0x00, 0x00, 0x00, 0x00, 0x00, 0x00, 0x00, 0x00, 0x00, 0x00, 0x00, 0x00, 0x00, 0x00, 0x00,
    0x00, 0x00, 0x00, 0x00, 0x00, 0x00, 0x00, 0x00, 0x00, 0x00, 0x00, 0x00, 0x00, 0x00, 0x00, 0x00,
    0x00, 0x00, 0x00, 0x00, 0x00, 0x00, 0x00, 0x00, 0x00, 0x00, 0x00, 0x00, 0x00, 0x00, 0x00, 0x00,
    0x00, 0x00, 0x00, 0x00, 0x00, 0x00, 0x00, 0x00, 0x00, 0x00, 0x00, 0x00, 0x00, 0x00, 0x00, 0x00,
    0x00, 0x00, 0x00, 0x00, 0x00, 0x00, 0x00, 0x00, 0x00, 0x00, 0x00, 0x00, 0x00, 0x00, 0x00, 0x00,
    0x00, 0x00, 0x00, 0x00, 0x00, 0x00, 0x00, 0x00, 0x00, 0x00, 0x00, 0x00, 0x00, 0x00, 0x00, 0x00,
    0x00, 0x00, 0x00, 0x00, 0x00, 0x00, 0x00, 0x00, 0x00, 0x00, 0x00, 0x00, 0x00, 0x00, 0x00, 0x00,
    0x00, 0x00, 0x00, 0x00, 0x00, 0x00, 0x00, 0x00, 0x00, 0x00, 0x00, 0x00, 0x00, 0x00, 0x00, 0x00,
    0x00, 0x00, 0x00, 0x00, 0x00, 0x00, 0x00, 0x00, 0x00, 0x00, 0x00, 0x00, 0x00, 0x00, 0x00, 0x00,
    0x00, 0x00, 0x00, 0x00, 0x00, 0x00, 0x00, 0x00, 0x00, 0x00, 0x00, 0x00, 0x00, 0x00, 0x00, 0x00,
    0x00, 0x00, 0x00, 0x00, 0x00, 0x00, 0x00, 0x00, 0x00, 0x00, 0x00, 0x00, 0x4A, 0x79, 0x00, 0x00,
    0x04, 0x62, 0x66, 0x0E, 0x48, 0xE7, 0xE0, 0x80, 0x4E, 0xB9, 0x00, 0x00, 0x00, 0x00, 0x4C, 0xDF,
    0x01, 0x07, 0x4A, 0x40, 0x6D, 0x00, 0x03, 0xB4, 0xB0, 0x50, 0x6C, 0x00, 0x03, 0xAE, 0xE3, 0x48,
    0x38, 0x00, 0xE5, 0x48, 0xD0, 0x44, 0x24, 0x68, 0x00, 0x02, 0xD1, 0xFC, 0x00, 0x00, 0x00, 0x0A,
    0x41, 0xF0, 0x00, 0x00, 0x28, 0x18, 0x45, 0xF2, 0x48, 0x00, 0x3A, 0x18, 0x06, 0x45, 0x00, 0x0F,
    0x02, 0x45, 0xFF, 0xF0, 0xE8, 0x4D, 0x38, 0x18, 0x42, 0x40, 0x10, 0x18, 0xE8, 0x48, 0x92, 0x40,
    0x1C, 0x18, 0x13, 0xC6, 0x00, 0x00, 0x00, 0x4C, 0x42, 0xB9, 0x00, 0x00, 0x00, 0x4E, 0x42, 0xB9,
    0x00, 0x00, 0x00, 0x52, 0x48, 0xA7, 0x0C, 0x00, 0xE3, 0x4D, 0xCA, 0xC4, 0x23, 0xC5, 0x00, 0x00,
    0x00, 0x60, 0x4C, 0x9F, 0x00, 0x30, 0x4A, 0x42, 0x6C, 0x00, 0x00, 0x16, 0xD8, 0x42, 0x6F, 0x00,
    0x03, 0x4A, 0x3C, 0x05, 0x44, 0x42, 0xCC, 0xC2, 0xE3, 0x4E, 0x45, 0xF2, 0x60, 0x00, 0x74, 0x00,
    0xB4, 0x79, 0x00, 0x00, 0x00, 0x5A, 0x6C, 0x00, 0x03, 0x32, 0x3C, 0x02, 0xDC, 0x44, 0x9C, 0x79,
    0x00, 0x00, 0x00, 0x5A, 0x6F, 0x00, 0x00, 0x04, 0x98, 0x46, 0x3C, 0x01, 0x02, 0x46, 0x00, 0x0F,
    0x33, 0xC6, 0x00, 0x00, 0x00, 0x64, 0x02, 0x41, 0xFF, 0xF0, 0xE6, 0x41, 0x3E, 0x05, 0xE3, 0x4F,
    0xDE, 0x41, 0x6D, 0x00, 0x03, 0x06, 0xB2, 0x79, 0x00, 0x00, 0x00, 0x5C, 0x6C, 0x00, 0x02, 0xFC,
    0x42, 0x79, 0x00, 0x00, 0x00, 0x56, 0x42, 0x79, 0x00, 0x00, 0x00, 0x58, 0x4A, 0x41, 0x6C, 0x00,
    0x00, 0x1E, 0x33, 0xFC, 0x00, 0x01, 0x00, 0x00, 0x00, 0x56, 0x54, 0x41, 0x33, 0xC1, 0x00, 0x00,
    0x00, 0x4E, 0xE2, 0x41, 0xDA, 0x41, 0x32, 0x3C, 0xFF, 0xFE, 0x60, 0x00, 0x00, 0x24, 0x3E, 0x05,
    0xE3, 0x4F, 0xDE, 0x41, 0x9E, 0x79, 0x00, 0x00, 0x00, 0x5C, 0x6D, 0x00, 0x00, 0x14, 0x33, 0xFC,
    0x00, 0x01, 0x00, 0x00, 0x00, 0x58, 0x33, 0xC7, 0x00, 0x00, 0x00, 0x52, 0xE2, 0x47, 0x9A, 0x47,
    0x4A, 0x79, 0x00, 0x00, 0x04, 0x5C, 0x67, 0x08, 0xC4, 0xF9, 0x00, 0x00, 0x00, 0x00, 0x60, 0x04,
    0xC4, 0xFC, 0x00, 0x28, 0xD2, 0x42, 0x02, 0x84, 0x00, 0x00, 0xFF, 0xFF, 0x02, 0x85, 0x00, 0x00,
    0xFF, 0xFF, 0x4A, 0x44, 0x67, 0x00, 0x02, 0x84, 0x4A, 0x45, 0x67, 0x00, 0x02, 0x7E, 0x48, 0xA7,
    0x4E, 0x00, 0x22, 0x79, 0x00, 0x00, 0x02, 0x3A, 0x26, 0x39, 0x00, 0x00, 0x00, 0x60, 0x1C, 0x39,
    0x00, 0x00, 0x00, 0x4C, 0x3E, 0x39, 0x00, 0x00, 0x00, 0x16, 0x30, 0x39, 0x00, 0x00, 0x00, 0x4E,
    0x44, 0x40, 0x45, 0xF2, 0x00, 0x00, 0x30, 0x39, 0x00, 0x00, 0x00, 0x4E, 0x44, 0x40, 0xD0, 0x79,
    0x00, 0x00, 0x00, 0x52, 0x48, 0xA7, 0x0C, 0x00, 0xE2, 0x4E, 0x64, 0x00, 0x00, 0x1C, 0x4A, 0x79,
    0x00, 0x00, 0x00, 0x18, 0x67, 0x08, 0x4E, 0xB9, 0x00, 0x00, 0x06, 0x78, 0x60, 0x06, 0x4E, 0xB9,
    0x00, 0x00, 0x05, 0xFC, 0x45, 0xF2, 0x38, 0x00, 0xD3, 0xFC, 0x00, 0x00, 0x12, 0xC0, 0x4C, 0x9F,
    0x00, 0x30, 0x51, 0xCF, 0xFF, 0xD0, 0x48, 0xA7, 0x0C, 0x00, 0xED, 0x4C, 0x88, 0x45, 0x20, 0x79,
    0x00, 0x00, 0x02, 0x3A, 0x20, 0x3C, 0x00, 0x00, 0x12, 0xC0, 0x43, 0xF0, 0x00, 0x00, 0x45, 0xF1,
    0x00, 0x00, 0x47, 0xF2, 0x00, 0x00, 0x49, 0xF3, 0x00, 0x00, 0x4B, 0xF4, 0x00, 0x00, 0x4E, 0xB9,
    0x00, 0x00, 0x06, 0xF0, 0x33, 0xFC, 0xFF, 0xFF, 0x00, 0xDF, 0xF0, 0x44, 0x33, 0xFC, 0xFF, 0xFF,
    0x00, 0xDF, 0xF0, 0x46, 0x30, 0x3C, 0x01, 0x00, 0x42, 0x79, 0x00, 0xDF, 0xF0, 0x42, 0x33, 0xFC,
    0x00, 0x02, 0x00, 0xDF, 0xF0, 0x64, 0x33, 0xFC, 0x00, 0x02, 0x00, 0xDF, 0xF0, 0x62, 0x33, 0xFC,
    0x00, 0x02, 0x00, 0xDF, 0xF0, 0x60, 0x33, 0xFC, 0x00, 0x02, 0x00, 0xDF, 0xF0, 0x66, 0x1A, 0x39,
    0x00, 0x00, 0x00, 0x4C, 0xE2, 0x0D, 0x64, 0x00, 0x00, 0x06, 0x00, 0x40, 0x08, 0xF0, 0xE2, 0x0D,
    0x64, 0x00, 0x00, 0x06, 0x00, 0x40, 0x04, 0xCC, 0xE2, 0x0D, 0x64, 0x00, 0x00, 0x06, 0x00, 0x40,
    0x02, 0xAA, 0x33, 0xC0, 0x00, 0xDF, 0xF0, 0x40, 0x23, 0xC8, 0x00, 0xDF, 0xF0, 0x50, 0x23, 0xC9,
    0x00, 0xDF, 0xF0, 0x4C, 0x23, 0xCA, 0x00, 0xDF, 0xF0, 0x48, 0x23, 0xCD, 0x00, 0xDF, 0xF0, 0x54,
    0x33, 0xC4, 0x00, 0xDF, 0xF0, 0x58, 0x30, 0x3C, 0x03, 0xAA, 0xE2, 0x0D, 0x64, 0x00, 0x00, 0x06,
    0x00, 0x40, 0x08, 0xF0, 0xE2, 0x0D, 0x64, 0x00, 0x00, 0x06, 0x00, 0x40, 0x04, 0xCC, 0x4E, 0xB9,
    0x00, 0x00, 0x06, 0xF0, 0x33, 0xC0, 0x00, 0xDF, 0xF0, 0x40, 0x23, 0xCB, 0x00, 0xDF, 0xF0, 0x50,
    0x23, 0xCC, 0x00, 0xDF, 0xF0, 0x4C, 0x23, 0xCD, 0x00, 0xDF, 0xF0, 0x48, 0x23, 0xCD, 0x00, 0xDF,
    0xF0, 0x54, 0x33, 0xC4, 0x00, 0xDF, 0xF0, 0x58, 0x4C, 0x97, 0x00, 0x30, 0x53, 0x44, 0xE3, 0x4D,
    0x41, 0xF0, 0x50, 0x00, 0x43, 0xF1, 0x50, 0x00, 0x45, 0xF2, 0x50, 0x00, 0x47, 0xF3, 0x50, 0x00,
    0x49, 0xF4, 0x50, 0x00, 0x4B, 0xF5, 0x50, 0x00, 0x42, 0x58, 0x42, 0x59, 0x42, 0x5A, 0x42, 0x5B,
    0x42, 0x5C, 0x42, 0x5D, 0x51, 0xCC, 0xFF, 0xDA, 0x4C, 0x9F, 0x00, 0x30, 0x4C, 0x9F, 0x00, 0x0F,
    0x3A, 0x00, 0x3C, 0x03, 0x4A, 0x79, 0x00, 0x00, 0x00, 0x58, 0x66, 0x00, 0x00, 0x04, 0x52, 0x42,
    0xED, 0x49, 0x82, 0x42, 0xD4, 0x42, 0x76, 0x28, 0x4A, 0x79, 0x00, 0x00, 0x04, 0x5C, 0x67, 0x06,
    0x36, 0x39, 0x00, 0x00, 0x00, 0x00, 0xDA, 0x79, 0x00, 0x00, 0x00, 0x5E, 0x96, 0x42, 0x4E, 0xB9,
    0x00, 0x00, 0x06, 0xF0, 0x7E, 0x00, 0x4A, 0x79, 0x00, 0x00, 0x00, 0x58, 0x67, 0x00, 0x00, 0x04,
    0x7E, 0x02, 0x33, 0xC7, 0x00, 0xDF, 0xF0, 0x64, 0x33, 0xC7, 0x00, 0xDF, 0xF0, 0x62, 0x33, 0xC3,
    0x00, 0xDF, 0xF0, 0x60, 0x33, 0xC3, 0x00, 0xDF, 0xF0, 0x66, 0x3E, 0x3C, 0x00, 0x0C, 0xEF, 0x6E,
    0x38, 0x06, 0x00, 0x46, 0x0F, 0xF2, 0x33, 0xC6, 0x00, 0xDF, 0xF0, 0x40, 0x33, 0xC4, 0x00, 0xDF,
    0xF0, 0x42, 0x00, 0x44, 0x07, 0x22, 0x33, 0xFC, 0xFF, 0xFF, 0x00, 0xDF, 0xF0, 0x44, 0x33, 0xFC,
    0xFF, 0xFF, 0x00, 0xDF, 0xF0, 0x46, 0x41, 0xF9, 0x00, 0x00, 0x00, 0x02, 0x22, 0x79, 0x00, 0x00,
    0x02, 0x3A, 0x28, 0x49, 0xD9, 0xFC, 0x00, 0x00, 0x5D, 0xC0, 0x1E, 0x39, 0x00, 0x00, 0x00, 0x4C,
    0x36, 0x39, 0x00, 0x00, 0x00, 0x16, 0x2A, 0x58, 0x4B, 0xF5, 0x50, 0x00, 0x61, 0x00, 0x01, 0x32,
    0x33, 0xC6, 0x00, 0xDF, 0xF0, 0x40, 0xE2, 0x4F, 0x65, 0x00, 0x00, 0x08, 0x33, 0xC4, 0x00, 0xDF,
    0xF0, 0x40, 0x23, 0xC9, 0x00, 0xDF, 0xF0, 0x50, 0x23, 0xCC, 0x00, 0xDF, 0xF0, 0x4C, 0x23, 0xCD,
    0x00, 0xDF, 0xF0, 0x48, 0x23, 0xCD, 0x00, 0xDF, 0xF0, 0x54, 0x33, 0xC1, 0x00, 0xDF, 0xF0, 0x58,
    0xD3, 0xFC, 0x00, 0x00, 0x12, 0xC0, 0x51, 0xCB, 0xFF, 0xBE, 0x4E, 0x75, 0x4E, 0xB9, 0x00, 0x00,
    0x06, 0xF0, 0x23, 0xCA, 0x00, 0xDF, 0xF0, 0x50, 0x23, 0xC9, 0x00, 0xDF, 0xF0, 0x54, 0x33, 0xC0,
    0x00, 0xDF, 0xF0, 0x64, 0x33, 0xFC, 0x00, 0x02, 0x00, 0xDF, 0xF0, 0x66, 0x33, 0xFC, 0x09, 0xF0,
    0x00, 0xDF, 0xF0, 0x40, 0x33, 0xFC, 0x00, 0x00, 0x00, 0xDF, 0xF0, 0x42, 0x33, 0xFC, 0xFF, 0xFF,
    0x00, 0xDF, 0xF0, 0x44, 0x33, 0xFC, 0xFF, 0xFF, 0x00, 0xDF, 0xF0, 0x46, 0x72, 0x00, 0x32, 0x3C,
    0xFF, 0xFF, 0x34, 0x39, 0x00, 0x00, 0x00, 0x64, 0xE5, 0xA9, 0x4A, 0x79, 0x00, 0x00, 0x00, 0x58,
    0x67, 0x00, 0x00, 0x08, 0x33, 0xC1, 0x00, 0xDF, 0xF0, 0x46, 0x4A, 0x79, 0x00, 0x00, 0x00, 0x56,
    0x67, 0x00, 0x00, 0x0A, 0x48, 0x41, 0x33, 0xC1, 0x00, 0xDF, 0xF0, 0x44, 0xED, 0x4C, 0x88, 0x45,
    0x33, 0xC4, 0x00, 0xDF, 0xF0, 0x58, 0x4E, 0x75, 0x48, 0xE7, 0x00, 0x60, 0x53, 0x44, 0x53, 0x45,
    0x48, 0xE7, 0x0C, 0x40, 0x32, 0x05, 0x32, 0xDA, 0x51, 0xC9, 0xFF, 0xFC, 0x45, 0xF2, 0x00, 0x00,
    0x54, 0x89, 0x51, 0xCC, 0xFF, 0xF0, 0x4C, 0xDF, 0x02, 0x30, 0x32, 0x39, 0x00, 0x00, 0x00, 0x58,
    0x82, 0x79, 0x00, 0x00, 0x00, 0x56, 0x67, 0x42, 0x72, 0x00, 0x32, 0x3C, 0xFF, 0xFF, 0x34, 0x39,
    0x00, 0x00, 0x00, 0x64, 0xE5, 0xA9, 0x74, 0xFF, 0x4A, 0x79, 0x00, 0x00, 0x00, 0x58, 0x67, 0x02,
    0x34, 0x01, 0x4A, 0x79, 0x00, 0x00, 0x00, 0x56, 0x67, 0x00, 0x00, 0x0A, 0x48, 0x41, 0x48, 0x42,
    0x34, 0x01, 0x60, 0x02, 0x48, 0x42, 0xDA, 0x45, 0xC5, 0x51, 0x48, 0x42, 0xC5, 0x71, 0x50, 0x00,
    0x48, 0x42, 0x43, 0xF1, 0x50, 0x04, 0x51, 0xCC, 0xFF, 0xF0, 0x4C, 0xDF, 0x06, 0x00, 0x4E, 0x75,
    0x08, 0x39, 0x00, 0x06, 0x00, 0xDF, 0xF0, 0x02, 0x66, 0xF6, 0x4E, 0x75, 0x49, 0x4D, 0x41, 0x47,
    0x45, 0x58, 0x43, 0x45, 0x4C, 0x20, 0x43, 0x6F, 0x64, 0x65, 0x20, 0x4D, 0x6F, 0x64, 0x75, 0x6C,
    0x65, 0x3A, 0x20, 0x53, 0x50, 0x52, 0x49, 0x54, 0x45, 0x2C, 0x20, 0x43, 0x6F, 0x70, 0x79, 0x72,
    0x69, 0x67, 0x68, 0x74, 0x20, 0x31, 0x39, 0x38, 0x38, 0x20, 0x62, 0x79, 0x20, 0x49, 0x4D, 0x41,
    0x47, 0x45, 0x58, 0x43, 0x45, 0x4C, 0x20, 0x56, 0x65, 0x72, 0x20, 0x32, 0x2E, 0x30, 0x00, 0x00,
};
static const IxReloc ix_program_h23_rel[66] = {
    { 0x00008, 24 },
    { 0x0000E, 23 },
    { 0x0001A, 24 },
    { 0x00020, 24 },
    { 0x00026, 24 },
    { 0x0002C, 24 },
    { 0x00032, 24 },
    { 0x0003C, 26 },
    { 0x00044, 26 },
    { 0x00050, 26 },
    { 0x000B0, 26 },
    { 0x000C6, 26 },
    { 0x000CC, 23 },
    { 0x0010E, 23 },
    { 0x0022E, 26 },
    { 0x0023A, 25 },
    { 0x00284, 26 },
    { 0x0028A, 26 },
    { 0x00290, 26 },
    { 0x0029E, 26 },
    { 0x002C2, 26 },
    { 0x002D0, 26 },
    { 0x002E2, 26 },
    { 0x002F8, 26 },
    { 0x00302, 26 },
    { 0x00308, 26 },
    { 0x00316, 26 },
    { 0x0031E, 26 },
    { 0x00336, 26 },
    { 0x00342, 26 },
    { 0x00348, 26 },
    { 0x00352, 26 },
    { 0x0035A, 24 },
    { 0x00384, 26 },
    { 0x0038A, 26 },
    { 0x00390, 26 },
    { 0x00396, 24 },
    { 0x0039C, 26 },
    { 0x003A8, 26 },
    { 0x003B0, 26 },
    { 0x003C0, 24 },
    { 0x003C8, 23 },
    { 0x003D0, 23 },
    { 0x003F0, 26 },
    { 0x00410, 23 },
    { 0x00450, 26 },
    { 0x004B0, 23 },
    { 0x00516, 26 },
    { 0x0052A, 26 },
    { 0x00532, 24 },
    { 0x00538, 26 },
    { 0x00540, 23 },
    { 0x00548, 26 },
    { 0x00598, 24 },
    { 0x0059E, 26 },
    { 0x005AC, 26 },
    { 0x005B2, 24 },
    { 0x005FE, 23 },
    { 0x00644, 26 },
    { 0x0064C, 26 },
    { 0x0065C, 26 },
    { 0x0069C, 26 },
    { 0x006A2, 26 },
    { 0x006B0, 26 },
    { 0x006BA, 26 },
    { 0x006C4, 26 },
};

static const uint8_t ix_program_h24[28] = {
    0x00, 0x00, 0x00, 0x00, 0x00, 0x00, 0x00, 0x00, 0x00, 0x00, 0x00, 0x00, 0x00, 0x00, 0x00, 0x00,
    0x00, 0x00, 0x00, 0x00, 0x00, 0x00, 0x00, 0x00, 0x00, 0x00, 0x00, 0x00,
};

static const uint8_t ix_program_h25[1064] = {
    0x48, 0xE7, 0xFF, 0xFE, 0x33, 0xFC, 0x00, 0x01, 0x00, 0x00, 0x04, 0x62, 0x20, 0x3C, 0x00, 0x00,
    0x00, 0x00, 0x4E, 0xB9, 0x00, 0x00, 0x01, 0x8E, 0x4E, 0xB9, 0x00, 0x00, 0x01, 0xD2, 0x4E, 0xB9,
    0x00, 0x00, 0x02, 0xAA, 0x4E, 0xB9, 0x00, 0x00, 0x02, 0xCC, 0x4E, 0xB9, 0x00, 0x00, 0x02, 0xBE,
    0x4C, 0xDF, 0x7F, 0xFF, 0x4E, 0x75, 0x4E, 0xB9, 0x00, 0x00, 0x04, 0x1A, 0x33, 0xFC, 0xFF, 0xFF,
    0x00, 0xDF, 0xF0, 0x44, 0x33, 0xFC, 0xFF, 0xFF, 0x00, 0xDF, 0xF0, 0x46, 0x23, 0xC8, 0x00, 0xDF,
    0xF0, 0x50, 0x23, 0xC9, 0x00, 0xDF, 0xF0, 0x54, 0x33, 0xC0, 0x00, 0xDF, 0xF0, 0x64, 0x33, 0xC1,
    0x00, 0xDF, 0xF0, 0x66, 0x33, 0xFC, 0x09, 0xF0, 0x00, 0xDF, 0xF0, 0x40, 0x33, 0xFC, 0x00, 0x00,
    0x00, 0xDF, 0xF0, 0x42, 0xED, 0x4B, 0x86, 0x42, 0x33, 0xC3, 0x00, 0xDF, 0xF0, 0x58, 0x4E, 0x75,
    0x4E, 0xB9, 0x00, 0x00, 0x04, 0x1A, 0x33, 0xFC, 0xFF, 0xFF, 0x00, 0xDF, 0xF0, 0x44, 0x33, 0xFC,
    0xFF, 0xFF, 0x00, 0xDF, 0xF0, 0x46, 0x33, 0xC0, 0x00, 0xDF, 0xF0, 0x64, 0x33, 0xC1, 0x00, 0xDF,
    0xF0, 0x66, 0x33, 0xFC, 0x09, 0xF0, 0x00, 0xDF, 0xF0, 0x40, 0x33, 0xFC, 0x00, 0x02, 0x00, 0xDF,
    0xF0, 0x42, 0x38, 0x02, 0xD8, 0x44, 0xC8, 0xC3, 0x3A, 0x00, 0xCA, 0xC3, 0x9A, 0x40, 0x3C, 0x01,
    0xCC, 0xC3, 0x9C, 0x41, 0xDA, 0x84, 0xDC, 0x84, 0x41, 0xF0, 0x58, 0xFE, 0x43, 0xF1, 0x68, 0xFE,
    0x23, 0xC8, 0x00, 0xDF, 0xF0, 0x50, 0x23, 0xC9, 0x00, 0xDF, 0xF0, 0x54, 0xED, 0x4B, 0x86, 0x42,
    0x33, 0xC3, 0x00, 0xDF, 0xF0, 0x58, 0x4E, 0x75, 0x4E, 0xB9, 0x00, 0x00, 0x04, 0x1A, 0x33, 0xFC,
    0xFF, 0xFF, 0x00, 0xDF, 0xF0, 0x44, 0x33, 0xFC, 0xFF, 0xFF, 0x00, 0xDF, 0xF0, 0x46, 0x23, 0xC8,
    0x00, 0xDF, 0xF0, 0x50, 0x23, 0xCA, 0x00, 0xDF, 0xF0, 0x4C, 0x23, 0xC9, 0x00, 0xDF, 0xF0, 0x48,
    0x23, 0xC9, 0x00, 0xDF, 0xF0, 0x54, 0x33, 0xC0, 0x00, 0xDF, 0xF0, 0x64, 0x33, 0xC4, 0x00, 0xDF,
    0xF0, 0x62, 0x33, 0xC1, 0x00, 0xDF, 0xF0, 0x60, 0x33, 0xC1, 0x00, 0xDF, 0xF0, 0x66, 0x33, 0xFC,
    0x0F, 0xE2, 0x00, 0xDF, 0xF0, 0x40, 0x33, 0xFC, 0x00, 0x00, 0x00, 0xDF, 0xF0, 0x42, 0xED, 0x4B,
    0x86, 0x42, 0x33, 0xC3, 0x00, 0xDF, 0xF0, 0x58, 0x4E, 0x75, 0x4E, 0xB9, 0x00, 0x00, 0x04, 0x1A,
    0x33, 0xFC, 0xFF, 0xFF, 0x00, 0xDF, 0xF0, 0x44, 0x33, 0xFC, 0xFF, 0xFF, 0x00, 0xDF, 0xF0, 0x46,
    0x33, 0xC0, 0x00, 0xDF, 0xF0, 0x74, 0x23, 0xC8, 0x00, 0xDF, 0xF0, 0x54, 0x33, 0xC1, 0x00, 0xDF,
    0xF0, 0x66, 0x33, 0xFC, 0x01, 0xF0, 0x00, 0xDF, 0xF0, 0x40, 0x33, 0xFC, 0x00, 0x00, 0x00, 0xDF,
    0xF0, 0x42, 0xED, 0x4B, 0x86, 0x42, 0x33, 0xC3, 0x00, 0xDF, 0xF0, 0x58, 0x4E, 0x75, 0x23, 0xC0,
    0x00, 0x00, 0x02, 0x32, 0x06, 0x80, 0x00, 0x00, 0x10, 0x00, 0x23, 0xC0, 0x00, 0x00, 0x02, 0x2E,
    0x06, 0x80, 0x00, 0x00, 0x22, 0x2E, 0x23, 0xC0, 0x00, 0x00, 0x02, 0x36, 0x06, 0x80, 0x00, 0x00,
    0x10, 0x00, 0x23, 0xC0, 0x00, 0x00, 0x02, 0x3A, 0x06, 0x80, 0x00, 0x00, 0x4B, 0x00, 0x06, 0x80,
    0x00, 0x00, 0x12, 0xC0, 0x23, 0xC0, 0x00, 0x00, 0x02, 0x3E, 0x06, 0x80, 0x00, 0x00, 0x12, 0xC0,
    0x4E, 0x75, 0x22, 0x79, 0x00, 0x00, 0x02, 0x32, 0x30, 0x3C, 0x02, 0x00, 0x23, 0xC9, 0x00, 0x00,
    0x01, 0xEE, 0x43, 0xF1, 0x00, 0x00, 0x23, 0xC9, 0x00, 0x00, 0x01, 0xF2, 0x43, 0xF1, 0x00, 0x00,
    0x23, 0xC9, 0x00, 0x00, 0x01, 0xF6, 0x43, 0xF1, 0x00, 0x00, 0x23, 0xC9, 0x00, 0x00, 0x01, 0xFA,
    0x43, 0xF1, 0x00, 0x00, 0x23, 0xC9, 0x00, 0x00, 0x01, 0xFE, 0x43, 0xF1, 0x00, 0x00, 0x23, 0xC9,
    0x00, 0x00, 0x02, 0x02, 0x43, 0xF1, 0x00, 0x00, 0x23, 0xC9, 0x00, 0x00, 0x02, 0x06, 0x43, 0xF1,
    0x00, 0x00, 0x23, 0xC9, 0x00, 0x00, 0x02, 0x0A, 0x41, 0xF9, 0x00, 0x00, 0x01, 0x98, 0x22, 0x79,
    0x00, 0x00, 0x02, 0x32, 0x70, 0x00, 0x2F, 0x08, 0x7E, 0x00, 0x7C, 0x00, 0x1E, 0x18, 0x1C, 0x18,
    0x48, 0xA7, 0x03, 0x00, 0x74, 0x00, 0x12, 0x18, 0xE2, 0x0A, 0x03, 0x00, 0x67, 0x00, 0x00, 0x06,
    0x00, 0x02, 0x00, 0x80, 0x51, 0xCF, 0xFF, 0xF0, 0x12, 0x82, 0x74, 0x00, 0x12, 0x18, 0xE3, 0x0A,
    0x03, 0x00, 0x67, 0x00, 0x00, 0x06, 0x00, 0x02, 0x00, 0x01, 0x51, 0xCE, 0xFF, 0xF0, 0x4C, 0x9F,
    0x00, 0xC0, 0xDE, 0x06, 0x54, 0x07, 0x0C, 0x07, 0x00, 0x08, 0x6C, 0x00, 0x00, 0x08, 0x7C, 0x08,
    0x9C, 0x07, 0xED, 0x2A, 0xD3, 0xFC, 0x00, 0x00, 0x01, 0x00, 0x12, 0xC2, 0x93, 0xFC, 0x00, 0x00,
    0x01, 0x00, 0x24, 0x48, 0x20, 0x5F, 0x52, 0x00, 0x66, 0x9C, 0xD3, 0xFC, 0x00, 0x00, 0x01, 0x00,
    0x20, 0x4A, 0x0C, 0x10, 0x00, 0x63, 0x66, 0x8C, 0x4E, 0x75, 0x41, 0xF9, 0x00, 0x00, 0x02, 0x44,
    0x22, 0x79, 0x00, 0x00, 0x02, 0x2E, 0x4C, 0x98, 0x00, 0x03, 0x0C, 0x40, 0x00, 0x63, 0x67, 0x00,
    0x01, 0x58, 0xD0, 0x40, 0x33, 0x81, 0x00, 0x00, 0x60, 0xEC, 0x4E, 0x75, 0x20, 0x79, 0x00, 0x00,
    0x02, 0x36, 0x30, 0x3C, 0x02, 0x00, 0x23, 0xC8, 0x00, 0x00, 0x02, 0x0E, 0x41, 0xF0, 0x00, 0x00,
    0x23, 0xC8, 0x00, 0x00, 0x02, 0x12, 0x41, 0xF0, 0x00, 0x00, 0x23, 0xC8, 0x00, 0x00, 0x02, 0x16,
    0x41, 0xF0, 0x00, 0x00, 0x23, 0xC8, 0x00, 0x00, 0x02, 0x1A, 0x41, 0xF0, 0x00, 0x00, 0x23, 0xC8,
    0x00, 0x00, 0x02, 0x1E, 0x41, 0xF0, 0x00, 0x00, 0x23, 0xC8, 0x00, 0x00, 0x02, 0x22, 0x41, 0xF0,
    0x00, 0x00, 0x23, 0xC8, 0x00, 0x00, 0x02, 0x26, 0x41, 0xF0, 0x00, 0x00, 0x23, 0xC8, 0x00, 0x00,
    0x02, 0x2A, 0x41, 0xF9, 0x00, 0x00, 0x02, 0xA8, 0x22, 0x79, 0x00, 0x00, 0x02, 0x36, 0x7E, 0x07,
    0x7C, 0x09, 0x70, 0x00, 0x2F, 0x08, 0x3F, 0x06, 0x53, 0x46, 0x74, 0x00, 0x12, 0x18, 0xE3, 0x4A,
    0x03, 0x00, 0x67, 0x00, 0x00, 0x06, 0x00, 0x02, 0x00, 0x01, 0x51, 0xCE, 0xFF, 0xF0, 0x3C, 0x1F,
    0x3A, 0x3C, 0x00, 0x10, 0x9A, 0x46, 0xEB, 0x6A, 0x32, 0xC2, 0x20, 0x5F, 0x52, 0x00, 0x66, 0xD4,
    0x41, 0xF0, 0x60, 0x00, 0x52, 0x46, 0x51, 0xCF, 0xFF, 0xCA, 0x4E, 0x75, 0x4E, 0xB9, 0x00, 0x00,
    0x04, 0x1A, 0x7E, 0x00, 0x33, 0xC7, 0x00, 0xDF, 0xF0, 0x64, 0x33, 0xC7, 0x00, 0xDF, 0xF0, 0x62,
    0x33, 0xC3, 0x00, 0xDF, 0xF0, 0x60, 0x33, 0xC3, 0x00, 0xDF, 0xF0, 0x66, 0x3E, 0x3C, 0x00, 0x0C,
    0xEF, 0x6E, 0x38, 0x06, 0x00, 0x46, 0x0F, 0xF2, 0x33, 0xC6, 0x00, 0xDF, 0xF0, 0x40, 0x33, 0xC4,
    0x00, 0xDF, 0xF0, 0x42, 0x00, 0x44, 0x07, 0x22, 0x33, 0xFC, 0xFF, 0xFF, 0x00, 0xDF, 0xF0, 0x44,
    0x33, 0xFC, 0xFF, 0xFF, 0x00, 0xDF, 0xF0, 0x46, 0x41, 0xF9, 0x00, 0x00, 0x00, 0x02, 0x22, 0x79,
    0x00, 0x00, 0x02, 0x3A, 0x28, 0x79, 0x00, 0x00, 0x02, 0x3E, 0x1E, 0x39, 0x00, 0x00, 0x00, 0x4C,
    0x36, 0x3C, 0x00, 0x03, 0x2A, 0x58, 0x4B, 0xF5, 0x50, 0x00, 0x61, 0x00, 0x00, 0x3E, 0x33, 0xC6,
    0x00, 0xDF, 0xF0, 0x40, 0xE2, 0x4F, 0x65, 0x00, 0x00, 0x08, 0x33, 0xC4, 0x00, 0xDF, 0xF0, 0x40,
    0x23, 0xC9, 0x00, 0xDF, 0xF0, 0x50, 0x23, 0xCC, 0x00, 0xDF, 0xF0, 0x4C, 0x23, 0xCD, 0x00, 0xDF,
    0xF0, 0x48, 0x23, 0xCD, 0x00, 0xDF, 0xF0, 0x54, 0x33, 0xC1, 0x00, 0xDF, 0xF0, 0x58, 0xD3, 0xFC,
    0x00, 0x00, 0x12, 0xC0, 0x51, 0xCB, 0xFF, 0xBE, 0x4E, 0x75, 0x08, 0x39, 0x00, 0x06, 0x00, 0xDF,
    0xF0, 0x02, 0x66, 0xF6, 0x4E, 0x75, 0x00, 0x00,
};
static const IxReloc ix_program_h25_rel[45] = {
    { 0x00008, 26 },
    { 0x0000E, 27 },
    { 0x00014, 25 },
    { 0x0001A, 25 },
    { 0x00020, 25 },
    { 0x00026, 25 },
    { 0x0002C, 21 },
    { 0x00038, 25 },
    { 0x00082, 25 },
    { 0x000EA, 25 },
    { 0x0014C, 25 },
    { 0x00190, 26 },
    { 0x0019C, 26 },
    { 0x001A8, 26 },
    { 0x001B4, 26 },
    { 0x001C6, 26 },
    { 0x001D4, 26 },
    { 0x001DE, 26 },
    { 0x001E8, 26 },
    { 0x001F2, 26 },
    { 0x001FC, 26 },
    { 0x00206, 26 },
    { 0x00210, 26 },
    { 0x0021A, 26 },
    { 0x00224, 26 },
    { 0x0022A, 26 },
    { 0x00230, 26 },
    { 0x002AC, 26 },
    { 0x002B2, 26 },
    { 0x002CE, 26 },
    { 0x002D8, 26 },
    { 0x002E2, 26 },
    { 0x002EC, 26 },
    { 0x002F6, 26 },
    { 0x00300, 26 },
    { 0x0030A, 26 },
    { 0x00314, 26 },
    { 0x0031E, 26 },
    { 0x00324, 26 },
    { 0x0032A, 26 },
    { 0x0036E, 25 },
    { 0x003BA, 24 },
    { 0x003C0, 26 },
    { 0x003C6, 26 },
    { 0x003CC, 26 },
};

static const uint8_t ix_program_h26[1124] = {
    0x49, 0x4D, 0x41, 0x47, 0x45, 0x58, 0x43, 0x45, 0x4C, 0x20, 0x43, 0x6F, 0x64, 0x65, 0x20, 0x4D,
    0x6F, 0x64, 0x75, 0x6C, 0x65, 0x3A, 0x20, 0x53, 0x50, 0x52, 0x49, 0x54, 0x45, 0x2C, 0x20, 0x43,
    0x6F, 0x70, 0x79, 0x72, 0x69, 0x67, 0x68, 0x74, 0x20, 0x31, 0x39, 0x38, 0x38, 0x20, 0x62, 0x79,
    0x20, 0x49, 0x4D, 0x41, 0x47, 0x45, 0x58, 0x43, 0x45, 0x4C, 0x20, 0x56, 0x65, 0x72, 0x20, 0x32,
    0x2E, 0x30, 0x00, 0x00, 0x00, 0x00, 0x00, 0x00, 0x00, 0x00, 0x00, 0x00, 0x00, 0x00, 0x00, 0x00,
    0x00, 0x00, 0x00, 0x00, 0x00, 0x00, 0x00, 0x00, 0x00, 0x00, 0x00, 0xC8, 0x00, 0x28, 0x00, 0x00,
    0x00, 0x00, 0x00, 0x00, 0x00, 0x00, 0x2B, 0x01, 0xFF, 0xFE, 0x01, 0x80, 0x00, 0x00, 0x01, 0x82,
    0x00, 0x00, 0x01, 0x84, 0x00, 0x00, 0x01, 0x86, 0x00, 0x00, 0x01, 0x88, 0x00, 0x00, 0x01, 0x8A,
    0x00, 0x00, 0x01, 0x8C, 0x00, 0x00, 0x01, 0x8E, 0x00, 0x00, 0x01, 0x90, 0x00, 0x00, 0x01, 0x92,
    0x00, 0x00, 0x01, 0x94, 0x00, 0x00, 0x01, 0x96, 0x00, 0x00, 0x01, 0x98, 0x00, 0x00, 0x01, 0x9A,
    0x00, 0x00, 0x01, 0x9C, 0x00, 0x00, 0x01, 0x9E, 0x00, 0x00, 0x00, 0x8E, 0x05, 0x81, 0x01, 0x00,
    0x02, 0x00, 0x01, 0x04, 0x00, 0x24, 0x00, 0x90, 0x40, 0xC1, 0x00, 0x92, 0x00, 0x38, 0x00, 0x94,
    0x00, 0xD0, 0x01, 0x02, 0x00, 0x00, 0x01, 0x08, 0x00, 0x00, 0x01, 0x0A, 0x00, 0x00, 0x00, 0xE0,
    0x00, 0x00, 0x00, 0xE2, 0x00, 0x00, 0x00, 0xE4, 0x00, 0x00, 0x00, 0xE6, 0x00, 0x00, 0x00, 0xE8,
    0x00, 0x00, 0x00, 0xEA, 0x00, 0x00, 0x00, 0xEC, 0x00, 0x00, 0x00, 0xEE, 0x00, 0x00, 0x2C, 0x01,
    0xFF, 0xFE, 0x01, 0x00, 0x42, 0x00, 0xA0, 0x01, 0xFF, 0x00, 0x01, 0x80, 0x00, 0x00, 0x01, 0x82,
    0x00, 0x00, 0x01, 0x84, 0x00, 0x00, 0x01, 0x86, 0x00, 0x00, 0x01, 0x88, 0x00, 0x00, 0x01, 0x8A,
    0x00, 0x00, 0x01, 0x8C, 0x00, 0x00, 0x01, 0x8E, 0x00, 0x00, 0x01, 0x90, 0x00, 0x00, 0x01, 0x92,
    0x00, 0x00, 0x01, 0x94, 0x00, 0x00, 0x01, 0x96, 0x00, 0x00, 0x01, 0x98, 0x00, 0x00, 0x01, 0x9A,
    0x00, 0x00, 0x01, 0x9C, 0x00, 0x00, 0x01, 0x9E, 0x00, 0x00, 0xF4, 0x01, 0xFF, 0xFE, 0x01, 0x00,
    0x02, 0x00, 0xFF, 0xFF, 0xFF, 0xFE, 0x00, 0x00, 0x00, 0x00, 0x00, 0x00, 0x00, 0x00, 0x00, 0x00,
    0x00, 0x00, 0x00, 0x00, 0x00, 0x00, 0x00, 0x00, 0x00, 0x00, 0x00, 0x00, 0x00, 0x00, 0x00, 0x00,
    0x00, 0x00, 0x00, 0x00, 0x00, 0x00, 0x00, 0x00, 0x00, 0x00, 0x00, 0x00, 0x00, 0x00, 0x00, 0x00,
    0x00, 0x00, 0x00, 0x00, 0x00, 0x00, 0x00, 0x00, 0x00, 0x00, 0x00, 0x00, 0x00, 0x00, 0x00, 0x00,
    0x00, 0x00, 0x00, 0x00, 0x00, 0x00, 0x00, 0x00, 0x00, 0x00, 0x00, 0x00, 0x00, 0x00, 0x00, 0x00,
    0x00, 0x00, 0x00, 0x00, 0x00, 0x00, 0x00, 0x00, 0x01, 0x02, 0x03, 0x05, 0x07, 0x04, 0x01, 0x02,
    0x02, 0x00, 0x03, 0x06, 0x06, 0x03, 0x00, 0x03, 0x02, 0x00, 0x02, 0x05, 0x07, 0x05, 0x03, 0x01,
    0x03, 0x03, 0x01, 0x03, 0x05, 0x07, 0x07, 0x05, 0x03, 0x01, 0x03, 0x04, 0x01, 0x03, 0x05, 0x07,
    0x07, 0x06, 0x05, 0x03, 0x01, 0x04, 0x04, 0x01, 0x03, 0x04, 0x05, 0x07, 0x07, 0x05, 0x04, 0x03,
    0x01, 0x05, 0x04, 0x00, 0x01, 0x03, 0x05, 0x06, 0x07, 0x07, 0x05, 0x04, 0x03, 0x01, 0x05, 0x05,
    0x00, 0x01, 0x03, 0x05, 0x06, 0x07, 0x07, 0x06, 0x05, 0x04, 0x03, 0x01, 0x63, 0x63, 0x00, 0x00,
    0x00, 0x00, 0x00, 0x00, 0x00, 0x00, 0x00, 0x00, 0x00, 0x00, 0x00, 0x00, 0x00, 0x00, 0x00, 0x00,
    0x00, 0x00, 0x00, 0x00, 0x00, 0x00, 0x00, 0x00, 0x00, 0x00, 0x00, 0x00, 0x00, 0x00, 0x00, 0x00,
    0x00, 0x00, 0x00, 0x00, 0x00, 0x00, 0x00, 0x00, 0x00, 0x00, 0x00, 0x00, 0x00, 0x00, 0x00, 0x00,
    0x00, 0x00, 0x00, 0x00, 0x00, 0x00, 0x00, 0x00, 0x00, 0x00, 0x00, 0x00, 0x00, 0x00, 0x00, 0x00,
    0x00, 0x00, 0x00, 0x00, 0x00, 0x00, 0x00, 0x00, 0x00, 0x00, 0x00, 0x00, 0x00, 0x00, 0x00, 0x00,
    0x00, 0x00, 0x00, 0x00, 0x00, 0x00, 0x00, 0x00, 0x00, 0x01, 0x10, 0x00, 0x01, 0x00, 0x20, 0x00,
    0x01, 0x01, 0x30, 0x00, 0x00, 0x20, 0x40, 0x00, 0x00, 0x21, 0x60, 0x00, 0x04, 0x00, 0x80, 0x00,
    0x04, 0x01, 0xA0, 0x00, 0x04, 0x20, 0xC0, 0x00, 0x04, 0x21, 0xE0, 0x00, 0x00, 0x10, 0x20, 0x00,
    0x00, 0x11, 0x30, 0x00, 0x01, 0x00, 0x40, 0x00, 0x01, 0x01, 0x50, 0x00, 0x01, 0x10, 0x60, 0x00,
    0x01, 0x11, 0x70, 0x00, 0x10, 0x00, 0x80, 0x00, 0x10, 0x01, 0x90, 0x00, 0x10, 0x10, 0xA0, 0x00,
    0x10, 0x11, 0xB0, 0x00, 0x11, 0x00, 0xC0, 0x00, 0x11, 0x01, 0xD0, 0x00, 0x11, 0x10, 0xE0, 0x00,
    0x11, 0x11, 0xF0, 0x00, 0x00, 0x63, 0x00, 0x63, 0x07, 0x06, 0x05, 0x04, 0x04, 0x03, 0x02, 0x01,
    0x00, 0x07, 0x06, 0x05, 0x05, 0x04, 0x03, 0x02, 0x02, 0x01, 0x00, 0x07, 0x06, 0x06, 0x05, 0x04,
    0x04, 0x03, 0x02, 0x02, 0x01, 0x00, 0x07, 0x07, 0x06, 0x05, 0x05, 0x04, 0x03, 0x03, 0x02, 0x01,
    0x01, 0x00, 0x07, 0x07, 0x06, 0x05, 0x05, 0x04, 0x04, 0x03, 0x03, 0x02, 0x01, 0x01, 0x00, 0x07,
    0x07, 0x06, 0x05, 0x05, 0x04, 0x04, 0x03, 0x03, 0x02, 0x02, 0x01, 0x01, 0x00, 0x07, 0x07, 0x06,
    0x05, 0x05, 0x04, 0x04, 0x03, 0x03, 0x02, 0x02, 0x01, 0x01, 0x00, 0x00, 0x07, 0x07, 0x06, 0x06,
    0x05, 0x05, 0x04, 0x04, 0x03, 0x03, 0x02, 0x02, 0x01, 0x01, 0x00, 0x00, 0x00, 0x00, 0x04, 0x18,
    0x00, 0x00, 0x04, 0x18, 0x00, 0x00, 0x00, 0x00, 0x00, 0x00, 0x00, 0x00, 0x00, 0x00, 0x00, 0x00,
    0x00, 0x00, 0x00, 0x00, 0x00, 0x00, 0x01, 0x01, 0x11, 0x11, 0x49, 0x49, 0x55, 0x55, 0x75, 0x75,
    0x77, 0x77, 0xF7, 0xF7, 0xFF, 0xFF, 0x00, 0x00, 0x00, 0x00, 0x00, 0x00, 0x03, 0x5A, 0x00, 0x00,
    0x03, 0x64, 0x00, 0x00, 0x03, 0x76, 0x00, 0x00, 0x03, 0x90, 0x00, 0x00, 0x03, 0xB2, 0x00, 0x00,
    0x03, 0xD4, 0x00, 0x00, 0x03, 0xF6, 0x00, 0x00, 0x04, 0x18, 0x00, 0x00, 0x00, 0x07, 0x00, 0x00,
    0x00, 0x07, 0xFF, 0xFF, 0x00, 0x00, 0x00, 0x03, 0x00, 0x00, 0x00, 0x03, 0x00, 0x00, 0x00, 0x03,
    0x00, 0x00, 0x00, 0x03, 0xFF, 0xFF, 0x00, 0x00, 0x00, 0x02, 0x00, 0x00, 0x00, 0x02, 0x00, 0x00,
    0x00, 0x01, 0x00, 0x00, 0x00, 0x02, 0x00, 0x00, 0x00, 0x02, 0x00, 0x00, 0x00, 0x01, 0xFF, 0xFF,
    0x00, 0x00, 0x00, 0x01, 0x00, 0x00, 0x00, 0x01, 0x00, 0x00, 0x00, 0x01, 0x00, 0x00, 0x00, 0x01,
    0x00, 0x00, 0x00, 0x01, 0x00, 0x00, 0x00, 0x01, 0x00, 0x00, 0x00, 0x01, 0x00, 0x00, 0x00, 0x01,
    0xFF, 0xFF, 0x00, 0x00, 0x00, 0x01, 0x00, 0x00, 0x00, 0x01, 0x00, 0x00, 0x00, 0x00, 0x00, 0x00,
    0x00, 0x01, 0x00, 0x00, 0x00, 0x01, 0x00, 0x00, 0x00, 0x01, 0x00, 0x00, 0x00, 0x00, 0x00, 0x00,
    0x00, 0x01, 0xFF, 0xFF, 0x00, 0x00, 0x00, 0x00, 0x00, 0x00, 0x00, 0x01, 0x00, 0x00, 0x00, 0x00,
    0x00, 0x00, 0x00, 0x01, 0x00, 0x00, 0x00, 0x00, 0x00, 0x00, 0x00, 0x01, 0x00, 0x00, 0x00, 0x00,
    0x00, 0x00, 0x00, 0x01, 0xFF, 0xFF, 0x00, 0x00, 0x00, 0x00, 0x00, 0x00, 0x00, 0x01, 0x00, 0x00,
    0x00, 0x00, 0x00, 0x00, 0x00, 0x00, 0x00, 0x00, 0x00, 0x00, 0x00, 0x00, 0x00, 0x01, 0x00, 0x00,
    0x00, 0x00, 0x00, 0x00, 0x00, 0x00, 0xFF, 0xFF, 0x00, 0x00, 0x00, 0x00, 0x00, 0x00, 0x00, 0x00,
    0x00, 0x00, 0x00, 0x00, 0x00, 0x00, 0x00, 0x00, 0x00, 0x00, 0x00, 0x00, 0x00, 0x00, 0x00, 0x00,
    0x00, 0x00, 0x00, 0x00, 0x00, 0x00, 0x00, 0x00, 0xFF, 0xFF, 0x00, 0x00, 0x01, 0x00, 0x10, 0x10,
    0x10, 0x84, 0x22, 0x22, 0x48, 0x92, 0x49, 0x49, 0xA5, 0x2A, 0xAA, 0xAA, 0xAA, 0xEA, 0xBA, 0xBA,
    0xEB, 0xBA, 0xEB, 0xFA, 0x7F, 0x7E, 0x7F, 0x7F, 0xFF, 0x7F, 0xFF, 0xFF, 0x00, 0x00, 0x00, 0x00,
    0x00, 0x00, 0x00, 0x00,
};
static const IxReloc ix_program_h26_rel[10] = {
    { 0x0030C, 25 },
    { 0x00310, 25 },
    { 0x0033A, 26 },
    { 0x0033E, 26 },
    { 0x00342, 26 },
    { 0x00346, 26 },
    { 0x0034A, 26 },
    { 0x0034E, 26 },
    { 0x00352, 26 },
    { 0x00356, 26 },
};


static const uint8_t ix_program_h28[1024] = {
    0x00, 0x00, 0x00, 0x00, 0x00, 0x00, 0x00, 0x00, 0x00, 0x00, 0x00, 0x00, 0x00, 0x00, 0x00, 0x00,
    0x00, 0x00, 0x00, 0x00, 0x00, 0x00, 0x00, 0x00, 0x00, 0x00, 0x00, 0x00, 0x00, 0x00, 0x00, 0x00,
    0x00, 0x00, 0x00, 0x00, 0x00, 0x00, 0x00, 0x00, 0x00, 0x00, 0x00, 0x00, 0x00, 0x00, 0x00, 0x00,
    0x00, 0x00, 0x00, 0x00, 0x00, 0x00, 0x00, 0x00, 0x00, 0x00, 0x00, 0x00, 0x00, 0x00, 0x00, 0x00,
    0x00, 0x00, 0x00, 0x00, 0x00, 0x00, 0x00, 0x00, 0x00, 0x00, 0x00, 0x00, 0x00, 0x00, 0x00, 0x00,
    0x00, 0x00, 0x00, 0x00, 0x00, 0x00, 0x00, 0x00, 0x00, 0x00, 0x00, 0x00, 0x00, 0x00, 0x00, 0x00,
    0x00, 0x00, 0x00, 0x00, 0x00, 0x00, 0x00, 0x00, 0x00, 0x00, 0x00, 0x00, 0x00, 0x00, 0x00, 0x00,
    0x00, 0x00, 0x00, 0x00, 0x00, 0x00, 0x00, 0x00, 0x00, 0x00, 0x00, 0x00, 0x00, 0x00, 0x00, 0x00,
    0x00, 0x00, 0x00, 0x00, 0x00, 0x00, 0x00, 0x00, 0x00, 0x00, 0x00, 0x00, 0x00, 0x00, 0x00, 0x00,
    0x00, 0x00, 0x00, 0x00, 0x00, 0x00, 0x00, 0x00, 0x00, 0x00, 0x00, 0x00, 0x00, 0x00, 0x00, 0x00,
    0x00, 0x00, 0x00, 0x00, 0x00, 0x00, 0x00, 0x00, 0x00, 0x00, 0x00, 0x00, 0x00, 0x00, 0x00, 0x00,
    0x00, 0x00, 0x00, 0x00, 0x00, 0x00, 0x00, 0x00, 0x00, 0x00, 0x00, 0x00, 0x00, 0x00, 0x00, 0x00,
    0x00, 0x00, 0x00, 0x00, 0x00, 0x00, 0x00, 0x00, 0x00, 0x00, 0x00, 0x00, 0x00, 0x00, 0x00, 0x00,
    0x00, 0x00, 0x00, 0x00, 0x00, 0x00, 0x00, 0x00, 0x00, 0x00, 0x00, 0x00, 0x00, 0x00, 0x00, 0x00,
    0x00, 0x00, 0x00, 0x00, 0x00, 0x00, 0x00, 0x00, 0x00, 0x00, 0x00, 0x00, 0x00, 0x00, 0x00, 0x00,
    0x00, 0x00, 0x00, 0x00, 0x00, 0x00, 0x00, 0x00, 0x00, 0x00, 0x00, 0x00, 0x00, 0x00, 0x00, 0x00,
    0x00, 0x00, 0x00, 0x00, 0x00, 0x00, 0x00, 0x00, 0x18, 0x3C, 0x3C, 0x18, 0x18, 0x00, 0x18, 0x00,
    0x6C, 0x6C, 0x00, 0x00, 0x00, 0x00, 0x00, 0x00, 0x6C, 0x6C, 0xFE, 0x6C, 0xFE, 0x6C, 0x6C, 0x00,
    0x18, 0x3E, 0x60, 0x3C, 0x06, 0x7C, 0x18, 0x00, 0x00, 0xC6, 0xCC, 0x18, 0x30, 0x66, 0xC6, 0x00,
    0x38, 0x6C, 0x68, 0x76, 0xDC, 0xCC, 0x76, 0x00, 0x18, 0x18, 0x30, 0x00, 0x00, 0x00, 0x00, 0x00,
    0x0C, 0x18, 0x30, 0x30, 0x30, 0x18, 0x0C, 0x00, 0x30, 0x18, 0x0C, 0x0C, 0x0C, 0x18, 0x30, 0x00,
    0x00, 0x66, 0x3C, 0xFF, 0x3C, 0x66, 0x00, 0x00, 0x00, 0x18, 0x18, 0x7E, 0x18, 0x18, 0x00, 0x00,
    0x00, 0x00, 0x00, 0x00, 0x00, 0x18, 0x18, 0x30, 0x00, 0x00, 0x00, 0x7E, 0x00, 0x00, 0x00, 0x00,
    0x00, 0x00, 0x00, 0x00, 0x00, 0x18, 0x18, 0x00, 0x03, 0x06, 0x0C, 0x18, 0x30, 0x60, 0xC0, 0x00,
    0x3C, 0x66, 0x6E, 0x7E, 0x76, 0x66, 0x3C, 0x00, 0x18, 0x38, 0x18, 0x18, 0x18, 0x18, 0x7E, 0x00,
    0x3C, 0x66, 0x06, 0x1C, 0x30, 0x66, 0x7E, 0x00, 0x3C, 0x66, 0x06, 0x1C, 0x06, 0x66, 0x3C, 0x00,
    0x1C, 0x3C, 0x6C, 0xCC, 0xFE, 0x0C, 0x1E, 0x00, 0x7E, 0x60, 0x7C, 0x06, 0x06, 0x66, 0x3C, 0x00,
    0x1C, 0x30, 0x60, 0x7C, 0x66, 0x66, 0x3C, 0x00, 0x7E, 0x66, 0x06, 0x0C, 0x18, 0x18, 0x18, 0x00,
    0x3C, 0x66, 0x66, 0x3C, 0x66, 0x66, 0x3C, 0x00, 0x3C, 0x66, 0x66, 0x3E, 0x06, 0x0C, 0x38, 0x00,
    0x00, 0x18, 0x18, 0x00, 0x00, 0x18, 0x18, 0x00, 0x00, 0x18, 0x18, 0x00, 0x00, 0x18, 0x18, 0x30,
    0x0C, 0x18, 0x30, 0x60, 0x30, 0x18, 0x0C, 0x00, 0x00, 0x00, 0x7E, 0x00, 0x00, 0x7E, 0x00, 0x00,
    0x30, 0x18, 0x0C, 0x06, 0x0C, 0x18, 0x30, 0x00, 0x3C, 0x66, 0x06, 0x0C, 0x18, 0x00, 0x18, 0x00,
    0x7C, 0xC6, 0xDE, 0xDE, 0xDE, 0xC0, 0x78, 0x00, 0x18, 0x3C, 0x3C, 0x66, 0x7E, 0xC3, 0xC3, 0x00,
    0xFC, 0x66, 0x66, 0x7C, 0x66, 0x66, 0xFC, 0x00, 0x3C, 0x66, 0xC0, 0xC0, 0xC0, 0x66, 0x3C, 0x00,
    0xF8, 0x6C, 0x66, 0x66, 0x66, 0x6C, 0xF8, 0x00, 0xFE, 0x66, 0x60, 0x78, 0x60, 0x66, 0xFE, 0x00,
    0xFE, 0x66, 0x60, 0x78, 0x60, 0x60, 0xF0, 0x00, 0x3C, 0x66, 0xC0, 0xCE, 0xC6, 0x66, 0x3E, 0x00,
    0x66, 0x66, 0x66, 0x7E, 0x66, 0x66, 0x66, 0x00, 0x7E, 0x18, 0x18, 0x18, 0x18, 0x18, 0x7E, 0x00,
    0x0E, 0x06, 0x06, 0x06, 0x66, 0x66, 0x3C, 0x00, 0xE6, 0x66, 0x6C, 0x78, 0x6C, 0x66, 0xE6, 0x00,
    0xF0, 0x60, 0x60, 0x60, 0x62, 0x66, 0xFE, 0x00, 0x82, 0xC6, 0xEE, 0xFE, 0xD6, 0xC6, 0xC6, 0x00,
    0xC6, 0xE6, 0xF6, 0xDE, 0xCE, 0xC6, 0xC6, 0x00, 0x38, 0x6C, 0xC6, 0xC6, 0xC6, 0x6C, 0x38, 0x00,
    0xFC, 0x66, 0x66, 0x7C, 0x60, 0x60, 0xF0, 0x00, 0x38, 0x6C, 0xC6, 0xC6, 0xC6, 0x6C, 0x3C, 0x06,
    0xFC, 0x66, 0x66, 0x7C, 0x6C, 0x66, 0xE3, 0x00, 0x3C, 0x66, 0x70, 0x38, 0x0E, 0x66, 0x3C, 0x00,
    0x7E, 0x5A, 0x18, 0x18, 0x18, 0x18, 0x3C, 0x00, 0x66, 0x66, 0x66, 0x66, 0x66, 0x66, 0x3E, 0x00,
    0xC3, 0xC3, 0x66, 0x66, 0x3C, 0x3C, 0x18, 0x00, 0xC6, 0xC6, 0xC6, 0xD6, 0xFE, 0xEE, 0xC6, 0x00,
    0xC3, 0x66, 0x3C, 0x18, 0x3C, 0x66, 0xC3, 0x00, 0xC3, 0xC3, 0x66, 0x3C, 0x18, 0x18, 0x3C, 0x00,
    0xFE, 0xC6, 0x8C, 0x18, 0x32, 0x66, 0xFE, 0x00, 0x3C, 0x30, 0x30, 0x30, 0x30, 0x30, 0x3C, 0x00,
    0xC0, 0x60, 0x30, 0x18, 0x0C, 0x06, 0x03, 0x00, 0x3C, 0x0C, 0x0C, 0x0C, 0x0C, 0x0C, 0x3C, 0x00,
    0x10, 0x38, 0x6C, 0xC6, 0x00, 0x00, 0x00, 0x00, 0x00, 0x00, 0x00, 0x00, 0x00, 0x00, 0x00, 0xFE,
    0x18, 0x18, 0x0C, 0x00, 0x00, 0x00, 0x00, 0x00, 0x00, 0x00, 0x3C, 0x06, 0x1E, 0x66, 0x3B, 0x00,
    0xE0, 0x60, 0x6C, 0x76, 0x66, 0x66, 0x3C, 0x00, 0x00, 0x00, 0x3C, 0x66, 0x60, 0x66, 0x3C, 0x00,
    0x0E, 0x06, 0x36, 0x6E, 0x66, 0x66, 0x3B, 0x00, 0x00, 0x00, 0x3C, 0x66, 0x7E, 0x60, 0x3C, 0x00,
    0x1C, 0x36, 0x30, 0x78, 0x30, 0x30, 0x78, 0x00, 0x00, 0x00, 0x3B, 0x66, 0x66, 0x3C, 0xC6, 0x7C,
    0xE0, 0x60, 0x6C, 0x76, 0x66, 0x66, 0xE6, 0x00, 0x18, 0x00, 0x38, 0x18, 0x18, 0x18, 0x3C, 0x00,
    0x06, 0x00, 0x06, 0x06, 0x06, 0x06, 0x66, 0x3C, 0xE0, 0x60, 0x66, 0x6C, 0x78, 0x6C, 0xE6, 0x00,
    0x38, 0x18, 0x18, 0x18, 0x18, 0x18, 0x3C, 0x00, 0x00, 0x00, 0x66, 0x77, 0x6B, 0x63, 0x63, 0x00,
    0x00, 0x00, 0x7C, 0x66, 0x66, 0x66, 0x66, 0x00, 0x00, 0x00, 0x3C, 0x66, 0x66, 0x66, 0x3C, 0x00,
    0x00, 0x00, 0xDC, 0x66, 0x66, 0x7C, 0x60, 0xF0, 0x00, 0x00, 0x3D, 0x66, 0x66, 0x3E, 0x06, 0x07,
    0x00, 0x00, 0xEC, 0x76, 0x66, 0x60, 0xF0, 0x00, 0x00, 0x00, 0x3E, 0x60, 0x3C, 0x06, 0x7C, 0x00,
    0x08, 0x18, 0x3E, 0x18, 0x18, 0x1A, 0x0C, 0x00, 0x00, 0x00, 0x66, 0x66, 0x66, 0x66, 0x3B, 0x00,
    0x00, 0x00, 0x66, 0x66, 0x66, 0x3C, 0x18, 0x00, 0x00, 0x00, 0x63, 0x6B, 0x6B, 0x36, 0x36, 0x00,
    0x00, 0x00, 0x63, 0x36, 0x1C, 0x36, 0x63, 0x00, 0x00, 0x00, 0x66, 0x66, 0x66, 0x3C, 0x18, 0x70,
    0x00, 0x00, 0x7E, 0x4C, 0x18, 0x32, 0x7E, 0x00, 0x0E, 0x18, 0x18, 0x70, 0x18, 0x18, 0x0E, 0x00,
    0x18, 0x18, 0x18, 0x18, 0x18, 0x18, 0x18, 0x00, 0x70, 0x18, 0x18, 0x0E, 0x18, 0x18, 0x70, 0x00,
    0x72, 0x9C, 0x00, 0x00, 0x00, 0x00, 0x00, 0x00, 0xCC, 0x33, 0xCC, 0x33, 0xCC, 0x33, 0xCC, 0x33,
};

static const uint8_t ix_program_h29[2028] = {
    0x48, 0xE7, 0xFF, 0xFE, 0x41, 0xF9, 0x00, 0x06, 0xBE, 0xFA, 0x42, 0x58, 0xB1, 0xFC, 0x00, 0x08,
    0x00, 0x00, 0x66, 0xF6, 0x41, 0xF9, 0x00, 0x07, 0xF6, 0xAE, 0x22, 0x79, 0x00, 0x00, 0x00, 0x4E,
    0x22, 0x3C, 0x00, 0x00, 0x00, 0x4A, 0x24, 0x01, 0x48, 0x42, 0x20, 0x19, 0x0C, 0x80, 0x01, 0x20,
    0x00, 0x00, 0x6D, 0x12, 0x0C, 0x80, 0x01, 0x40, 0x00, 0x00, 0x6C, 0x0A, 0x30, 0x02, 0x08, 0x00,
    0x00, 0x11, 0x67, 0x02, 0x30, 0x01, 0x20, 0xC0, 0x0C, 0x80, 0xFF, 0xFF, 0xFF, 0xFE, 0x66, 0xDA,
    0x4E, 0xB9, 0x00, 0x00, 0x00, 0x64, 0x4E, 0xB9, 0x00, 0x00, 0x07, 0xA6, 0x4E, 0xB9, 0x00, 0x00,
    0x07, 0xA8, 0x20, 0x39, 0x00, 0x00, 0x00, 0x00, 0x33, 0xC0, 0x00, 0x07, 0xF6, 0xB4, 0x48, 0x40,
    0x33, 0xC0, 0x00, 0x07, 0xF6, 0xB0, 0x20, 0x39, 0x00, 0x00, 0x00, 0x00, 0x06, 0x80, 0x00, 0x00,
    0x1F, 0x40, 0x33, 0xC0, 0x00, 0x07, 0xF6, 0xBC, 0x48, 0x40, 0x33, 0xC0, 0x00, 0x07, 0xF6, 0xB8,
    0x20, 0x39, 0x00, 0x00, 0x00, 0x00, 0x06, 0x80, 0x00, 0x00, 0x3E, 0x80, 0x33, 0xC0, 0x00, 0x07,
    0xF6, 0xC4, 0x48, 0x40, 0x33, 0xC0, 0x00, 0x07, 0xF6, 0xC0, 0x20, 0x39, 0x00, 0x00, 0x00, 0x00,
    0x06, 0x80, 0x00, 0x00, 0x5D, 0xC0, 0x33, 0xC0, 0x00, 0x07, 0xF6, 0xCC, 0x48, 0x40, 0x33, 0xC0,
    0x00, 0x07, 0xF6, 0xC8, 0x20, 0x39, 0x00, 0x00, 0x00, 0x00, 0x06, 0x80, 0x00, 0x00, 0x7D, 0x00,
    0x33, 0xC0, 0x00, 0x07, 0xF6, 0xD4, 0x48, 0x40, 0x33, 0xC0, 0x00, 0x07, 0xF6, 0xD0, 0x20, 0x79,
    0x00, 0x00, 0x00, 0x04, 0x4E, 0xB9, 0x00, 0x00, 0x05, 0xE0, 0x20, 0x79, 0x00, 0x00, 0x00, 0x00,
    0x4E, 0xB9, 0x00, 0x00, 0x05, 0xE0, 0x4E, 0xB9, 0x00, 0x00, 0x06, 0xAE, 0x4E, 0xB9, 0x00, 0x00,
    0x06, 0x7A, 0x33, 0xFC, 0x52, 0x00, 0x00, 0xDF, 0xF1, 0x00, 0x33, 0xFC, 0x00, 0x00, 0x00, 0xDF,
    0xF1, 0x02, 0x33, 0xFC, 0x00, 0x00, 0x00, 0xDF, 0xF1, 0x08, 0x33, 0xFC, 0x00, 0x00, 0x00, 0xDF,
    0xF1, 0x0A, 0x33, 0xFC, 0x00, 0x38, 0x00, 0xDF, 0xF0, 0x92, 0x33, 0xFC, 0x00, 0xD0, 0x00, 0xDF,
    0xF0, 0x94, 0x33, 0xFC, 0x2C, 0x81, 0x00, 0xDF, 0xF0, 0x8E, 0x33, 0xFC, 0xF4, 0xC1, 0x00, 0xDF,
    0xF0, 0x90, 0x23, 0xFC, 0x00, 0x07, 0xF6, 0xAE, 0x00, 0xDF, 0xF0, 0x80, 0x30, 0x39, 0x00, 0xDF,
    0xF0, 0x88, 0x33, 0xFC, 0x83, 0x80, 0x00, 0xDF, 0xF0, 0x96, 0x33, 0xFC, 0x80, 0x40, 0x00, 0xDF,
    0xF0, 0x96, 0x33, 0xFC, 0x80, 0x20, 0x00, 0xDF, 0xF0, 0x96, 0x33, 0xFC, 0x84, 0x00, 0x00, 0xDF,
    0xF0, 0x96, 0x4E, 0xB9, 0x00, 0x00, 0x06, 0xB8, 0x20, 0x7C, 0x00, 0x00, 0x00, 0x0A, 0x4E, 0xB9,
    0x00, 0x00, 0x07, 0x88, 0x4C, 0xDF, 0x7F, 0xFF, 0x4E, 0x75, 0x48, 0xE7, 0xFF, 0xFE, 0x33, 0xFC,
    0xFF, 0xFF, 0x00, 0x00, 0x00, 0x08, 0x2F, 0x39, 0x00, 0x00, 0x00, 0x04, 0x3F, 0x39, 0x00, 0x07,
    0xF6, 0x88, 0x3F, 0x39, 0x00, 0x07, 0xF6, 0x86, 0x3F, 0x39, 0x00, 0x07, 0xF6, 0x84, 0x3F, 0x39,
    0x00, 0x07, 0xF6, 0x82, 0x23, 0xF9, 0x00, 0x00, 0x00, 0x00, 0x00, 0x00, 0x00, 0x04, 0x33, 0xFC,
    0x00, 0x0F, 0x00, 0x07, 0xF6, 0x84, 0x33, 0xFC, 0x00, 0x00, 0x00, 0x07, 0xF6, 0x82, 0x20, 0x7C,
    0x00, 0x00, 0x00, 0xBE, 0x24, 0x00, 0x42, 0x80, 0x26, 0x3C, 0x00, 0x00, 0x00, 0x1C, 0x28, 0x3C,
    0x00, 0x00, 0x00, 0x07, 0x22, 0x02, 0xE6, 0xA9, 0x02, 0x81, 0x00, 0x00, 0x00, 0x0F, 0x10, 0x30,
    0x10, 0x00, 0x4E, 0xB9, 0x00, 0x00, 0x04, 0x66, 0x4E, 0xB9, 0x00, 0x00, 0x03, 0xC2, 0x04, 0x83,
    0x00, 0x00, 0x00, 0x04, 0x51, 0xCC, 0xFF, 0xDE, 0x33, 0xDF, 0x00, 0x07, 0xF6, 0x82, 0x33, 0xDF,
    0x00, 0x07, 0xF6, 0x84, 0x33, 0xDF, 0x00, 0x07, 0xF6, 0x86, 0x33, 0xDF, 0x00, 0x07, 0xF6, 0x88,
    0x23, 0xDF, 0x00, 0x00, 0x00, 0x04, 0x33, 0xFC, 0x00, 0x00, 0x00, 0x00, 0x00, 0x08, 0x4C, 0xDF,
    0x7F, 0xFF, 0x4E, 0x75, 0x48, 0xE7, 0xFF, 0xFE, 0x2F, 0x39, 0x00, 0x00, 0x00, 0x04, 0x23, 0xF9,
    0x00, 0x00, 0x00, 0x00, 0x00, 0x00, 0x00, 0x04, 0x33, 0xFC, 0x00, 0x00, 0x00, 0x00, 0x00, 0x08,
    0x20, 0x7C, 0x00, 0x00, 0x00, 0xBE, 0x24, 0x00, 0x42, 0x80, 0x26, 0x3C, 0x00, 0x00, 0x00, 0x1C,
    0x28, 0x3C, 0x00, 0x00, 0x00, 0x07, 0x22, 0x02, 0xE6, 0xA9, 0x02, 0x81, 0x00, 0x00, 0x00, 0x0F,
    0x10, 0x30, 0x10, 0x00, 0x4E, 0xB9, 0x00, 0x00, 0x04, 0x66, 0x4E, 0xB9, 0x00, 0x00, 0x03, 0xC2,
    0x04, 0x83, 0x00, 0x00, 0x00, 0x04, 0x51, 0xCC, 0xFF, 0xDE, 0x23, 0xDF, 0x00, 0x00, 0x00, 0x04,
    0x4C, 0xDF, 0x7F, 0xFF, 0x4E, 0x75, 0x48, 0xE7, 0xFF, 0xFE, 0x33, 0xFC, 0xFF, 0xFF, 0x00, 0x00,
    0x00, 0x08, 0x2F, 0x39, 0x00, 0x00, 0x00, 0x04, 0x3F, 0x39, 0x00, 0x07, 0xF6, 0x88, 0x3F, 0x39,
    0x00, 0x07, 0xF6, 0x86, 0x3F, 0x39, 0x00, 0x07, 0xF6, 0x84, 0x3F, 0x39, 0x00, 0x07, 0xF6, 0x82,
    0x23, 0xF9, 0x00, 0x00, 0x00, 0x00, 0x00, 0x00, 0x00, 0x04, 0x33, 0xFC, 0x00, 0x0F, 0x00, 0x07,
    0xF6, 0x84, 0x33, 0xFC, 0x00, 0x00, 0x00, 0x07, 0xF6, 0x82, 0x22, 0x7C, 0x00, 0x00, 0x00, 0xBE,
    0x24, 0x00, 0x42, 0x80, 0x0C, 0x42, 0x00, 0x00, 0x67, 0x00, 0x00, 0x3A, 0x12, 0x10, 0xE8, 0x89,
    0x02, 0x81, 0x00, 0x00, 0x00, 0x0F, 0x10, 0x31, 0x10, 0x00, 0x4E, 0xB9, 0x00, 0x00, 0x04, 0x66,
    0x4E, 0xB9, 0x00, 0x00, 0x03, 0xC2, 0x12, 0x18, 0x02, 0x81, 0x00, 0x00, 0x00, 0x0F, 0x10, 0x31,
    0x10, 0x00, 0x4E, 0xB9, 0x00, 0x00, 0x04, 0x66, 0x4E, 0xB9, 0x00, 0x00, 0x03, 0xC2, 0x04, 0x42,
    0x00, 0x01, 0x60, 0xC0, 0x33, 0xDF, 0x00, 0x07, 0xF6, 0x82, 0x33, 0xDF, 0x00, 0x07, 0xF6, 0x84,
    0x33, 0xDF, 0x00, 0x07, 0xF6, 0x86, 0x33, 0xDF, 0x00, 0x07, 0xF6, 0x88, 0x23, 0xDF, 0x00, 0x00,
    0x00, 0x04, 0x33, 0xFC, 0x00, 0x00, 0x00, 0x00, 0x00, 0x08, 0x4C, 0xDF, 0x7F, 0xFF, 0x4E, 0x75,
    0x48, 0xE7, 0xFF, 0xFE, 0x2F, 0x39, 0x00, 0x00, 0x00, 0x04, 0x23, 0xF9, 0x00, 0x00, 0x00, 0x00,
    0x00, 0x00, 0x00, 0x04, 0x0C, 0x10, 0x00, 0x00, 0x67, 0x00, 0x00, 0x4C, 0x42, 0x80, 0x10, 0x18,
    0x0C, 0x00, 0x00, 0x0D, 0x66, 0x00, 0x00, 0x0C, 0x33, 0xFC, 0x00, 0x00, 0x00, 0x07, 0xF6, 0x86,
    0x60, 0xE2, 0x0C, 0x00, 0x00, 0x0A, 0x66, 0x00, 0x00, 0x20, 0x0C, 0x79, 0x00, 0x18, 0x00, 0x07,
    0xF6, 0x88, 0x6D, 0x00, 0x00, 0x0A, 0x4E, 0xB9, 0x00, 0x00, 0x03, 0xFE, 0x60, 0xC6, 0x06, 0x79,
    0x00, 0x01, 0x00, 0x07, 0xF6, 0x88, 0x60, 0xBC, 0x4E, 0xB9, 0x00, 0x00, 0x04, 0x66, 0x4E, 0xB9,
    0x00, 0x00, 0x03, 0xC2, 0x60, 0xAE, 0x23, 0xDF, 0x00, 0x00, 0x00, 0x04, 0x4C, 0xDF, 0x7F, 0xFF,
    0x4E, 0x75, 0x06, 0x79, 0x00, 0x01, 0x00, 0x07, 0xF6, 0x86, 0x0C, 0x79, 0x00, 0x28, 0x00, 0x07,
    0xF6, 0x86, 0x6D, 0x00, 0x00, 0x28, 0x33, 0xFC, 0x00, 0x00, 0x00, 0x07, 0xF6, 0x86, 0x0C, 0x79,
    0x00, 0x18, 0x00, 0x07, 0xF6, 0x88, 0x6D, 0x00, 0x00, 0x0C, 0x4E, 0xB9, 0x00, 0x00, 0x03, 0xFE,
    0x60, 0x00, 0x00, 0x0A, 0x06, 0x79, 0x00, 0x01, 0x00, 0x07, 0xF6, 0x88, 0x4E, 0x75, 0x48, 0xE7,
    0xFF, 0xFE, 0x0C, 0x79, 0x00, 0x00, 0x00, 0x00, 0x00, 0x08, 0x66, 0x00, 0x00, 0x54, 0x20, 0x79,
    0x00, 0x00, 0x00, 0x04, 0xD1, 0xFC, 0x00, 0x00, 0x01, 0x40, 0x24, 0x48, 0xD5, 0xFC, 0x00, 0x00,
    0x3E, 0x80, 0x22, 0x79, 0x00, 0x00, 0x00, 0x04, 0x26, 0x49, 0xD7, 0xFC, 0x00, 0x00, 0x3E, 0x80,
    0x20, 0x3C, 0x00, 0x00, 0x07, 0x7F, 0x23, 0x68, 0x1F, 0x40, 0x1F, 0x40, 0x22, 0xD8, 0x27, 0x6A,
    0x1F, 0x40, 0x1F, 0x40, 0x26, 0xDA, 0x51, 0xC8, 0xFF, 0xEE, 0x20, 0x3C, 0x00, 0x00, 0x00, 0x4F,
    0x42, 0xA9, 0x1F, 0x40, 0x42, 0x99, 0x42, 0xAB, 0x1F, 0x40, 0x42, 0x9B, 0x51, 0xC8, 0xFF, 0xF2,
    0x4C, 0xDF, 0x7F, 0xFF, 0x4E, 0x75, 0x48, 0xE7, 0xFF, 0xFE, 0x20, 0x7C, 0x00, 0x00, 0x00, 0x00,
    0xE7, 0x88, 0xD1, 0xC0, 0x22, 0x79, 0x00, 0x00, 0x00, 0x04, 0x42, 0x81, 0x32, 0x39, 0x00, 0x07,
    0xF6, 0x88, 0xC2, 0xFC, 0x01, 0x40, 0xD3, 0xC1, 0x42, 0x81, 0x32, 0x39, 0x00, 0x07, 0xF6, 0x86,
    0xD3, 0xC1, 0x24, 0x49, 0xD5, 0xFC, 0x00, 0x00, 0x1F, 0x40, 0x26, 0x49, 0xD7, 0xFC, 0x00, 0x00,
    0x3E, 0x80, 0x28, 0x49, 0xD9, 0xFC, 0x00, 0x00, 0x5D, 0xC0, 0x38, 0x39, 0x00, 0x07, 0xF6, 0x84,
    0x3A, 0x39, 0x00, 0x07, 0xF6, 0x82, 0x2C, 0x3C, 0x00, 0x00, 0x00, 0x07, 0x42, 0x81, 0x14, 0x18,
    0x16, 0x02, 0x0A, 0x03, 0x00, 0xFF, 0x42, 0x00, 0x08, 0x04, 0x00, 0x00, 0x67, 0x00, 0x00, 0x04,
    0x10, 0x02, 0x08, 0x05, 0x00, 0x00, 0x67, 0x00, 0x00, 0x04, 0x80, 0x03, 0x13, 0x80, 0x10, 0x00,
    0x42, 0x00, 0x08, 0x04, 0x00, 0x01, 0x67, 0x00, 0x00, 0x04, 0x10, 0x02, 0x08, 0x05, 0x00, 0x01,
    0x67, 0x00, 0x00, 0x04, 0x80, 0x03, 0x15, 0x80, 0x10, 0x00, 0x42, 0x00, 0x08, 0x04, 0x00, 0x02,
    0x67, 0x00, 0x00, 0x04, 0x10, 0x02, 0x08, 0x05, 0x00, 0x02, 0x67, 0x00, 0x00, 0x04, 0x80, 0x03,
    0x17, 0x80, 0x10, 0x00, 0x42, 0x00, 0x08, 0x04, 0x00, 0x03, 0x67, 0x00, 0x00, 0x04, 0x10, 0x02,
    0x08, 0x05, 0x00, 0x03, 0x67, 0x00, 0x00, 0x04, 0x80, 0x03, 0x19, 0x80, 0x10, 0x00, 0x06, 0x81,
    0x00, 0x00, 0x00, 0x28, 0x51, 0xCE, 0xFF, 0x88, 0x4C, 0xDF, 0x7F, 0xFF, 0x4E, 0x75, 0x48, 0xE7,
    0x80, 0x00, 0x4E, 0xB9, 0x00, 0x00, 0x06, 0x7A, 0x20, 0x39, 0x00, 0x00, 0x00, 0x04, 0x33, 0xC0,
    0x00, 0x07, 0xF6, 0xB4, 0x48, 0x40, 0x33, 0xC0, 0x00, 0x07, 0xF6, 0xB0, 0x20, 0x39, 0x00, 0x00,
    0x00, 0x04, 0x06, 0x80, 0x00, 0x00, 0x1F, 0x40, 0x33, 0xC0, 0x00, 0x07, 0xF6, 0xBC, 0x48, 0x40,
    0x33, 0xC0, 0x00, 0x07, 0xF6, 0xB8, 0x20, 0x39, 0x00, 0x00, 0x00, 0x04, 0x06, 0x80, 0x00, 0x00,
    0x3E, 0x80, 0x33, 0xC0, 0x00, 0x07, 0xF6, 0xC4, 0x48, 0x40, 0x33, 0xC0, 0x00, 0x07, 0xF6, 0xC0,
    0x20, 0x39, 0x00, 0x00, 0x00, 0x04, 0x06, 0x80, 0x00, 0x00, 0x5D, 0xC0, 0x33, 0xC0, 0x00, 0x07,
    0xF6, 0xCC, 0x48, 0x40, 0x33, 0xC0, 0x00, 0x07, 0xF6, 0xC8, 0x20, 0x39, 0x00, 0x00, 0x00, 0x04,
    0x06, 0x80, 0x00, 0x00, 0x7D, 0x00, 0x33, 0xC0, 0x00, 0x07, 0xF6, 0xD4, 0x48, 0x40, 0x33, 0xC0,
    0x00, 0x07, 0xF6, 0xD0, 0x20, 0x39, 0x00, 0x00, 0x00, 0x04, 0x23, 0xF9, 0x00, 0x00, 0x00, 0x00,
    0x00, 0x00, 0x00, 0x04, 0x23, 0xC0, 0x00, 0x00, 0x00, 0x00, 0x4C, 0xDF, 0x00, 0x01, 0x4E, 0x75,
    0x48, 0xE7, 0xFF, 0xFE, 0x20, 0x3C, 0x00, 0x00, 0x00, 0xC7, 0x42, 0x98, 0x42, 0x98, 0x42, 0x98,
    0x42, 0x98, 0x42, 0x98, 0x42, 0x98, 0x42, 0x98, 0x42, 0x98, 0x42, 0x98, 0x42, 0x98, 0x42, 0x98,
    0x42, 0x98, 0x42, 0x98, 0x42, 0x98, 0x42, 0x98, 0x42, 0x98, 0x42, 0x98, 0x42, 0x98, 0x42, 0x98,
    0x42, 0x98, 0x42, 0x98, 0x42, 0x98, 0x42, 0x98, 0x42, 0x98, 0x42, 0x98, 0x42, 0x98, 0x42, 0x98,
    0x42, 0x98, 0x42, 0x98, 0x42, 0x98, 0x42, 0x98, 0x42, 0x98, 0x42, 0x98, 0x42, 0x98, 0x42, 0x98,
    0x42, 0x98, 0x42, 0x98, 0x42, 0x98, 0x42, 0x98, 0x42, 0x98, 0x42, 0x98, 0x42, 0x98, 0x42, 0x98,
    0x42, 0x98, 0x42, 0x98, 0x42, 0x98, 0x42, 0x98, 0x42, 0x98, 0x42, 0x98, 0x42, 0x98, 0x51, 0xC8,
    0xFF, 0x9A, 0x4C, 0xDF, 0x7F, 0xFF, 0x4E, 0x75, 0x48, 0xE7, 0x80, 0x00, 0x0C, 0x80, 0x00, 0x00,
    0x00, 0x00, 0x67, 0x00, 0x00, 0x10, 0x4E, 0xB9, 0x00, 0x00, 0x06, 0x7A, 0x04, 0x80, 0x00, 0x00,
    0x00, 0x01, 0x60, 0xE8, 0x4C, 0xDF, 0x00, 0x01, 0x4E, 0x75, 0x0C, 0x39, 0x00, 0xF5, 0x00, 0xDF,
    0xF0, 0x06, 0x66, 0xF6, 0x0C, 0x39, 0x00, 0xF5, 0x00, 0xDF, 0xF0, 0x06, 0x67, 0xF6, 0x4E, 0x75,
    0x4E, 0xBA, 0xFF, 0xE8, 0x08, 0x39, 0x00, 0x07, 0x00, 0xBF, 0xE0, 0x01, 0x66, 0xF2, 0x4E, 0xBA,
    0xFF, 0xDA, 0x08, 0x39, 0x00, 0x07, 0x00, 0xBF, 0xE0, 0x01, 0x67, 0xF2, 0x4E, 0x75, 0x33, 0xFC,
    0x40, 0x00, 0x00, 0xDF, 0xF0, 0x9A, 0x4E, 0x75, 0x33, 0xFC, 0xC0, 0x00, 0x00, 0xDF, 0xF0, 0x9A,
    0x4E, 0x75, 0x21, 0xFC, 0x00, 0x00, 0x06, 0xD2, 0x00, 0xBC, 0x23, 0xCF, 0x00, 0x07, 0xF6, 0xAA,
    0x4E, 0x4F, 0x2E, 0x79, 0x00, 0x07, 0xF6, 0xAA, 0x4E, 0x75, 0x21, 0xFC, 0x00, 0x00, 0x06, 0xE6,
    0x00, 0xBC, 0x4E, 0x4F, 0x4E, 0x75, 0x30, 0x97, 0x21, 0x6F, 0x00, 0x04, 0x00, 0x04, 0x2E, 0x48,
    0x4E, 0x73, 0x48, 0xE7, 0xFF, 0xFE, 0x0C, 0x80, 0x00, 0x00, 0x00, 0x00, 0x67, 0x00, 0x00, 0x0C,
    0x22, 0xD8, 0x04, 0x80, 0x00, 0x00, 0x00, 0x01, 0x66, 0xF6, 0x4C, 0xDF, 0x7F, 0xFF, 0x4E, 0x75,
    0x48, 0xE7, 0xFF, 0xFE, 0x0C, 0x80, 0x00, 0x00, 0x00, 0x00, 0x67, 0x00, 0x00, 0x0C, 0x23, 0x20,
    0x04, 0x80, 0x00, 0x00, 0x00, 0x01, 0x66, 0xF6, 0x4C, 0xDF, 0x7F, 0xFF, 0x4E, 0x75, 0x48, 0xE7,
    0xFF, 0xFE, 0x0C, 0x80, 0x00, 0x00, 0x00, 0x00, 0x67, 0x00, 0x00, 0x0C, 0x32, 0xD8, 0x04, 0x80,
    0x00, 0x00, 0x00, 0x01, 0x66, 0xF6, 0x4C, 0xDF, 0x7F, 0xFF, 0x4E, 0x75, 0x48, 0xE7, 0xFF, 0xFE,
    0x0C, 0x80, 0x00, 0x00, 0x00, 0x00, 0x67, 0x00, 0x00, 0x0C, 0x12, 0xD8, 0x04, 0x80, 0x00, 0x00,
    0x00, 0x01, 0x66, 0xF6, 0x4C, 0xDF, 0x7F, 0xFF, 0x4E, 0x75, 0x48, 0xE7, 0xFF, 0xFE, 0x0C, 0x80,
    0x00, 0x00, 0x00, 0x00, 0x67, 0x00, 0x00, 0x0C, 0x12, 0xC1, 0x04, 0x80, 0x00, 0x00, 0x00, 0x01,
    0x66, 0xF6, 0x4C, 0xDF, 0x7F, 0xFF, 0x4E, 0x75, 0x48, 0xE7, 0xFF, 0xFE, 0x4E, 0xBA, 0xFE, 0xEC,
    0x20, 0x3C, 0x00, 0x00, 0x00, 0x20, 0x22, 0x7C, 0x00, 0xDF, 0xF1, 0x80, 0x4E, 0xBA, 0xFF, 0x90,
    0x4C, 0xDF, 0x7F, 0xFF, 0x4E, 0x75, 0x4E, 0x75, 0x4E, 0x75, 0x48, 0xE7, 0x40, 0x80, 0x41, 0xF9,
    0x00, 0x00, 0x00, 0xD7, 0x12, 0x30, 0x00, 0x00, 0x48, 0x40, 0x42, 0x40, 0x10, 0x01, 0x4C, 0xDF,
    0x01, 0x02, 0x4E, 0x75, 0x13, 0xC0, 0x00, 0xBF, 0xE1, 0x01, 0x4E, 0xBA, 0xFE, 0xAE, 0x4E, 0x75,
    0x10, 0x18, 0x67, 0x06, 0x4E, 0xBA, 0xFF, 0xEE, 0x60, 0xF6, 0x4E, 0x75, 0x02, 0x41, 0x00, 0xFF,
    0xE1, 0x4A, 0x82, 0x42, 0x33, 0xC1, 0x00, 0xDF, 0xF0, 0x8E, 0x4E, 0x75,
};
static const IxReloc ix_program_h29_rel[74] = {
    { 0x0001C, 30 },
    { 0x00022, 30 },
    { 0x00052, 15 },
    { 0x00058, 29 },
    { 0x0005E, 29 },
    { 0x00064, 30 },
    { 0x00078, 30 },
    { 0x00092, 30 },
    { 0x000AC, 30 },
    { 0x000C6, 30 },
    { 0x000E0, 30 },
    { 0x000E6, 29 },
    { 0x000EC, 30 },
    { 0x000F2, 29 },
    { 0x000F8, 29 },
    { 0x000FE, 29 },
    { 0x00174, 29 },
    { 0x0017A, 30 },
    { 0x00180, 29 },
    { 0x00192, 30 },
    { 0x00198, 30 },
    { 0x001B6, 30 },
    { 0x001BA, 30 },
    { 0x001D0, 30 },
    { 0x001F4, 29 },
    { 0x001FA, 29 },
    { 0x00222, 30 },
    { 0x0022A, 30 },
    { 0x0023A, 30 },
    { 0x00240, 30 },
    { 0x00244, 30 },
    { 0x0024C, 30 },
    { 0x00252, 30 },
    { 0x00276, 29 },
    { 0x0027C, 29 },
    { 0x0028C, 30 },
    { 0x0029E, 30 },
    { 0x002A4, 30 },
    { 0x002C2, 30 },
    { 0x002C6, 30 },
    { 0x002DC, 30 },
    { 0x002FC, 29 },
    { 0x00302, 29 },
    { 0x00314, 29 },
    { 0x0031A, 29 },
    { 0x0033E, 30 },
    { 0x00346, 30 },
    { 0x00356, 30 },
    { 0x0035C, 30 },
    { 0x00360, 30 },
    { 0x00398, 29 },
    { 0x003AA, 29 },
    { 0x003B0, 29 },
    { 0x003B8, 30 },
    { 0x003EC, 29 },
    { 0x00406, 30 },
    { 0x00410, 30 },
    { 0x00424, 30 },
    { 0x0046C, 28 },
    { 0x00476, 30 },
    { 0x00544, 29 },
    { 0x0054A, 30 },
    { 0x0055E, 30 },
    { 0x00578, 30 },
    { 0x00592, 30 },
    { 0x005AC, 30 },
    { 0x005C6, 30 },
    { 0x005CC, 30 },
    { 0x005D0, 30 },
    { 0x005D6, 30 },
    { 0x00668, 29 },
    { 0x006C4, 29 },
    { 0x006DC, 29 },
    { 0x007B0, 30 },
};

static const uint8_t ix_program_h30[332] = {
    0x00, 0x07, 0x5A, 0x3C, 0x00, 0x06, 0xBD, 0xFA, 0xFF, 0xFF, 0x00, 0x00, 0x00, 0x08, 0x00, 0x80,
    0x00, 0x88, 0x08, 0x00, 0x08, 0x08, 0x08, 0x60, 0x08, 0x88, 0x05, 0x55, 0x00, 0x0F, 0x00, 0xF0,
    0x00, 0xFF, 0x0F, 0x00, 0x0F, 0x0F, 0x0F, 0xF0, 0x0F, 0xFF, 0x00, 0x00, 0x00, 0x00, 0x00, 0x00,
    0x00, 0x00, 0x00, 0x00, 0x00, 0x00, 0x00, 0x00, 0x00, 0x00, 0x00, 0x00, 0x00, 0x00, 0x00, 0x00,
    0x00, 0x00, 0x00, 0x00, 0x00, 0x00, 0x00, 0x00, 0x00, 0x00, 0x00, 0x00, 0x00, 0x00, 0x00, 0x00,
    0x00, 0x52, 0x00, 0xE0, 0x00, 0x00, 0x00, 0xE2, 0x00, 0x00, 0x00, 0xE4, 0x00, 0x00, 0x00, 0xE6,
    0x00, 0x00, 0x00, 0xE8, 0x00, 0x00, 0x00, 0xEA, 0x00, 0x00, 0x00, 0xEC, 0x00, 0x00, 0x00, 0xEE,
    0x00, 0x00, 0x00, 0xF0, 0x00, 0x00, 0x00, 0xF2, 0x00, 0x00, 0x01, 0x20, 0x00, 0x00, 0x01, 0x22,
    0x00, 0x00, 0x01, 0x24, 0x00, 0x00, 0x01, 0x26, 0x00, 0x00, 0x01, 0x28, 0x00, 0x00, 0x01, 0x2A,
    0x00, 0x00, 0x01, 0x2C, 0x00, 0x00, 0x01, 0x2E, 0x00, 0x00, 0x01, 0x30, 0x00, 0x00, 0x01, 0x32,
    0x00, 0x00, 0x01, 0x34, 0x00, 0x00, 0x01, 0x36, 0x00, 0x00, 0x01, 0x38, 0x00, 0x00, 0x01, 0x3A,
    0x00, 0x00, 0x01, 0x3C, 0x00, 0x00, 0x01, 0x3E, 0x00, 0x00, 0xFF, 0xFF, 0xFF, 0xFE, 0x30, 0x31,
    0x32, 0x33, 0x34, 0x35, 0x36, 0x37, 0x38, 0x39, 0x41, 0x42, 0x43, 0x44, 0x45, 0x46, 0x20, 0x20,
    0x20, 0x20, 0x20, 0x20, 0x20, 0x20, 0x00, 0x00, 0x00, 0x31, 0x32, 0x33, 0x34, 0x35, 0x36, 0x37,
    0x38, 0x39, 0x30, 0x2D, 0x3D, 0x08, 0x09, 0x51, 0x57, 0x45, 0x52, 0x54, 0x59, 0x55, 0x49, 0x4F,
    0x50, 0x5B, 0x5D, 0x0D, 0x00, 0x41, 0x53, 0x44, 0x46, 0x47, 0x48, 0x4A, 0x4B, 0x4C, 0x3B, 0x27,
    0x00, 0x00, 0x5C, 0x5A, 0x58, 0x43, 0x56, 0x42, 0x4E, 0x4D, 0x2C, 0x2E, 0x2F, 0x00, 0x00, 0x00,
    0x20, 0x00, 0x01, 0x01, 0x01, 0x01, 0x01, 0x01, 0x01, 0x01, 0x01, 0x01, 0x01, 0x01, 0x00, 0x00,
    0x01, 0x2D, 0x08, 0x01, 0x01, 0x2B, 0x01, 0x00, 0x01, 0x00, 0x01, 0x01, 0x01, 0x01, 0x01, 0x01,
    0x01, 0x01, 0x01, 0x01, 0x01, 0x01, 0x01, 0x01, 0x01, 0x01, 0x28, 0x29, 0x2F, 0x2A, 0x37, 0x38,
    0x39, 0x34, 0x35, 0x36, 0x31, 0x32, 0x33, 0x30, 0x2E, 0x0D, 0x00, 0x00,
};
static const IxReloc ix_program_h30_rel[1] = {
    { 0x0004E, 30 },
};

static const uint8_t ix_program_h31[3036] = {
    0x23, 0xC8, 0x00, 0x00, 0x00, 0x0A, 0x41, 0xF9, 0x00, 0x00, 0x01, 0x22, 0x4A, 0x98, 0x66, 0xFC,
    0x21, 0x7C, 0x00, 0x00, 0x00, 0x98, 0xFF, 0xFC, 0x4E, 0x75, 0x23, 0xC8, 0x00, 0x00, 0x00, 0x02,
    0x33, 0xC0, 0x00, 0x00, 0x00, 0x06, 0x33, 0xC0, 0x00, 0x00, 0x00, 0x08, 0x4E, 0x75, 0x41, 0xF9,
    0x00, 0x00, 0x00, 0x0E, 0x7E, 0x05, 0x4A, 0x98, 0x67, 0x08, 0x54, 0x88, 0x51, 0xCF, 0xFF, 0xF8,
    0x4E, 0x75, 0x11, 0x40, 0xFF, 0xFC, 0x11, 0x41, 0xFF, 0xFD, 0x11, 0x42, 0xFF, 0xFE, 0x11, 0x43,
    0xFF, 0xFF, 0x10, 0x83, 0x20, 0x08, 0x59, 0x80, 0x4E, 0x75, 0x20, 0x40, 0x42, 0x90, 0x4E, 0x75,
    0x41, 0xF9, 0x00, 0x00, 0x00, 0x42, 0x7E, 0x05, 0x4A, 0x90, 0x67, 0x0C, 0xD1, 0xFC, 0x00, 0x00,
    0x00, 0x0C, 0x51, 0xCF, 0xFF, 0xF4, 0x4E, 0x75, 0x30, 0xC0, 0x30, 0xC1, 0x30, 0xC2, 0x30, 0xC2,
    0x22, 0x79, 0x00, 0x00, 0x00, 0x0A, 0xD0, 0x40, 0x30, 0xF1, 0x00, 0x00, 0x30, 0xC3, 0x20, 0x08,
    0x04, 0x80, 0x00, 0x00, 0x00, 0x0C, 0x4E, 0x75, 0x7C, 0x00, 0x20, 0x79, 0x00, 0x00, 0x00, 0x02,
    0xB1, 0xFC, 0x00, 0x00, 0x00, 0x00, 0x67, 0x54, 0x53, 0x79, 0x00, 0x00, 0x00, 0x08, 0x66, 0x4C,
    0x33, 0xF9, 0x00, 0x00, 0x00, 0x06, 0x00, 0x00, 0x00, 0x08, 0x4A, 0x79, 0x00, 0x00, 0x00, 0x00,
    0x67, 0x0E, 0x48, 0xE7, 0xFF, 0xFE, 0x4E, 0xB9, 0x00, 0x00, 0x02, 0xAE, 0x4C, 0xDF, 0x7F, 0xFF,
    0x22, 0x79, 0x00, 0x00, 0x00, 0x0A, 0x7E, 0x1F, 0x34, 0x18, 0x32, 0x19, 0x4E, 0xB9, 0x00, 0x00,
    0x01, 0xDE, 0xB2, 0x69, 0xFF, 0xFE, 0x67, 0x06, 0x33, 0x41, 0xFF, 0xFE, 0x7C, 0x01, 0x51, 0xCF,
    0xFF, 0xE8, 0x4A, 0x46, 0x66, 0x06, 0x42, 0xB9, 0x00, 0x00, 0x00, 0x02, 0x41, 0xF9, 0x00, 0x00,
    0x00, 0x0E, 0x7E, 0x05, 0x4A, 0x90, 0x67, 0x52, 0x53, 0x28, 0x00, 0x04, 0x66, 0x4C, 0x7C, 0x01,
    0x11, 0x68, 0x00, 0x03, 0x00, 0x04, 0x70, 0x00, 0x10, 0x10, 0xD0, 0x40, 0x72, 0x00, 0x12, 0x28,
    0x00, 0x01, 0xD2, 0x41, 0x22, 0x79, 0x00, 0x00, 0x00, 0x0A, 0x45, 0xF1, 0x00, 0x00, 0x47, 0xF1,
    0x10, 0x00, 0x4A, 0x28, 0x00, 0x02, 0x66, 0x12, 0x28, 0x4A, 0x30, 0x14, 0x54, 0x8C, 0x39, 0x54,
    0xFF, 0xFE, 0xB7, 0xCC, 0x66, 0xF6, 0x38, 0x80, 0x60, 0x10, 0x28, 0x4B, 0x30, 0x14, 0x55, 0x8C,
    0x39, 0x54, 0x00, 0x02, 0xB5, 0xCC, 0x66, 0xF6, 0x38, 0x80, 0x5C, 0x88, 0x51, 0xCF, 0xFF, 0xA6,
    0x41, 0xF9, 0x00, 0x00, 0x00, 0x42, 0x7E, 0x05, 0x4A, 0x90, 0x67, 0x00, 0x00, 0x4E, 0x53, 0x68,
    0x00, 0x06, 0x66, 0x00, 0x00, 0x46, 0x7C, 0x01, 0x31, 0x68, 0x00, 0x04, 0x00, 0x06, 0x30, 0x10,
    0xD0, 0x40, 0x22, 0x79, 0x00, 0x00, 0x00, 0x0A, 0x32, 0x31, 0x00, 0x00, 0x34, 0x28, 0x00, 0x02,
    0x4E, 0xB9, 0x00, 0x00, 0x01, 0xDE, 0x33, 0x81, 0x00, 0x00, 0xB4, 0x41, 0x66, 0x1C, 0x30, 0x28,
    0x00, 0x02, 0x31, 0x68, 0x00, 0x08, 0x00, 0x02, 0x31, 0x40, 0x00, 0x08, 0x4A, 0x68, 0x00, 0x0A,
    0x67, 0x08, 0x53, 0x68, 0x00, 0x0A, 0x66, 0x02, 0x42, 0x90, 0xD1, 0xFC, 0x00, 0x00, 0x00, 0x0C,
    0x51, 0xCF, 0xFF, 0xA6, 0x4A, 0x46, 0x67, 0x14, 0x20, 0x79, 0x00, 0x00, 0x00, 0x0A, 0x43, 0xF9,
    0x00, 0xDF, 0xF1, 0x80, 0x7E, 0x0F, 0x22, 0xD8, 0x51, 0xCF, 0xFF, 0xFC, 0x4E, 0x75, 0x36, 0x01,
    0x38, 0x02, 0x02, 0x43, 0x00, 0x0F, 0x02, 0x44, 0x00, 0x0F, 0xB6, 0x44, 0x67, 0x08, 0x6E, 0x04,
    0x52, 0x41, 0x60, 0x02, 0x53, 0x41, 0x36, 0x01, 0x38, 0x02, 0xE8, 0x4B, 0xE8, 0x4C, 0x02, 0x43,
    0x00, 0x0F, 0x02, 0x44, 0x00, 0x0F, 0xB6, 0x44, 0x67, 0x0C, 0x6E, 0x06, 0x06, 0x41, 0x00, 0x10,
    0x60, 0x04, 0x04, 0x41, 0x00, 0x10, 0x36, 0x01, 0x38, 0x02, 0xE0, 0x4B, 0xE0, 0x4C, 0xB6, 0x44,
    0x67, 0x0C, 0x6E, 0x06, 0x06, 0x41, 0x01, 0x00, 0x60, 0x04, 0x04, 0x41, 0x01, 0x00, 0x4E, 0x75,
    0x42, 0x79, 0x00, 0xDF, 0xF0, 0xA8, 0x42, 0x79, 0x00, 0xDF, 0xF0, 0xB8, 0x42, 0x79, 0x00, 0xDF,
    0xF0, 0xC8, 0x42, 0x79, 0x00, 0xDF, 0xF0, 0xD8, 0x41, 0xF9, 0x00, 0x00, 0x03, 0x1E, 0x4C, 0x90,
    0x00, 0x0F, 0x7E, 0x00, 0xB0, 0x50, 0x67, 0x0C, 0x06, 0x50, 0x00, 0x01, 0x33, 0xD0, 0x00, 0xDF,
    0xF0, 0xA8, 0x7E, 0x01, 0xB2, 0x68, 0x00, 0x02, 0x67, 0x10, 0x06, 0x68, 0x00, 0x01, 0x00, 0x02,
    0x33, 0xE8, 0x00, 0x02, 0x00, 0xDF, 0xF0, 0xB8, 0x7E, 0x01, 0xB2, 0x68, 0x00, 0x04, 0x67, 0x10,
    0x06, 0x68, 0x00, 0x01, 0x00, 0x04, 0x33, 0xE8, 0x00, 0x04, 0x00, 0xDF, 0xF0, 0xC8, 0x7E, 0x01,
    0xB2, 0x68, 0x00, 0x06, 0x67, 0x10, 0x06, 0x68, 0x00, 0x01, 0x00, 0x06, 0x33, 0xE8, 0x00, 0x06,
    0x00, 0xDF, 0xF0, 0xD8, 0x7E, 0x01, 0x4A, 0x47, 0x66, 0x00, 0xFF, 0xA8, 0x4E, 0x75, 0x0C, 0x79,
    0x00, 0x01, 0x00, 0x00, 0x00, 0x00, 0x67, 0x00, 0xFF, 0x78, 0x41, 0xF9, 0x00, 0x00, 0x03, 0x1E,
    0x30, 0x10, 0x04, 0x40, 0x00, 0x04, 0x6A, 0x04, 0x30, 0x3C, 0x00, 0x00, 0x30, 0x80, 0x33, 0xC0,
    0x00, 0xDF, 0xF0, 0xA8, 0x30, 0x28, 0x00, 0x02, 0x04, 0x40, 0x00, 0x04, 0x6A, 0x04, 0x30, 0x3C,
    0x00, 0x00, 0x31, 0x40, 0x00, 0x02, 0x33, 0xC0, 0x00, 0xDF, 0xF0, 0xB8, 0x30, 0x28, 0x00, 0x04,
    0x04, 0x40, 0x00, 0x04, 0x6A, 0x04, 0x30, 0x3C, 0x00, 0x00, 0x31, 0x40, 0x00, 0x04, 0x33, 0xC0,
    0x00, 0xDF, 0xF0, 0xC8, 0x30, 0x28, 0x00, 0x06, 0x04, 0x40, 0x00, 0x04, 0x6A, 0x04, 0x30, 0x3C,
    0x00, 0x00, 0x31, 0x40, 0x00, 0x06, 0x33, 0xC0, 0x00, 0xDF, 0xF0, 0xD8, 0x4E, 0x75, 0x00, 0x00,
    0x00, 0x00, 0x00, 0x00, 0x00, 0x00, 0x00, 0x00, 0x4E, 0xB9, 0x00, 0x00, 0x06, 0x66, 0x4E, 0xB9,
    0x00, 0x00, 0x0C, 0x50, 0x4E, 0xB9, 0x00, 0x00, 0x0B, 0x46, 0x4E, 0xB9, 0x00, 0x00, 0x0C, 0x92,
    0x20, 0x79, 0x00, 0x00, 0x00, 0x00, 0x4E, 0xB9, 0x00, 0x00, 0x05, 0xE0, 0x20, 0x79, 0x00, 0x00,
    0x00, 0x04, 0x4E, 0xB9, 0x00, 0x00, 0x05, 0xE0, 0x20, 0x79, 0x00, 0x00, 0x02, 0x12, 0x4E, 0xB9,
    0x00, 0x00, 0x05, 0xE0, 0x23, 0xF9, 0x00, 0x00, 0x02, 0x12, 0x00, 0x00, 0x0F, 0x0C, 0x41, 0xF9,
    0x00, 0x00, 0x0F, 0x00, 0x20, 0xF9, 0x00, 0x00, 0x02, 0x1A, 0x20, 0xF9, 0x00, 0x00, 0x02, 0x1E,
    0x20, 0xF9, 0x00, 0x00, 0x02, 0x22, 0x33, 0xFC, 0x00, 0x00, 0x00, 0x00, 0x08, 0x4E, 0x33, 0xFC,
    0x00, 0x00, 0x00, 0x00, 0x09, 0x0A, 0x33, 0xFC, 0x00, 0x08, 0x00, 0x00, 0x09, 0x08, 0x4E, 0xB9,
    0x00, 0x00, 0x08, 0x52, 0x4E, 0xB9, 0x00, 0x00, 0x0C, 0xC4, 0x60, 0x00, 0x01, 0xA4, 0x4E, 0x75,
    0x41, 0xF9, 0x00, 0x00, 0x00, 0x06, 0x31, 0x7C, 0x00, 0x00, 0x00, 0x0A, 0x31, 0x7C, 0x00, 0x00,
    0x00, 0x12, 0x31, 0x7C, 0x00, 0x00, 0x00, 0x14, 0x31, 0x7C, 0x00, 0x00, 0x00, 0x16, 0x31, 0x7C,
    0x00, 0x00, 0x00, 0x18, 0x41, 0xF9, 0x00, 0x00, 0x00, 0x06, 0x70, 0x00, 0x4E, 0xB9, 0x00, 0x00,
    0x00, 0x1A, 0x20, 0x39, 0x00, 0x00, 0x00, 0x04, 0x4E, 0xB9, 0x00, 0x00, 0x0D, 0x9A, 0x33, 0xFC,
    0x00, 0x01, 0x00, 0x00, 0x00, 0x18, 0x41, 0xF9, 0x00, 0x00, 0x00, 0x10, 0x20, 0x68, 0x00, 0x10,
    0x20, 0x3C, 0x00, 0x00, 0x00, 0x49, 0x32, 0x3C, 0x00, 0x09, 0x34, 0x3C, 0x00, 0x3C, 0x4E, 0xB9,
    0x00, 0x00, 0x02, 0x2C, 0x33, 0xFC, 0x00, 0x00, 0x00, 0x00, 0x00, 0x18, 0x4E, 0xB9, 0x00, 0x00,
    0x0C, 0x92, 0x70, 0x08, 0x4E, 0xB9, 0x00, 0x00, 0x06, 0x58, 0x60, 0x00, 0x01, 0x2A, 0x41, 0xF9,
    0x00, 0x00, 0x00, 0x06, 0x31, 0x7C, 0x0F, 0xFF, 0x00, 0x0A, 0x31, 0x7C, 0x0F, 0xFF, 0x00, 0x12,
    0x31, 0x7C, 0x0F, 0xFF, 0x00, 0x14, 0x31, 0x7C, 0x0F, 0xFF, 0x00, 0x16, 0x31, 0x7C, 0x0F, 0xFF,
    0x00, 0x18, 0x23, 0xFC, 0x00, 0x00, 0x00, 0x01, 0x00, 0x00, 0x0C, 0x8C, 0x41, 0xF9, 0x00, 0x00,
    0x00, 0x06, 0x4E, 0xB9, 0x00, 0x00, 0x0C, 0x70, 0x70, 0x02, 0x4E, 0xB9, 0x00, 0x00, 0x06, 0x58,
    0x41, 0xF9, 0x00, 0x00, 0x00, 0x06, 0x31, 0x7C, 0x00, 0x00, 0x00, 0x0A, 0x31, 0x7C, 0x00, 0x00,
    0x00, 0x12, 0x31, 0x7C, 0x00, 0x00, 0x00, 0x14, 0x31, 0x7C, 0x00, 0x00, 0x00, 0x16, 0x31, 0x7C,
    0x00, 0x00, 0x00, 0x18, 0x41, 0xF9, 0x00, 0x00, 0x00, 0x06, 0x70, 0x00, 0x4E, 0xB9, 0x00, 0x00,
    0x00, 0x1A, 0x4E, 0xB9, 0x00, 0x00, 0x0C, 0x92, 0x4E, 0xB9, 0x00, 0x00, 0x0C, 0xC4, 0x41, 0xF9,
    0x00, 0x00, 0x00, 0x06, 0x31, 0x7C, 0x0F, 0xFF, 0x00, 0x0A, 0x31, 0x7C, 0x0F, 0xFF, 0x00, 0x12,
    0x31, 0x7C, 0x0F, 0xFF, 0x00, 0x14, 0x31, 0x7C, 0x0F, 0xFF, 0x00, 0x16, 0x31, 0x7C, 0x0F, 0xFF,
    0x00, 0x18, 0x23, 0xFC, 0x00, 0x00, 0x00, 0x01, 0x00, 0x00, 0x0C, 0x8C, 0x41, 0xF9, 0x00, 0x00,
    0x00, 0x06, 0x4E, 0xB9, 0x00, 0x00, 0x0C, 0x70, 0x20, 0x39, 0x00, 0x00, 0x00, 0x04, 0x4E, 0xB9,
    0x00, 0x00, 0x0D, 0x9A, 0x0C, 0x79, 0x00, 0x06, 0x00, 0x00, 0x07, 0x9C, 0x6C, 0x00, 0x00, 0x52,
    0x41, 0xF9, 0x00, 0x00, 0x07, 0x9E, 0x3E, 0x39, 0x00, 0x00, 0x07, 0x9C, 0xE5, 0x4F, 0x20, 0x70,
    0x70, 0x00, 0x4E, 0xB9, 0x00, 0x00, 0x01, 0x32, 0x52, 0x79, 0x00, 0x00, 0x07, 0x9C, 0x41, 0xF9,
    0x00, 0x00, 0x00, 0x06, 0x31, 0x7C, 0x00, 0x00, 0x00, 0x0A, 0x31, 0x7C, 0x00, 0x00, 0x00, 0x12,
    0x31, 0x7C, 0x00, 0x00, 0x00, 0x14, 0x31, 0x7C, 0x00, 0x00, 0x00, 0x16, 0x31, 0x7C, 0x00, 0x00,
    0x00, 0x18, 0x41, 0xF9, 0x00, 0x00, 0x00, 0x06, 0x70, 0x00, 0x4E, 0xB9, 0x00, 0x00, 0x00, 0x1A,
    0x4E, 0xB9, 0x00, 0x00, 0x0C, 0x92, 0x4A, 0x79, 0x00, 0x00, 0x00, 0x00, 0x67, 0x08, 0x33, 0xFC,
    0x00, 0x01, 0x00, 0x00, 0x0F, 0x60, 0x23, 0xFC, 0x00, 0x00, 0x00, 0x02, 0x00, 0x00, 0x0C, 0x8C,
    0x41, 0xF9, 0x00, 0x00, 0x00, 0x06, 0x31, 0x7C, 0x00, 0x00, 0x00, 0x0A, 0x31, 0x7C, 0x0F, 0xED,
    0x00, 0x12, 0x31, 0x7C, 0x0D, 0xC9, 0x00, 0x14, 0x31, 0x7C, 0x0B, 0x95, 0x00, 0x16, 0x31, 0x7C,
    0x08, 0x42, 0x00, 0x18, 0x41, 0xF9, 0x00, 0x00, 0x00, 0x06, 0x70, 0x02, 0x4E, 0xB9, 0x00, 0x00,
    0x00, 0x1A, 0x4E, 0xB9, 0x00, 0x00, 0x0A, 0x18, 0x4E, 0x75, 0x4E, 0xB9, 0x00, 0x00, 0x0B, 0x46,
    0x41, 0xF9, 0x00, 0x00, 0x00, 0x06, 0x31, 0x7C, 0x0A, 0x00, 0x00, 0x12, 0x31, 0x7C, 0x06, 0x00,
    0x00, 0x14, 0x31, 0x7C, 0x03, 0x00, 0x00, 0x16, 0x31, 0x7C, 0x0F, 0xC6, 0x00, 0x18, 0x41, 0xF9,
    0x00, 0x00, 0x00, 0x06, 0x4E, 0xB9, 0x00, 0x00, 0x07, 0x88, 0x41, 0xF9, 0x00, 0x00, 0x06, 0x5E,
    0x43, 0xF9, 0x00, 0x00, 0x06, 0x74, 0x30, 0x3C, 0xFF, 0xFE, 0x06, 0x40, 0x00, 0x02, 0x32, 0x30,
    0x00, 0x00, 0xB2, 0x79, 0x00, 0x00, 0x08, 0x4E, 0x6D, 0xF0, 0x33, 0xF1, 0x00, 0x00, 0x00, 0x00,
    0x08, 0x50, 0x4E, 0xB9, 0x00, 0x00, 0x03, 0x30, 0x08, 0xC1, 0x00, 0x02, 0x4E, 0xB9, 0x00, 0x00,
    0x07, 0xB6, 0x4E, 0xB9, 0x00, 0x00, 0x0C, 0x92, 0x0C, 0x79, 0x00, 0x04, 0x00, 0x00, 0x08, 0x50,
    0x66, 0x06, 0x4E, 0xB9, 0x00, 0x00, 0x00, 0x00, 0x4E, 0xB9, 0x00, 0x00, 0x03, 0x3C, 0x0C, 0x79,
    0x03, 0xE8, 0x00, 0x00, 0x08, 0x4E, 0x6D, 0xA2, 0x20, 0x79, 0x00, 0x00, 0x00, 0x00, 0x22, 0x79,
    0x00, 0x00, 0x00, 0x04, 0x4E, 0xB9, 0x00, 0x00, 0x0C, 0xE2, 0x20, 0x79, 0x00, 0x00, 0x00, 0x00,
    0x22, 0x79, 0x00, 0x00, 0x02, 0x12, 0x4E, 0xB9, 0x00, 0x00, 0x0C, 0xE2, 0x4E, 0x75, 0x00, 0x0A,
    0x00, 0x12, 0x00, 0x21, 0x00, 0x41, 0x00, 0x73, 0x03, 0x84, 0x03, 0x98, 0x03, 0xAC, 0x03, 0xC0,
    0x03, 0xD4, 0x04, 0xB0, 0x00, 0x01, 0x00, 0x02, 0x00, 0x03, 0x00, 0x04, 0x00, 0x05, 0x00, 0x06,
    0x00, 0x05, 0x00, 0x04, 0x00, 0x03, 0x00, 0x02, 0x00, 0x01, 0x4E, 0xB9, 0x00, 0x00, 0x0B, 0x46,
    0x4E, 0xB9, 0x00, 0x00, 0x0C, 0x92, 0x20, 0x79, 0x00, 0x00, 0x00, 0x00, 0x4E, 0xB9, 0x00, 0x00,
    0x05, 0xE0, 0x23, 0xF9, 0x00, 0x00, 0x02, 0x12, 0x00, 0x00, 0x0F, 0x0C, 0x41, 0xF9, 0x00, 0x00,
    0x0F, 0x00, 0x20, 0xF9, 0x00, 0x00, 0x02, 0x1A, 0x20, 0xF9, 0x00, 0x00, 0x02, 0x1E, 0x20, 0xF9,
    0x00, 0x00, 0x02, 0x22, 0x23, 0xFC, 0x00, 0x00, 0x00, 0x02, 0x00, 0x00, 0x02, 0x3E, 0x23, 0xFC,
    0x00, 0x00, 0x00, 0x00, 0x00, 0x00, 0x00, 0x9A, 0x33, 0xFC, 0x03, 0xE8, 0x00, 0x00, 0x08, 0x4E,
    0x33, 0xFC, 0x00, 0x02, 0x00, 0x00, 0x08, 0x50, 0x33, 0xFC, 0x00, 0x00, 0x00, 0x00, 0x09, 0x0A,
    0x33, 0xFC, 0x00, 0x08, 0x00, 0x00, 0x09, 0x08, 0x33, 0xFC, 0x00, 0x00, 0x00, 0x00, 0x0F, 0x5A,
    0x33, 0xFC, 0x00, 0x09, 0x00, 0x00, 0x08, 0x50, 0x4E, 0xB9, 0x00, 0x00, 0x08, 0x52, 0x4E, 0xB9,
    0x00, 0x00, 0x08, 0x3A, 0x4E, 0xB9, 0x00, 0x00, 0x0C, 0x92, 0x4E, 0x75, 0x4A, 0x79, 0x00, 0x00,
    0x0F, 0x5A, 0x66, 0x34, 0x4E, 0xB9, 0x00, 0x00, 0x03, 0x30, 0xB3, 0x81, 0x08, 0xC1, 0x00, 0x03,
    0x4E, 0xB9, 0x00, 0x00, 0x07, 0xB6, 0x4E, 0xB9, 0x00, 0x00, 0x02, 0xBE, 0x4E, 0xB9, 0x00, 0x00,
    0x03, 0x2A, 0x4E, 0xB9, 0x00, 0x00, 0x0C, 0x92, 0x4E, 0xB9, 0x00, 0x00, 0x03, 0x3C, 0x0C, 0x79,
    0x00, 0xC8, 0x00, 0x00, 0x08, 0x4E, 0x6C, 0xC4, 0x20, 0x79, 0x00, 0x00, 0x00, 0x00, 0x22, 0x79,
    0x00, 0x00, 0x00, 0x04, 0x4E, 0xB9, 0x00, 0x00, 0x0C, 0xE2, 0x20, 0x79, 0x00, 0x00, 0x00, 0x00,
    0x22, 0x79, 0x00, 0x00, 0x02, 0x12, 0x4E, 0xB9, 0x00, 0x00, 0x0C, 0xE2, 0x4E, 0x75, 0x33, 0xFC,
    0x00, 0x01, 0x00, 0x00, 0x0F, 0x5A, 0x4E, 0x75, 0x04, 0x79, 0x00, 0x01, 0x00, 0x00, 0x08, 0x50,
    0x4E, 0x75, 0x70, 0x64, 0x4E, 0xB9, 0x00, 0x00, 0x06, 0x58, 0x4E, 0x75, 0x00, 0x00, 0x00, 0x00,
    0x2E, 0x6C, 0x00, 0x00, 0x2E, 0x88, 0x00, 0x00, 0x2E, 0xB2, 0x00, 0x00, 0x2E, 0xDC, 0x00, 0x00,
    0x2F, 0x22, 0x00, 0x00, 0x2E, 0xF8, 0x30, 0x39, 0x00, 0x00, 0x08, 0x50, 0x08, 0x01, 0x00, 0x02,
    0x67, 0x3C, 0xD1, 0x79, 0x00, 0x00, 0x08, 0x4E, 0x0C, 0x79, 0x03, 0xE8, 0x00, 0x00, 0x08, 0x4E,
    0x6F, 0x22, 0x33, 0xFC, 0x03, 0xE8, 0x00, 0x00, 0x08, 0x4E, 0x33, 0xFC, 0x00, 0x00, 0x00, 0x00,
    0x09, 0x0A, 0x33, 0xFC, 0x00, 0x08, 0x00, 0x00, 0x09, 0x08, 0x4E, 0xB9, 0x00, 0x00, 0x08, 0x52,
    0x60, 0x00, 0x00, 0x48, 0x4E, 0xB9, 0x00, 0x00, 0x09, 0x7E, 0x60, 0x00, 0x00, 0x3E, 0x08, 0x01,
    0x00, 0x03, 0x67, 0x34, 0x91, 0x79, 0x00, 0x00, 0x08, 0x4E, 0x6A, 0x22, 0x33, 0xFC, 0x00, 0x00,
    0x00, 0x00, 0x08, 0x4E, 0x33, 0xFC, 0x00, 0x00, 0x00, 0x00, 0x09, 0x0A, 0x33, 0xFC, 0x00, 0x08,
    0x00, 0x00, 0x09, 0x08, 0x4E, 0xB9, 0x00, 0x00, 0x08, 0x52, 0x60, 0x00, 0x00, 0x0E, 0x4E, 0xB9,
    0x00, 0x00, 0x09, 0x18, 0x60, 0x00, 0x00, 0x04, 0x4E, 0x75, 0x20, 0x79, 0x00, 0x00, 0x0F, 0x0C,
    0x22, 0x79, 0x00, 0x00, 0x00, 0x04, 0x4E, 0xB9, 0x00, 0x00, 0x0C, 0xE2, 0x4E, 0x75, 0x03, 0xE8,
    0x00, 0x02, 0x70, 0x00, 0x30, 0x39, 0x00, 0x00, 0x08, 0x4E, 0x80, 0xFC, 0x00, 0x19, 0x32, 0x00,
    0x26, 0x00, 0xC2, 0xFC, 0x00, 0x14, 0x48, 0x43, 0x38, 0x03, 0x33, 0xC4, 0x00, 0x00, 0x09, 0xDA,
    0x7A, 0x19, 0x9A, 0x44, 0x33, 0xC5, 0x00, 0x00, 0x09, 0xDC, 0x20, 0x3C, 0x00, 0x00, 0x00, 0x14,
    0xC0, 0xF9, 0x00, 0x00, 0x09, 0x0A, 0xD2, 0x40, 0x41, 0xF9, 0x00, 0x00, 0x00, 0x00, 0x41, 0xF0,
    0x10, 0x00, 0x70, 0x00, 0x72, 0x00, 0x32, 0x39, 0x00, 0x00, 0x09, 0x0A, 0xC2, 0xFC, 0x00, 0x19,
    0x92, 0x79, 0x00, 0x00, 0x09, 0xDA, 0x7E, 0x00, 0x36, 0x10, 0x48, 0xE7, 0xFF, 0xFE, 0x48, 0xC3,
    0x24, 0x03, 0x86, 0xFC, 0x00, 0x50, 0xE5, 0x4B, 0x38, 0x03, 0x41, 0xF9, 0x00, 0x00, 0x0F, 0x00,
    0x20, 0x70, 0x30, 0x00, 0x43, 0xF9, 0x00, 0x00, 0x09, 0x0C, 0x28, 0x31, 0x40, 0x00, 0x94, 0x44,
    0x22, 0x79, 0x00, 0x00, 0x0F, 0x0C, 0x4E, 0xB9, 0x00, 0x00, 0x09, 0xDE, 0x4C, 0xDF, 0x7F, 0xFF,
    0x54, 0x88, 0x06, 0x80, 0x00, 0x00, 0x00, 0x20, 0xB0, 0xBC, 0x00, 0x00, 0x01, 0x3F, 0x6F, 0xB8,
    0x06, 0x81, 0x00, 0x00, 0x00, 0x19, 0x30, 0x3C, 0x00, 0x00, 0x06, 0x47, 0x00, 0x01, 0xBE, 0x79,
    0x00, 0x00, 0x09, 0x08, 0x6D, 0xA2, 0x4E, 0x75, 0x00, 0x08, 0x00, 0x00, 0x00, 0x00, 0x00, 0x00,
    0x00, 0x00, 0x00, 0x50, 0x00, 0x00, 0x00, 0xA0, 0x30, 0x39, 0x00, 0x00, 0x08, 0x50, 0x20, 0x79,
    0x00, 0x00, 0x0F, 0x0C, 0x32, 0x00, 0xEB, 0x48, 0xE7, 0x49, 0xD0, 0x41, 0x22, 0x79, 0x00, 0x00,
    0x0F, 0x0C, 0x43, 0xF1, 0x00, 0x00, 0x7E, 0x04, 0x70, 0x00, 0x72, 0x00, 0x34, 0x3C, 0x00, 0x14,
    0x76, 0x00, 0x36, 0x3C, 0x00, 0xC8, 0x96, 0x79, 0x00, 0x00, 0x08, 0x50, 0x48, 0xE7, 0x00, 0xC0,
    0x4E, 0xB9, 0x00, 0x00, 0x00, 0x80, 0x4C, 0xDF, 0x03, 0x00, 0x41, 0xE8, 0x1F, 0x40, 0x43, 0xE9,
    0x1F, 0x40, 0x51, 0xCF, 0xFF, 0xD4, 0x33, 0xFC, 0x00, 0x00, 0x00, 0x00, 0x09, 0x0A, 0x33, 0xFC,
    0x00, 0x02, 0x00, 0x00, 0x09, 0x08, 0x4E, 0xB9, 0x00, 0x00, 0x08, 0x52, 0x4E, 0x75, 0x30, 0x39,
    0x00, 0x00, 0x08, 0x50, 0x22, 0x79, 0x00, 0x00, 0x0F, 0x0C, 0x32, 0x00, 0xEB, 0x48, 0xE7, 0x49,
    0xD0, 0x41, 0x20, 0x79, 0x00, 0x00, 0x0F, 0x0C, 0x41, 0xF0, 0x00, 0x00, 0x7E, 0x04, 0x70, 0x00,
    0x72, 0x00, 0x34, 0x3C, 0x00, 0x14, 0x36, 0x3C, 0x00, 0xC8, 0x96, 0x79, 0x00, 0x00, 0x08, 0x50,
    0x4E, 0xB9, 0x00, 0x00, 0x00, 0x36, 0x41, 0xE8, 0x1F, 0x40, 0x43, 0xE9, 0x1F, 0x40, 0x51, 0xCF,
    0xFF, 0xDE, 0x33, 0xFC, 0x00, 0x07, 0x00, 0x00, 0x09, 0x0A, 0x33, 0xFC, 0x00, 0x02, 0x00, 0x00,
    0x09, 0x08, 0x4E, 0xB9, 0x00, 0x00, 0x08, 0x52, 0x4E, 0x75, 0x00, 0x00, 0x00, 0x00, 0x33, 0xC0,
    0x00, 0x00, 0x0F, 0x24, 0x33, 0xC1, 0x00, 0x00, 0x0F, 0x26, 0xB2, 0x7C, 0x00, 0xC8, 0x6C, 0x00,
    0x00, 0xB2, 0x23, 0xC8, 0x00, 0x00, 0x0F, 0x28, 0x23, 0xC9, 0x00, 0x00, 0x0F, 0x2C, 0x33, 0xC2,
    0x00, 0x00, 0x0F, 0x30, 0x33, 0xF9, 0x00, 0x00, 0x2E, 0x48, 0x00, 0x00, 0x2E, 0x52, 0x33, 0xF9,
    0x00, 0x00, 0x2E, 0x4A, 0x00, 0x00, 0x2E, 0x50, 0x61, 0x00, 0x00, 0x8A, 0x30, 0x39, 0x00, 0x00,
    0x0F, 0x30, 0x61, 0x00, 0x01, 0x74, 0x61, 0x00, 0x01, 0x16, 0x20, 0x79, 0x00, 0x00, 0x0F, 0x28,
    0xD1, 0xC0, 0xD1, 0xF9, 0x00, 0x00, 0x0F, 0x36, 0x23, 0xC8, 0x00, 0x00, 0x0F, 0x4A, 0x30, 0x39,
    0x00, 0x00, 0x0F, 0x24, 0x32, 0x39, 0x00, 0x00, 0x0F, 0x26, 0x4E, 0xB9, 0x00, 0x00, 0x0B, 0x3E,
    0x22, 0x79, 0x00, 0x00, 0x0F, 0x2C, 0xD3, 0xC0, 0x23, 0xC9, 0x00, 0x00, 0x0F, 0x4E, 0x70, 0x04,
    0x2F, 0x00, 0x20, 0x79, 0x00, 0x00, 0x0F, 0x4A, 0x22, 0x79, 0x00, 0x00, 0x0F, 0x4E, 0x30, 0x3C,
    0x00, 0x24, 0x32, 0x3C, 0x00, 0x24, 0x24, 0x3C, 0x00, 0x00, 0x00, 0x02, 0x36, 0x39, 0x00, 0x00,
    0x2E, 0x52, 0x4E, 0xB9, 0x00, 0x00, 0x00, 0x36, 0x06, 0xB9, 0x00, 0x00, 0x1F, 0x40, 0x00, 0x00,
    0x0F, 0x4A, 0x06, 0xB9, 0x00, 0x00, 0x1F, 0x40, 0x00, 0x00, 0x0F, 0x4E, 0x20, 0x1F, 0x51, 0xC8,
    0xFF, 0xC0, 0x4E, 0x75, 0x48, 0xE7, 0xFF, 0xFE, 0x3C, 0x39, 0x00, 0x00, 0x2E, 0x48, 0xDC, 0x41,
    0xBC, 0x7C, 0x00, 0xC8, 0x6F, 0x0E, 0x3C, 0x3C, 0x00, 0xC8, 0x9C, 0x41, 0x33, 0xC6, 0x00, 0x00,
    0x2E, 0x52, 0x60, 0x52, 0x23, 0xFC, 0x00, 0x00, 0x00, 0x00, 0x00, 0x00, 0x0F, 0x36, 0x33, 0xFC,
    0x00, 0x00, 0x00, 0x00, 0x0F, 0x3A, 0xB2, 0x7C, 0x00, 0x00, 0x6C, 0x00, 0x00, 0x3A, 0x3A, 0x01,
    0x0A, 0x45, 0xFF, 0xFF, 0x3C, 0x39, 0x00, 0x00, 0x2E, 0x48, 0x9C, 0x45, 0x33, 0xC6, 0x00, 0x00,
    0x2E, 0x52, 0x02, 0x85, 0x00, 0x00, 0xFF, 0xFF, 0x3C, 0x05, 0xEB, 0x4D, 0xE7, 0x4E, 0xDA, 0x46,
    0x23, 0xC5, 0x00, 0x00, 0x0F, 0x36, 0x33, 0xFC, 0x00, 0x00, 0x00, 0x00, 0x0F, 0x26, 0x33, 0xFC,
    0x00, 0x00, 0x00, 0x00, 0x0F, 0x40, 0x23, 0xFC, 0x00, 0x00, 0x00, 0x00, 0x00, 0x00, 0x0F, 0x32,
    0xB0, 0x7C, 0x00, 0x00, 0x6C, 0x00, 0x00, 0x12, 0x33, 0xFC, 0x00, 0x00, 0x00, 0x00, 0x0F, 0x24,
    0x33, 0xFC, 0x00, 0x00, 0x00, 0x00, 0x0F, 0x3E, 0x4C, 0xDF, 0x7F, 0xFF, 0x4E, 0x75, 0x48, 0xE7,
    0x0F, 0x00, 0x3A, 0x02, 0x34, 0x00, 0x36, 0x01, 0x2C, 0x01, 0x2E, 0x01, 0xE9, 0x4E, 0xE5, 0x4F,
    0xDE, 0x46, 0x32, 0x07, 0xE8, 0x48, 0x38, 0x00, 0xD0, 0x41, 0xE3, 0x40, 0xE9, 0x4C, 0x94, 0x44,
    0x32, 0x02, 0x36, 0x01, 0x04, 0x43, 0x00, 0x10, 0x02, 0x82, 0x00, 0x00, 0xFF, 0xFF, 0x00, 0x42,
    0xFF, 0xFF, 0x48, 0x42, 0xE6, 0xBA, 0x36, 0x3C, 0x00, 0x00, 0x4C, 0xDF, 0x00, 0xF0, 0x02, 0x80,
    0x00, 0x00, 0xFF, 0xFF, 0x02, 0x81, 0x00, 0x00, 0xFF, 0xFF, 0x02, 0x82, 0x00, 0x00, 0xFF, 0xFF,
    0x02, 0x83, 0x00, 0x00, 0xFF, 0xFF, 0x4E, 0x75, 0x2E, 0x3C, 0x00, 0x00, 0x00, 0x00, 0x02, 0x80,
    0x00, 0x00, 0x00, 0xFF, 0x3E, 0x00, 0x8F, 0xFC, 0x00, 0x0A, 0x02, 0x87, 0x00, 0x00, 0xFF, 0xFF,
    0xCE, 0xFC, 0x00, 0x19, 0x32, 0x07, 0x2E, 0x00, 0x81, 0xFC, 0x00, 0x0A, 0x02, 0x80, 0x00, 0x00,
    0xFF, 0xFF, 0xC0, 0xFC, 0x00, 0x0A, 0x9E, 0x80, 0xCE, 0xFC, 0x00, 0x20, 0x30, 0x07, 0x33, 0xC0,
    0x00, 0x00, 0x0F, 0x20, 0x33, 0xC1, 0x00, 0x00, 0x0F, 0x22, 0x4E, 0x75,
};
static const IxReloc ix_program_h31_rel[239] = {
    { 0x00002, 32 },
    { 0x00008, 16 },
    { 0x00012, 31 },
    { 0x0001C, 32 },
    { 0x00022, 32 },
    { 0x00028, 32 },
    { 0x00030, 32 },
    { 0x00062, 32 },
    { 0x00082, 32 },
    { 0x0009C, 32 },
    { 0x000AA, 32 },
    { 0x000B2, 32 },
    { 0x000B6, 32 },
    { 0x000BC, 32 },
    { 0x000C8, 31 },
    { 0x000D2, 32 },
    { 0x000DE, 31 },
    { 0x000F8, 32 },
    { 0x000FE, 32 },
    { 0x00126, 32 },
    { 0x00162, 32 },
    { 0x00184, 32 },
    { 0x00192, 31 },
    { 0x001CA, 32 },
    { 0x0024A, 31 },
    { 0x002B2, 32 },
    { 0x002BC, 31 },
    { 0x0032A, 15 },
    { 0x00330, 10 },
    { 0x00336, 10 },
    { 0x0033C, 10 },
    { 0x00342, 30 },
    { 0x00348, 29 },
    { 0x0034E, 30 },
    { 0x00354, 29 },
    { 0x0035A, 2 },
    { 0x00360, 29 },
    { 0x00366, 2 },
    { 0x0036A, 33 },
    { 0x00370, 33 },
    { 0x00376, 2 },
    { 0x0037C, 2 },
    { 0x00382, 2 },
    { 0x0038A, 31 },
    { 0x00392, 31 },
    { 0x0039A, 31 },
    { 0x003A0, 31 },
    { 0x003A6, 10 },
    { 0x003B2, 9 },
    { 0x003D6, 9 },
    { 0x003DE, 31 },
    { 0x003E4, 30 },
    { 0x003EA, 10 },
    { 0x003F2, 24 },
    { 0x003F8, 3 },
    { 0x00410, 23 },
    { 0x00418, 24 },
    { 0x0041E, 10 },
    { 0x00426, 29 },
    { 0x00430, 9 },
    { 0x00458, 10 },
    { 0x0045E, 9 },
    { 0x00464, 10 },
    { 0x0046C, 29 },
    { 0x00472, 9 },
    { 0x00496, 9 },
    { 0x0049E, 31 },
    { 0x004A4, 10 },
    { 0x004AA, 10 },
    { 0x004B0, 9 },
    { 0x004D8, 10 },
    { 0x004DE, 9 },
    { 0x004E4, 10 },
    { 0x004EA, 30 },
    { 0x004F0, 10 },
    { 0x004F8, 31 },
    { 0x00502, 31 },
    { 0x00508, 31 },
    { 0x00514, 12 },
    { 0x0051A, 31 },
    { 0x00520, 9 },
    { 0x00544, 9 },
    { 0x0054C, 31 },
    { 0x00552, 10 },
    { 0x00558, 16 },
    { 0x00562, 33 },
    { 0x0056C, 10 },
    { 0x00572, 9 },
    { 0x00596, 9 },
    { 0x0059E, 31 },
    { 0x005A4, 10 },
    { 0x005AC, 10 },
    { 0x005B2, 9 },
    { 0x005D0, 9 },
    { 0x005D6, 29 },
    { 0x005DC, 31 },
    { 0x005E2, 31 },
    { 0x005F4, 31 },
    { 0x005FE, 31 },
    { 0x00604, 0 },
    { 0x0060E, 31 },
    { 0x00614, 10 },
    { 0x0061C, 31 },
    { 0x00624, 1 },
    { 0x0062A, 0 },
    { 0x00632, 31 },
    { 0x0063A, 30 },
    { 0x00640, 30 },
    { 0x00646, 10 },
    { 0x0064C, 30 },
    { 0x00652, 2 },
    { 0x00658, 10 },
    { 0x0068C, 10 },
    { 0x00692, 10 },
    { 0x00698, 30 },
    { 0x0069E, 29 },
    { 0x006A4, 2 },
    { 0x006A8, 33 },
    { 0x006AE, 33 },
    { 0x006B4, 2 },
    { 0x006BA, 2 },
    { 0x006C0, 2 },
    { 0x006CA, 2 },
    { 0x006D4, 3 },
    { 0x006DC, 31 },
    { 0x006E4, 31 },
    { 0x006EC, 31 },
    { 0x006F4, 31 },
    { 0x006FC, 33 },
    { 0x00704, 31 },
    { 0x0070A, 31 },
    { 0x00710, 31 },
    { 0x00716, 10 },
    { 0x0071E, 33 },
    { 0x00726, 0 },
    { 0x00732, 31 },
    { 0x00738, 10 },
    { 0x0073E, 10 },
    { 0x00744, 10 },
    { 0x0074A, 0 },
    { 0x00752, 31 },
    { 0x0075A, 30 },
    { 0x00760, 30 },
    { 0x00766, 10 },
    { 0x0076C, 30 },
    { 0x00772, 2 },
    { 0x00778, 10 },
    { 0x00782, 33 },
    { 0x0078C, 31 },
    { 0x00796, 29 },
    { 0x0079E, 2 },
    { 0x007A2, 2 },
    { 0x007A6, 2 },
    { 0x007AA, 2 },
    { 0x007AE, 2 },
    { 0x007B2, 2 },
    { 0x007B8, 31 },
    { 0x007C4, 31 },
    { 0x007CC, 31 },
    { 0x007D6, 31 },
    { 0x007DE, 31 },
    { 0x007E6, 31 },
    { 0x007EC, 31 },
    { 0x007F6, 31 },
    { 0x00806, 31 },
    { 0x00810, 31 },
    { 0x00818, 31 },
    { 0x00820, 31 },
    { 0x00826, 31 },
    { 0x00830, 31 },
    { 0x0083C, 33 },
    { 0x00842, 30 },
    { 0x00848, 10 },
    { 0x00856, 31 },
    { 0x0086C, 31 },
    { 0x00876, 31 },
    { 0x00882, 31 },
    { 0x0088A, 33 },
    { 0x00898, 31 },
    { 0x008A2, 31 },
    { 0x008BC, 33 },
    { 0x008C6, 31 },
    { 0x008D2, 33 },
    { 0x008D8, 31 },
    { 0x00900, 31 },
    { 0x0091A, 31 },
    { 0x00920, 33 },
    { 0x0092E, 33 },
    { 0x00948, 31 },
    { 0x00952, 25 },
    { 0x0096A, 31 },
    { 0x00972, 31 },
    { 0x00978, 31 },
    { 0x00980, 31 },
    { 0x00986, 33 },
    { 0x00994, 33 },
    { 0x009AC, 31 },
    { 0x009B2, 25 },
    { 0x009C6, 31 },
    { 0x009CE, 31 },
    { 0x009D4, 31 },
    { 0x009E0, 33 },
    { 0x009E6, 33 },
    { 0x009F4, 33 },
    { 0x009FA, 33 },
    { 0x00A00, 33 },
    { 0x00A06, 2 },
    { 0x00A0A, 2 },
    { 0x00A10, 2 },
    { 0x00A14, 2 },
    { 0x00A1E, 33 },
    { 0x00A2C, 33 },
    { 0x00A34, 33 },
    { 0x00A3A, 33 },
    { 0x00A40, 33 },
    { 0x00A46, 33 },
    { 0x00A4C, 31 },
    { 0x00A52, 33 },
    { 0x00A5A, 33 },
    { 0x00A64, 33 },
    { 0x00A6A, 33 },
    { 0x00A7E, 2 },
    { 0x00A84, 25 },
    { 0x00A8E, 33 },
    { 0x00A98, 33 },
    { 0x00AAA, 2 },
    { 0x00ABE, 2 },
    { 0x00ACA, 33 },
    { 0x00AD2, 33 },
    { 0x00AE6, 2 },
    { 0x00AEE, 2 },
    { 0x00B02, 33 },
    { 0x00B0A, 33 },
    { 0x00B12, 33 },
    { 0x00B1C, 33 },
    { 0x00B2C, 33 },
    { 0x00B34, 33 },
    { 0x00BD0, 33 },
    { 0x00BD6, 33 },
};

static const uint8_t ix_program_h32[180] = {
    0x00, 0x00, 0x00, 0x00, 0x00, 0x00, 0x00, 0x00, 0x00, 0x00, 0x00, 0x00, 0x00, 0x00, 0x00, 0x00,
    0x00, 0x00, 0x00, 0x00, 0x00, 0x00, 0x00, 0x00, 0x00, 0x00, 0x00, 0x00, 0x00, 0x00, 0x00, 0x00,
    0x00, 0x00, 0x00, 0x00, 0x00, 0x00, 0x00, 0x00, 0x00, 0x00, 0x00, 0x00, 0x00, 0x00, 0x00, 0x00,
    0x00, 0x00, 0x00, 0x00, 0x00, 0x00, 0x00, 0x00, 0x00, 0x00, 0x00, 0x00, 0x00, 0x00, 0x00, 0x00,
    0x00, 0x00, 0x00, 0x00, 0x00, 0x00, 0x00, 0x00, 0x00, 0x00, 0x00, 0x00, 0x00, 0x00, 0x00, 0x00,
    0x00, 0x00, 0x00, 0x00, 0x00, 0x00, 0x00, 0x00, 0x00, 0x00, 0x00, 0x00, 0x00, 0x00, 0x00, 0x00,
    0x00, 0x00, 0x00, 0x00, 0x00, 0x00, 0x00, 0x00, 0x00, 0x00, 0x00, 0x00, 0x00, 0x00, 0x00, 0x00,
    0x00, 0x00, 0x00, 0x00, 0x00, 0x00, 0x00, 0x00, 0x00, 0x00, 0x00, 0x00, 0x00, 0x00, 0x00, 0x00,
    0x00, 0x00, 0x00, 0x00, 0x00, 0x00, 0x00, 0x00, 0x00, 0x00, 0x00, 0x00, 0x00, 0x00, 0x00, 0x00,
    0x00, 0x00, 0x00, 0x00, 0x00, 0x00, 0x00, 0x00, 0x00, 0x00, 0x00, 0x00, 0x00, 0x00, 0x00, 0x00,
    0x00, 0x00, 0x00, 0x00, 0x00, 0x00, 0x00, 0x00, 0x00, 0x00, 0x00, 0x00, 0x00, 0x00, 0x00, 0x00,
    0x00, 0x00, 0x00, 0x00,
};


static const IxHunk ix_program_hunk_list[34] = {
    { IX_HUNK_CODE, 0x00100000, 4688, ix_program_h0, 4688, ix_program_h0_rel, 597 },
    { IX_HUNK_CODE, 0x00101250, 1940, ix_program_h1, 1940, ix_program_h1_rel, 44 },
    { IX_HUNK_DATA, 0x001019E4, 12288, ix_program_h2, 12288, ix_program_h2_rel, 84 },
    { IX_HUNK_BSS, 0x001049E4, 164, NULL, 0, NULL, 0 },
    { IX_HUNK_CODE, 0x00104A88, 1156, ix_program_h4, 1156, ix_program_h4_rel, 97 },
    { IX_HUNK_DATA, 0x00104F0C, 44, ix_program_h5, 44, NULL, 0 },
    { IX_HUNK_DATA, 0x00104F38, 100, ix_program_h6, 100, NULL, 0 },
    { IX_HUNK_BSS, 0x00104F9C, 512, NULL, 0, NULL, 0 },
    { IX_HUNK_CODE, 0x0010519C, 2756, ix_program_h8, 2756, ix_program_h8_rel, 276 },
    { IX_HUNK_BSS, 0x00105C60, 520, NULL, 0, NULL, 0 },
    { IX_HUNK_CODE, 0x00105E68, 3604, ix_program_h10, 3604, ix_program_h10_rel, 149 },
    { IX_HUNK_BSS, 0x00106C7C, 6328, NULL, 0, NULL, 0 },
    { IX_HUNK_CODE, 0x00108534, 916, ix_program_h12, 916, ix_program_h12_rel, 86 },
    { IX_HUNK_CODE, 0x001088C8, 3136, ix_program_h13, 3136, ix_program_h13_rel, 132 },
    { IX_HUNK_DATA, 0x00109508, 24, ix_program_h14, 24, ix_program_h14_rel, 1 },
    { IX_HUNK_CODE, 0x00109520, 1676, ix_program_h15, 1676, ix_program_h15_rel, 70 },
    { IX_HUNK_DATA, 0x00109BAC, 328, ix_program_h16, 328, ix_program_h16_rel, 4 },
    { IX_HUNK_BSS, 0x00109CF4, 20, NULL, 0, NULL, 0 },
    { IX_HUNK_CODE, 0x00109D08, 2184, ix_program_h18, 2184, ix_program_h18_rel, 156 },
    { IX_HUNK_BSS, 0x0010A590, 2752, NULL, 0, NULL, 0 },
    { IX_HUNK_CODE, 0x0010B050, 1540, ix_program_h20, 1540, ix_program_h20_rel, 74 },
    { IX_HUNK_CODE, 0x0010B654, 2440, ix_program_h21, 2440, ix_program_h21_rel, 96 },
    { IX_HUNK_DATA, 0x0010BFDC, 12, ix_program_h22, 12, NULL, 0 },
    { IX_HUNK_CODE, 0x0010BFE8, 1856, ix_program_h23, 1856, ix_program_h23_rel, 66 },
    { IX_HUNK_DATA, 0x0010C728, 28, ix_program_h24, 28, NULL, 0 },
    { IX_HUNK_CODE, 0x0010C744, 1064, ix_program_h25, 1064, ix_program_h25_rel, 45 },
    { IX_HUNK_DATA, 0x0010CB6C, 1124, ix_program_h26, 1124, ix_program_h26_rel, 10 },
    { IX_HUNK_BSS, 0x0010CFD0, 45744, NULL, 0, NULL, 0 },
    { IX_HUNK_DATA, 0x00118280, 1024, ix_program_h28, 1024, NULL, 0 },
    { IX_HUNK_CODE, 0x00118680, 2028, ix_program_h29, 2028, ix_program_h29_rel, 74 },
    { IX_HUNK_DATA, 0x00118E6C, 332, ix_program_h30, 332, ix_program_h30_rel, 1 },
    { IX_HUNK_CODE, 0x00118FB8, 3036, ix_program_h31, 3036, ix_program_h31_rel, 239 },
    { IX_HUNK_DATA, 0x00119B94, 180, ix_program_h32, 180, NULL, 0 },
    { IX_HUNK_BSS, 0x00119C48, 3940, NULL, 0, NULL, 0 },
};

static const uint32_t ix_program_script_list[36] = {
    0x00101C2C,  /* LAB_00D2 */
    0x00101DE2,  /* LAB_00D3 */
    0x001024D8,  /* LAB_00D4 */
    0x00102A08,  /* LAB_00D5 */
    0x00102D28,  /* LAB_00D6 */
    0x00102DA4,  /* LAB_00D7 */
    0x00102FE8,  /* LAB_00D8 */
    0x001033A6,  /* LAB_00D9 */
    0x00103486,  /* LAB_00DA */
    0x00103512,  /* LAB_00DB */
    0x00103538,  /* LAB_00DC */
    0x0010355E,  /* LAB_00DD */
    0x0010358A,  /* LAB_00DE */
    0x00103766,  /* LAB_00DF */
    0x0010378C,  /* LAB_00E0 */
    0x001038EA,  /* LAB_00E1 */
    0x00103A36,  /* LAB_00E2 */
    0x00103A5C,  /* LAB_00E3 */
    0x00103B5C,  /* LAB_00E4 */
    0x00103B6A,  /* LAB_00E5 */
    0x00103C00,  /* LAB_00E6 */
    0x00103CA2,  /* LAB_00E7 */
    0x00104010,  /* LAB_00E8 */
    0x0010411C,  /* LAB_00E9 */
    0x001041DC,  /* LAB_00EA */
    0x001041F6,  /* LAB_00EB */
    0x0010434C,  /* LAB_00EC */
    0x001043C2,  /* LAB_00ED */
    0x001044B2,  /* LAB_00EE */
    0x0010CEC6,  /* LAB_051F */
    0x0010CED0,  /* LAB_0520 */
    0x0010CEE2,  /* LAB_0521 */
    0x0010CEFC,  /* LAB_0522 */
    0x0010CF1E,  /* LAB_0523 */
    0x0010CF40,  /* LAB_0524 */
    0x0010CF62,  /* LAB_0525 */
};

const IxImage ix_program_image = {
    "program", ix_program_hunk_list, 34, 0x1ABAC,
    ix_program_script_list, 36
};
